Marital status,Application mode,Application order,Course,Daytime/evening attendance,Previous qualification,Previous qualification (grade),Nacionality,Mother's qualification,Father's qualification,Mother's occupation,Father's occupation,Admission grade,Displaced,Educational special needs,Debtor,Tuition fees up to date,Gender,Scholarship holder,Age at enrollment,International,Curricular units 1st sem (credited),Curricular units 1st sem (enrolled),Curricular units 1st sem (evaluations),Curricular units 1st sem (approved),Curricular units 1st sem (grade),Curricular units 1st sem (without evaluations),Curricular units 2nd sem (credited),Curricular units 2nd sem (enrolled),Curricular units 2nd sem (evaluations),Curricular units 2nd sem (approved),Curricular units 2nd sem (grade),Curricular units 2nd sem (without evaluations),Unemployment rate,Inflation rate,GDP,Target,Pass_Rate_Sem1,Pass_Rate_Sem2,Academic_Momentum,Academic_Fatigue,Grade_Trend,Avg_Grade,Total_Approved,Overall_Pass_Rate,Load_Change,Zero_Activity_Sem2,Financial_Stress,Dropout_Risk,Credit_Completion,Grade_x_PassRate,Sem2_Intensity,Enrollment_Stability,Active_No_Graduate
1,17,5,171,1,1,122.0,1,19,12,5,9,127.3,1,0,0,1,1,0,20,0,0,0,0,0,0.0,0,0,0,0,0,0.0,0,10.8,1.4,1.74,0,0.0,0.0,0.0,0.0,0.0,0.0,0,0.0,0,1,1,3.0,0.0,0.0,0.0,1.0,0
1,15,1,9254,1,1,160.0,1,1,3,3,3,142.5,1,0,0,0,1,0,19,0,0,6,6,6,14.0,0,0,6,6,6,13.666666666666666,0,13.9,-0.3,0.79,2,1.0,1.0,1.0,0.0,-0.3333333333333339,13.833333333333332,12,1.0,0,0,2,2.0,1.0,13.833333333333332,6.0,1.0,1
1,1,5,9070,1,1,122.0,1,37,37,9,9,124.8,1,0,0,0,1,0,19,0,0,6,0,0,0.0,0,0,6,0,0,0.0,0,10.8,1.4,1.74,0,0.0,0.0,0.0,0.0,0.0,0.0,0,0.0,0,0,2,3.0,0.0,0.0,0.0,1.0,1
1,17,2,9773,1,1,122.0,1,38,37,5,3,119.6,1,0,0,1,0,0,20,0,0,6,8,6,13.428571428571429,0,0,6,10,5,12.4,0,9.4,-0.8,-3.12,2,1.0,0.8333333333333334,0.8333333333333334,-0.16666666666666663,-1.0285714285714285,12.914285714285715,11,0.9166666666666666,0,0,1,1.1666666666666665,0.9166666666666666,11.838095238095239,5.0,0.8333333333333334,1
2,39,1,8014,0,1,100.0,1,37,38,9,9,141.5,0,0,0,1,0,0,45,0,0,6,9,5,12.333333333333334,0,0,6,6,6,13.0,0,13.9,-0.3,0.79,2,0.8333333333333334,1.0,0.8333333333333334,0.16666666666666663,0.6666666666666661,12.666666666666668,11,0.9166666666666666,0,0,1,1.0,0.9166666666666666,11.611111111111112,6.0,0.8333333333333334,1
2,39,1,9991,0,19,133.1,1,37,37,9,7,114.8,0,0,1,1,1,0,50,0,0,5,10,5,11.857142857142858,0,0,5,17,5,11.5,5,16.2,0.3,-0.92,2,1.0,1.0,1.0,0.0,-0.35714285714285765,11.678571428571429,10,1.0,0,0,2,2.0,1.0,11.678571428571429,5.0,1.0,1
1,1,1,9500,1,1,142.0,1,19,38,7,10,128.4,1,0,0,1,0,1,18,0,0,7,9,7,13.3,0,0,8,8,8,14.345,0,15.5,2.8,-4.06,2,1.0,1.0,1.0,0.0,1.045,13.822500000000002,15,1.0,1,0,0,0.0,1.0,13.822500000000002,8.0,1.0,1
1,18,4,9254,1,1,119.0,1,37,37,9,9,113.1,1,0,0,0,1,0,22,0,0,5,5,0,0.0,0,0,5,5,0,0.0,0,15.5,2.8,-4.06,0,0.0,0.0,0.0,0.0,0.0,0.0,0,0.0,0,0,2,3.0,0.0,0.0,0.0,1.0,1
1,1,3,9238,1,1,137.0,62,1,1,9,9,129.3,0,0,0,1,0,1,21,1,0,6,8,6,13.875,0,0,6,7,6,14.142857142857142,0,16.2,0.3,-0.92,2,1.0,1.0,1.0,0.0,0.26785714285714235,14.008928571428571,12,1.0,0,0,0,0.0,1.0,14.008928571428571,6.0,1.0,1
1,1,1,9238,1,1,138.0,1,1,19,4,7,123.0,1,0,1,0,0,0,18,0,0,6,9,5,11.4,0,0,6,14,2,13.5,0,8.9,1.4,3.51,0,0.8333333333333334,0.3333333333333333,0.2777777777777778,-0.5,2.0999999999999996,12.45,7,0.5833333333333334,0,0,3,3.666666666666667,0.5833333333333334,7.2625,2.0,0.5,1
1,1,1,9670,1,1,139.0,1,38,19,5,7,130.6,1,0,0,1,0,0,18,0,0,6,6,6,12.333333333333334,0,0,6,7,5,14.2,0,13.9,-0.3,0.79,2,1.0,0.8333333333333334,0.8333333333333334,-0.16666666666666663,1.8666666666666654,13.266666666666666,11,0.9166666666666666,0,0,1,1.1666666666666665,0.9166666666666666,12.16111111111111,5.0,0.8333333333333334,1
1,1,1,9500,1,1,136.0,1,19,38,9,9,119.3,1,0,0,1,0,1,18,0,0,8,8,7,13.214285714285714,0,0,8,8,7,13.214285714285714,0,12.7,3.7,-1.7,2,0.875,0.875,0.765625,0.0,0.0,13.214285714285714,14,0.875,0,0,0,0.125,0.875,11.5625,7.0,1.0,1
1,1,2,9853,1,1,133.0,1,19,37,4,9,130.2,1,0,0,1,0,0,19,0,0,6,6,0,0.0,0,0,6,0,0,0.0,0,12.7,3.7,-1.7,0,0.0,0.0,0.0,0.0,0.0,0.0,0,0.0,0,0,1,2.0,0.0,0.0,0.0,1.0,1
1,53,1,9254,1,42,110.0,1,1,1,4,7,111.8,1,0,0,1,0,1,21,0,0,6,7,6,10.571428571428571,0,0,6,8,5,11.0,0,8.9,1.4,3.51,2,1.0,0.8333333333333334,0.8333333333333334,-0.16666666666666663,0.4285714285714288,10.785714285714285,11,0.9166666666666666,0,0,0,0.16666666666666663,0.9166666666666666,9.886904761904761,5.0,0.8333333333333334,1
1,1,1,9085,1,1,149.0,1,38,37,5,5,137.1,1,0,0,1,0,1,18,0,0,5,7,4,13.25,0,0,5,5,5,12.0,0,10.8,1.4,1.74,2,0.8,1.0,0.8,0.19999999999999996,-1.25,12.625,9,0.9,0,0,0,0.0,0.9,11.3625,5.0,0.8,1
1,1,1,9773,1,1,127.0,1,19,37,9,3,120.7,1,0,0,1,0,0,20,0,0,6,6,5,13.2,0,0,6,7,0,0.0,0,15.5,2.8,-4.06,0,0.8333333333333334,0.0,0.0,-0.8333333333333334,-13.2,6.6,5,0.4166666666666667,0,0,1,2.0,0.4166666666666667,2.75,0.0,0.16666666666666663,1
1,18,1,9238,1,1,137.0,1,19,38,5,8,137.4,1,0,0,1,0,0,18,0,0,6,10,1,12.0,0,0,6,14,2,11.0,0,10.8,1.4,1.74,1,0.16666666666666666,0.3333333333333333,0.05555555555555555,0.16666666666666666,-1.0,11.5,3,0.25,0,0,1,1.6666666666666667,0.25,2.875,2.0,0.8333333333333334,1
1,17,2,9500,1,1,135.0,1,19,1,5,4,127.3,1,0,0,1,0,0,18,0,0,7,8,7,13.30625,0,0,8,8,8,14.545,0,15.5,2.8,-4.06,2,1.0,1.0,1.0,0.0,1.2387499999999996,13.925625,15,1.0,1,0,1,1.0,1.0,13.925625,8.0,1.0,1
1,1,1,9130,1,1,137.0,1,3,19,3,5,136.3,1,0,0,1,0,0,20,0,0,5,8,4,12.5,1,0,5,8,4,12.25,2,10.8,1.4,1.74,2,0.8,0.8,0.6400000000000001,0.0,-0.25,12.375,8,0.8,0,0,1,1.2,0.8,9.9,4.0,1.0,1
1,1,3,171,1,1,122.0,1,1,1,9,8,120.3,0,0,0,1,0,1,21,0,0,0,0,0,0.0,0,0,0,0,0,0.0,0,11.1,0.6,2.02,2,0.0,0.0,0.0,0.0,0.0,0.0,0,0.0,0,1,0,2.0,0.0,0.0,0.0,1.0,0
1,1,4,9500,1,1,142.0,1,19,19,1,1,125.5,1,0,0,1,0,0,18,0,0,8,12,7,12.857142857142858,0,0,8,12,7,12.857142857142858,0,12.7,3.7,-1.7,2,0.875,0.875,0.765625,0.0,0.0,12.857142857142858,14,0.875,0,0,1,1.125,0.875,11.25,7.0,1.0,1
1,1,4,9670,1,1,125.0,1,1,38,4,7,114.9,1,0,0,1,0,1,19,0,0,6,8,6,13.375,0,0,6,7,6,12.285714285714286,0,11.1,0.6,2.02,2,1.0,1.0,1.0,0.0,-1.0892857142857135,12.830357142857142,12,1.0,0,0,0,0.0,1.0,12.830357142857142,6.0,1.0,1
1,1,1,9500,1,1,126.0,1,19,19,3,7,123.9,0,0,0,1,0,0,19,0,0,7,8,6,13.296666666666669,0,0,8,9,7,14.114285714285714,0,11.1,0.6,2.02,2,0.8571428571428571,0.875,0.75,0.017857142857142905,0.8176190476190452,13.70547619047619,13,0.8666666666666667,1,0,1,1.125,0.8666666666666667,11.878079365079365,7.0,0.9821428571428571,1
1,17,2,9238,1,1,115.0,1,19,38,7,8,116.4,1,0,0,1,0,0,21,0,0,6,9,6,11.375,0,0,6,9,6,13.285714285714286,0,16.2,0.3,-0.92,2,1.0,1.0,1.0,0.0,1.9107142857142865,12.330357142857142,12,1.0,0,0,1,1.0,1.0,12.330357142857142,6.0,1.0,1
1,1,1,9147,1,1,135.0,1,19,1,9,9,122.1,1,0,0,1,0,0,20,0,0,5,6,5,12.0,0,0,5,6,5,12.333333333333334,0,16.2,0.3,-0.92,2,1.0,1.0,1.0,0.0,0.3333333333333339,12.166666666666668,10,1.0,0,0,1,1.0,1.0,12.166666666666668,5.0,1.0,1
1,44,1,9003,1,39,150.0,1,4,5,4,2,150.0,0,0,0,1,1,0,21,0,0,6,15,5,11.857142857142858,0,0,6,17,5,10.571428571428571,0,16.2,0.3,-0.92,1,0.8333333333333334,0.8333333333333334,0.6944444444444445,0.0,-1.2857142857142865,11.214285714285715,10,0.8333333333333334,0,0,1,1.1666666666666665,0.8333333333333334,9.345238095238097,5.0,1.0,1
1,51,1,9070,1,1,125.0,1,42,3,125,124,130.0,1,0,0,1,1,0,20,0,2,6,7,6,12.833333333333334,0,0,6,9,4,13.4,0,8.9,1.4,3.51,2,1.0,0.6666666666666666,0.6666666666666666,-0.33333333333333337,0.5666666666666664,13.116666666666667,10,0.8333333333333334,0,0,1,1.3333333333333335,0.8333333333333334,10.930555555555557,4.0,0.6666666666666666,1
1,1,1,9147,1,1,143.0,1,1,1,4,6,138.8,0,0,0,0,1,0,18,0,0,5,9,3,11.333333333333334,0,0,5,8,2,13.5,0,8.9,1.4,3.51,1,0.6,0.4,0.24,-0.19999999999999996,2.166666666666666,12.416666666666668,5,0.5,0,0,2,2.6,0.5,6.208333333333334,2.0,0.8,1
1,18,1,8014,0,1,138.0,1,19,1,9,5,134.5,1,0,0,1,0,0,19,0,0,6,6,6,12.666666666666666,0,0,6,8,6,14.375,0,12.4,0.5,1.79,2,1.0,1.0,1.0,0.0,1.708333333333334,13.520833333333332,12,1.0,0,0,1,1.0,1.0,13.520833333333332,6.0,1.0,1
1,1,1,9991,0,1,130.0,1,2,37,3,9,131.4,0,0,0,1,1,0,34,0,0,5,6,5,12.4,0,0,5,9,5,13.428571428571429,0,13.9,-0.3,0.79,2,1.0,1.0,1.0,0.0,1.0285714285714285,12.914285714285715,10,1.0,0,0,1,1.0,1.0,12.914285714285715,5.0,1.0,1
1,39,1,33,1,1,130.0,1,38,37,9,6,102.5,0,0,1,0,1,0,37,0,0,7,7,0,0.0,0,0,7,7,1,10.0,0,8.9,1.4,3.51,0,0.0,0.14285714285714285,0.0,0.14285714285714285,10.0,5.0,1,0.07142857142857142,0,0,3,3.857142857142857,0.07142857142857142,0.3571428571428571,1.0,0.8571428571428572,1
1,39,1,9119,1,10,133.1,1,34,37,0,0,128.8,1,0,0,1,1,0,43,0,0,5,0,0,0.0,0,0,5,0,0,0.0,0,7.6,2.6,0.32,0,0.0,0.0,0.0,0.0,0.0,0.0,0,0.0,0,0,1,2.0,0.0,0.0,0.0,1.0,1
1,43,1,9147,1,1,140.0,1,37,37,6,6,122.9,0,0,0,1,0,0,55,0,0,5,10,1,10.0,0,0,5,8,2,12.0,2,16.2,0.3,-0.92,0,0.2,0.4,0.08000000000000002,0.2,2.0,11.0,3,0.3,0,0,1,1.6,0.3,3.3,2.0,0.8,1
4,39,1,9991,0,1,120.0,1,19,19,9,3,113.9,1,0,0,1,0,0,39,0,0,5,8,5,11.0,0,0,5,5,5,11.6,0,7.6,2.6,0.32,2,1.0,1.0,1.0,0.0,0.5999999999999996,11.3,10,1.0,0,0,1,1.0,1.0,11.3,5.0,1.0,1
1,44,1,9130,1,39,120.0,6,4,4,3,6,120.0,0,0,1,0,0,0,20,1,2,6,13,3,11.666666666666666,0,1,6,11,3,12.0,0,12.4,0.5,1.79,0,0.5,0.5,0.25,0.0,0.3333333333333339,11.833333333333332,6,0.5,0,0,3,3.5,0.5,5.916666666666666,3.0,1.0,1
1,1,5,9773,1,1,126.0,1,3,3,2,2,121.1,0,0,1,1,0,0,18,0,0,6,6,4,12.75,0,0,5,5,0,0.0,0,12.7,3.7,-1.7,0,0.6666666666666666,0.0,0.0,-0.6666666666666666,-12.75,6.375,4,0.36363636363636365,-1,0,2,3.0,0.36363636363636365,2.3181818181818183,0.0,0.33333333333333337,1
1,1,2,9147,1,1,133.0,1,3,19,2,7,120.4,1,0,0,1,0,0,22,0,0,5,5,5,14.8,0,0,5,5,5,15.8,0,8.9,1.4,3.51,2,1.0,1.0,1.0,0.0,1.0,15.3,10,1.0,0,0,1,1.0,1.0,15.3,5.0,1.0,1
1,1,6,9500,1,1,103.0,1,1,3,2,2,100.6,1,1,0,1,0,0,22,0,0,7,9,5,13.928,0,0,8,9,7,14.342857142857142,0,11.1,0.6,2.02,2,0.7142857142857143,0.875,0.625,0.1607142857142857,0.4148571428571408,14.135428571428571,12,0.8,1,0,1,1.125,0.8,11.308342857142858,7.0,0.8392857142857143,1
1,39,1,9991,0,1,133.1,1,37,37,9,9,109.7,0,0,0,1,0,0,29,0,0,5,0,0,0.0,0,0,5,0,0,0.0,0,16.2,0.3,-0.92,0,0.0,0.0,0.0,0.0,0.0,0.0,0,0.0,0,0,1,2.0,0.0,0.0,0.0,1.0,1
1,17,1,9991,0,1,154.0,1,38,38,4,5,134.1,0,0,0,1,0,0,24,0,0,5,9,2,11.5,0,0,5,11,3,14.333333333333334,1,7.6,2.6,0.32,1,0.4,0.6,0.24,0.19999999999999996,2.833333333333334,12.916666666666668,5,0.5,0,0,1,1.4,0.5,6.458333333333334,3.0,0.8,1
1,17,2,9238,1,1,130.0,1,19,19,9,9,127.6,1,0,0,1,0,0,18,0,0,6,6,6,11.666666666666666,0,0,6,8,5,13.2,0,11.1,0.6,2.02,2,1.0,0.8333333333333334,0.8333333333333334,-0.16666666666666663,1.5333333333333332,12.433333333333334,11,0.9166666666666666,0,0,1,1.1666666666666665,0.9166666666666666,11.397222222222222,5.0,0.8333333333333334,1
1,17,6,9500,1,1,132.0,1,37,19,7,7,132.4,1,0,0,1,0,1,22,0,0,7,8,6,13.516666666666666,0,0,8,9,7,13.771428571428572,0,11.1,0.6,2.02,2,0.8571428571428571,0.875,0.75,0.017857142857142905,0.2547619047619065,13.644047619047619,13,0.8666666666666667,1,0,0,0.125,0.8666666666666667,11.82484126984127,7.0,0.9821428571428571,1
1,44,1,8014,0,39,130.0,1,1,19,9,9,133.4,0,0,0,1,0,1,21,0,3,6,6,6,11.5,0,2,6,7,6,13.285714285714286,0,12.4,0.5,1.79,2,1.0,1.0,1.0,0.0,1.7857142857142865,12.392857142857142,12,1.0,0,0,0,0.0,1.0,12.392857142857142,6.0,1.0,1
1,1,1,9238,1,1,139.0,1,37,38,9,9,126.1,0,0,0,1,0,1,19,0,0,6,7,5,12.333333333333334,0,0,6,7,6,12.833333333333334,0,12.7,3.7,-1.7,2,0.8333333333333334,1.0,0.8333333333333334,0.16666666666666663,0.5,12.583333333333334,11,0.9166666666666666,0,0,0,0.0,0.9166666666666666,11.534722222222221,6.0,0.8333333333333334,1
1,39,1,9254,1,1,130.0,1,19,38,9,7,113.5,0,0,0,1,0,1,24,0,0,6,6,6,13.666666666666666,0,0,6,6,6,14.166666666666666,0,12.4,0.5,1.79,2,1.0,1.0,1.0,0.0,0.5,13.916666666666666,12,1.0,0,0,0,0.0,1.0,13.916666666666666,6.0,1.0,1
1,1,1,9773,1,1,127.0,1,1,19,7,7,121.8,1,0,0,1,0,1,20,0,0,6,11,4,14.0,0,0,6,12,3,11.0,0,9.4,-0.8,-3.12,1,0.6666666666666666,0.5,0.3333333333333333,-0.16666666666666663,-3.0,12.5,7,0.5833333333333334,0,0,0,0.5,0.5833333333333334,7.291666666666667,3.0,0.8333333333333334,1
1,1,3,9130,1,1,167.0,1,37,37,90,90,159.3,0,0,0,1,0,0,19,0,0,5,7,5,14.714285714285714,0,0,5,5,5,15.8,0,7.6,2.6,0.32,2,1.0,1.0,1.0,0.0,1.0857142857142872,15.257142857142856,10,1.0,0,0,1,1.0,1.0,15.257142857142856,5.0,1.0,1
1,1,1,9500,1,1,130.0,1,1,19,5,5,129.1,1,0,0,1,0,0,18,0,0,7,9,7,13.044444444444444,0,0,8,10,8,13.595,0,15.5,2.8,-4.06,2,1.0,1.0,1.0,0.0,0.5505555555555564,13.319722222222222,15,1.0,1,0,1,1.0,1.0,13.319722222222222,8.0,1.0,1
2,7,1,9254,1,3,130.0,1,1,3,4,3,130.0,0,0,0,1,0,0,39,0,0,6,10,0,0.0,0,0,6,6,0,0.0,0,12.4,0.5,1.79,0,0.0,0.0,0.0,0.0,0.0,0.0,0,0.0,0,0,1,2.0,0.0,0.0,0.0,1.0,1
1,17,1,9500,1,1,141.0,1,38,38,7,10,139.8,1,0,0,1,0,0,18,0,0,8,8,8,14.935,0,0,8,8,8,14.935,0,9.4,-0.8,-3.12,2,1.0,1.0,1.0,0.0,0.0,14.935,16,1.0,0,0,1,1.0,1.0,14.935,8.0,1.0,1
1,1,2,9500,1,1,125.0,1,19,19,9,9,114.9,0,0,0,1,0,0,18,0,0,7,8,6,13.133333333333333,0,0,8,12,7,12.221428571428572,0,16.2,0.3,-0.92,2,0.8571428571428571,0.875,0.75,0.017857142857142905,-0.9119047619047613,12.677380952380952,13,0.8666666666666667,1,0,1,1.125,0.8666666666666667,10.987063492063493,7.0,0.9821428571428571,1
1,44,1,9238,1,39,130.0,1,19,1,9,9,131.9,0,0,0,1,0,1,21,0,3,6,7,6,12.0,0,2,6,7,6,12.0,0,13.9,-0.3,0.79,2,1.0,1.0,1.0,0.0,0.0,12.0,12,1.0,0,0,0,0.0,1.0,12.0,6.0,1.0,1
1,17,1,9070,1,1,127.0,1,1,1,3,4,130.2,1,0,0,1,1,0,19,0,0,6,6,5,11.4,0,0,6,8,1,10.0,0,10.8,1.4,1.74,1,0.8333333333333334,0.16666666666666666,0.1388888888888889,-0.6666666666666667,-1.4000000000000004,10.7,6,0.5,0,0,1,1.8333333333333335,0.5,5.35,1.0,0.33333333333333326,1
4,42,1,9500,1,19,133.1,1,1,1,5,5,126.0,1,0,0,1,1,0,29,0,2,7,10,5,11.9,0,1,8,10,5,11.0,0,13.9,-0.3,0.79,0,0.7142857142857143,0.625,0.44642857142857145,-0.0892857142857143,-0.9000000000000004,11.45,10,0.6666666666666666,1,0,1,1.375,0.6666666666666666,7.633333333333333,5.0,0.9107142857142857,1
1,1,3,171,1,1,139.0,1,19,19,5,3,128.2,1,0,0,1,1,1,19,0,0,0,0,0,0.0,0,0,0,0,0,0.0,0,10.8,1.4,1.74,2,0.0,0.0,0.0,0.0,0.0,0.0,0,0.0,0,1,0,2.0,0.0,0.0,0.0,1.0,0
1,44,1,9003,1,39,130.0,1,19,37,9,9,130.0,1,0,0,1,1,0,23,0,0,6,8,6,12.571428571428571,0,0,6,7,6,12.428571428571429,0,8.9,1.4,3.51,2,1.0,1.0,1.0,0.0,-0.14285714285714235,12.5,12,1.0,0,0,1,1.0,1.0,12.5,6.0,1.0,1
1,17,1,9147,1,1,148.0,1,38,37,5,5,134.0,0,0,0,1,1,0,18,0,0,5,9,0,0.0,0,0,5,5,0,0.0,0,7.6,2.6,0.32,1,0.0,0.0,0.0,0.0,0.0,0.0,0,0.0,0,0,1,2.0,0.0,0.0,0.0,1.0,1
1,17,1,9500,1,1,150.0,1,37,19,8,4,130.8,0,0,0,1,1,0,24,0,0,7,8,7,11.975,0,0,8,8,8,13.75,0,13.9,-0.3,0.79,2,1.0,1.0,1.0,0.0,1.7750000000000004,12.8625,15,1.0,1,0,1,1.0,1.0,12.8625,8.0,1.0,1
1,1,1,171,1,1,141.0,1,19,19,5,10,135.8,1,0,0,1,1,0,19,0,0,0,0,0,0.0,0,0,0,0,0,0.0,0,15.5,2.8,-4.06,0,0.0,0.0,0.0,0.0,0.0,0.0,0,0.0,0,1,1,3.0,0.0,0.0,0.0,1.0,0
1,17,4,9254,1,1,118.0,1,38,37,5,7,111.7,1,0,0,1,1,0,18,0,0,6,12,3,11.666666666666666,0,0,6,12,1,12.0,0,12.4,0.5,1.79,0,0.5,0.16666666666666666,0.08333333333333333,-0.33333333333333337,0.3333333333333339,11.833333333333332,4,0.3333333333333333,0,0,1,1.8333333333333335,0.3333333333333333,3.9444444444444438,1.0,0.6666666666666666,1
1,17,3,9147,1,1,120.0,1,19,19,4,7,115.5,1,0,1,1,1,0,18,0,0,5,8,3,10.333333333333334,0,0,5,11,3,10.857142857142858,0,10.8,1.4,1.74,0,0.6,0.6,0.36,0.0,0.5238095238095237,10.595238095238095,6,0.6,0,0,2,2.4,0.6,6.357142857142857,3.0,1.0,1
1,18,4,9254,1,1,106.0,1,19,37,7,7,106.0,1,0,0,1,1,1,21,0,0,6,8,4,10.5,0,0,6,11,1,11.0,0,9.4,-0.8,-3.12,0,0.6666666666666666,0.16666666666666666,0.1111111111111111,-0.5,0.5,10.75,5,0.4166666666666667,0,0,0,0.8333333333333334,0.4166666666666667,4.479166666666667,1.0,0.5,1
1,17,4,9773,1,1,121.0,1,1,19,9,8,120.3,1,0,1,1,1,1,19,0,0,6,6,6,13.666666666666666,0,0,6,6,6,13.333333333333334,0,8.9,1.4,3.51,2,1.0,1.0,1.0,0.0,-0.33333333333333215,13.5,12,1.0,0,0,1,1.0,1.0,13.5,6.0,1.0,1
1,17,4,9500,1,1,150.0,1,38,37,9,9,130.8,0,0,0,1,1,1,22,0,0,7,7,7,14.842857142857142,0,0,8,9,8,15.055555555555555,0,16.2,0.3,-0.92,2,1.0,1.0,1.0,0.0,0.21269841269841372,14.94920634920635,15,1.0,1,0,0,0.0,1.0,14.94920634920635,8.0,1.0,1
2,39,1,8014,0,1,120.0,1,37,37,9,6,117.0,0,0,0,1,1,0,33,0,0,6,8,6,12.0,0,0,6,6,6,11.666666666666666,0,10.8,1.4,1.74,2,1.0,1.0,1.0,0.0,-0.3333333333333339,11.833333333333332,12,1.0,0,0,1,1.0,1.0,11.833333333333332,6.0,1.0,1
1,39,1,9991,0,2,140.0,1,3,3,2,2,155.7,1,0,0,1,1,0,35,0,0,1,1,0,0.0,1,0,5,0,0,0.0,0,10.8,1.4,1.74,0,0.0,0.0,0.0,0.0,0.0,0.0,0,0.0,4,0,1,2.0,0.0,0.0,0.0,1.0,1
1,17,1,9254,1,1,120.0,1,19,19,4,4,125.5,0,0,0,1,1,0,18,0,0,5,6,5,12.0,0,0,5,8,3,11.333333333333334,0,12.7,3.7,-1.7,1,1.0,0.6,0.6,-0.4,-0.6666666666666661,11.666666666666668,8,0.8,0,0,1,1.4,0.8,9.333333333333334,3.0,0.6,1
2,39,1,8014,0,1,130.0,1,37,37,9,6,110.0,1,0,0,1,0,0,33,0,0,6,7,6,11.0,0,0,6,11,5,11.0,0,9.4,-0.8,-3.12,2,1.0,0.8333333333333334,0.8333333333333334,-0.16666666666666663,0.0,11.0,11,0.9166666666666666,0,0,1,1.1666666666666665,0.9166666666666666,10.083333333333332,5.0,0.8333333333333334,1
1,42,1,9500,1,1,160.0,1,37,38,9,7,161.0,1,0,0,1,0,1,22,0,0,8,8,7,13.08,0,0,8,8,7,13.08,0,10.8,1.4,1.74,2,0.875,0.875,0.765625,0.0,0.0,13.08,14,0.875,0,0,0,0.125,0.875,11.445,7.0,1.0,1
1,39,1,9670,1,1,120.0,1,1,19,4,5,100.0,0,0,0,1,0,1,25,0,0,5,7,4,10.5,0,0,5,7,5,11.6,0,9.4,-0.8,-3.12,2,0.8,1.0,0.8,0.19999999999999996,1.0999999999999996,11.05,9,0.9,0,0,0,0.0,0.9,9.945,5.0,0.8,1
1,17,1,9070,1,1,124.0,1,19,38,4,0,117.6,1,0,0,1,1,0,20,0,0,6,9,6,10.666666666666666,1,0,6,6,5,11.2,0,7.6,2.6,0.32,2,1.0,0.8333333333333334,0.8333333333333334,-0.16666666666666663,0.5333333333333332,10.933333333333334,11,0.9166666666666666,0,0,1,1.1666666666666665,0.9166666666666666,10.022222222222222,5.0,0.8333333333333334,1
1,39,1,9500,1,1,133.1,1,1,1,4,10,100.8,0,0,0,1,1,0,24,0,0,7,18,0,0.0,0,0,7,7,0,0.0,0,13.9,-0.3,0.79,0,0.0,0.0,0.0,0.0,0.0,0.0,0,0.0,0,0,1,2.0,0.0,0.0,0.0,1.0,1
1,17,2,9773,1,1,133.1,41,19,1,9,9,105.0,1,0,0,0,0,0,21,1,0,6,6,6,14.0,0,0,6,6,6,13.5,0,8.9,1.4,3.51,2,1.0,1.0,1.0,0.0,-0.5,13.75,12,1.0,0,0,2,2.0,1.0,13.75,6.0,1.0,1
1,15,1,9130,1,1,133.1,41,1,1,4,4,100.0,0,0,0,1,0,0,26,1,0,6,7,2,12.0,1,0,6,6,0,0.0,0,8.9,1.4,3.51,0,0.3333333333333333,0.0,0.0,-0.3333333333333333,-12.0,6.0,2,0.16666666666666666,0,0,1,2.0,0.16666666666666666,1.0,0.0,0.6666666666666667,1
2,39,1,9853,1,10,133.1,1,37,34,0,0,115.5,0,0,0,1,0,0,39,0,0,6,12,3,12.666666666666666,0,0,6,14,0,0.0,1,7.6,2.6,0.32,0,0.5,0.0,0.0,-0.5,-12.666666666666666,6.333333333333333,3,0.25,0,0,1,2.0,0.25,1.5833333333333333,0.0,0.5,1
2,39,1,8014,0,1,133.1,1,37,19,9,9,114.0,0,0,0,1,0,0,44,0,2,8,11,8,11.875,0,0,6,7,6,12.333333333333334,0,12.7,3.7,-1.7,2,1.0,1.0,1.0,0.0,0.4583333333333339,12.104166666666668,14,1.0,-2,0,1,1.0,1.0,12.104166666666668,6.0,1.0,1
1,1,5,9773,1,1,135.0,1,37,1,5,5,124.9,1,0,0,1,0,0,18,0,0,6,6,6,13.666666666666666,0,0,6,6,6,13.333333333333334,0,8.9,1.4,3.51,2,1.0,1.0,1.0,0.0,-0.33333333333333215,13.5,12,1.0,0,0,1,1.0,1.0,13.5,6.0,1.0,1
1,1,5,9500,1,1,132.0,1,37,37,7,7,120.3,1,0,0,1,0,1,18,0,0,7,7,7,13.75,0,0,8,9,8,14.47777777777778,0,12.4,0.5,1.79,2,1.0,1.0,1.0,0.0,0.7277777777777796,14.11388888888889,15,1.0,1,0,0,0.0,1.0,14.11388888888889,8.0,1.0,1
1,1,4,9500,1,1,115.0,1,3,3,2,2,111.5,1,0,1,0,0,0,19,0,0,7,10,4,11.96,0,0,7,7,0,0.0,0,13.9,-0.3,0.79,0,0.5714285714285714,0.0,0.0,-0.5714285714285714,-11.96,5.98,4,0.2857142857142857,0,0,3,4.0,0.2857142857142857,1.7085714285714286,0.0,0.4285714285714286,1
2,39,1,8014,0,1,130.0,1,37,37,6,5,113.5,1,0,0,1,0,0,36,0,0,6,0,0,0.0,0,0,6,0,0,0.0,0,9.4,-0.8,-3.12,0,0.0,0.0,0.0,0.0,0.0,0.0,0,0.0,0,0,1,2.0,0.0,0.0,0.0,1.0,1
4,39,1,9003,1,12,133.1,1,37,37,9,6,160.0,0,0,0,1,0,0,43,0,13,18,19,18,14.63157894736842,0,10,13,14,13,14.23076923076923,1,15.5,2.8,-4.06,2,1.0,1.0,1.0,0.0,-0.4008097165991895,14.431174089068826,31,1.0,-5,0,1,1.0,1.0,14.431174089068826,13.0,1.0,1
1,18,1,9853,1,1,123.0,1,19,19,9,7,117.4,1,0,0,1,0,0,19,0,0,6,0,0,0.0,0,0,6,0,0,0.0,0,11.1,0.6,2.02,0,0.0,0.0,0.0,0.0,0.0,0.0,0,0.0,0,0,1,2.0,0.0,0.0,0.0,1.0,1
1,51,1,9070,1,1,130.0,1,3,1,2,8,122.2,0,0,1,1,0,0,20,0,4,10,12,10,13.0,0,5,11,11,11,12.272727272727272,0,11.1,0.6,2.02,2,1.0,1.0,1.0,0.0,-0.7272727272727284,12.636363636363637,21,1.0,1,0,2,2.0,1.0,12.636363636363637,11.0,1.0,1
1,1,2,9238,1,1,122.0,1,37,38,4,7,118.2,1,0,0,1,0,0,19,0,0,6,0,0,0.0,0,0,6,0,0,0.0,0,16.2,0.3,-0.92,0,0.0,0.0,0.0,0.0,0.0,0.0,0,0.0,0,0,1,2.0,0.0,0.0,0.0,1.0,1
1,17,2,9853,1,1,133.1,1,19,1,9,3,107.0,1,0,0,1,0,0,20,0,0,7,12,6,11.666666666666666,0,0,7,10,3,13.0,0,16.2,0.3,-0.92,1,0.8571428571428571,0.42857142857142855,0.36734693877551017,-0.42857142857142855,1.333333333333334,12.333333333333332,9,0.6428571428571429,0,0,1,1.5714285714285714,0.6428571428571429,7.928571428571429,3.0,0.5714285714285714,1
1,1,1,9238,1,1,142.0,1,37,37,6,7,136.1,1,0,0,1,0,0,18,0,0,6,8,6,13.857142857142858,0,0,6,6,6,15.0,0,13.9,-0.3,0.79,2,1.0,1.0,1.0,0.0,1.1428571428571423,14.428571428571429,12,1.0,0,0,1,1.0,1.0,14.428571428571429,6.0,1.0,1
1,17,2,9147,1,1,123.0,1,1,38,4,7,115.3,1,0,0,1,0,1,18,0,0,5,9,3,13.0,0,0,5,11,3,11.0,0,8.9,1.4,3.51,1,0.6,0.6,0.36,0.0,-2.0,12.0,6,0.6,0,0,0,0.4,0.6,7.199999999999999,3.0,1.0,1
1,1,1,9085,1,1,131.0,1,19,19,9,9,139.8,1,0,0,1,0,0,19,0,0,5,6,5,13.4,0,0,5,5,5,12.8,0,10.8,1.4,1.74,2,1.0,1.0,1.0,0.0,-0.5999999999999996,13.100000000000001,10,1.0,0,0,1,1.0,1.0,13.100000000000001,5.0,1.0,1
1,1,3,9773,1,1,158.0,1,1,38,4,7,157.0,1,0,0,1,0,0,18,0,0,6,6,6,12.666666666666666,0,0,6,7,6,12.571428571428571,0,10.8,1.4,1.74,2,1.0,1.0,1.0,0.0,-0.0952380952380949,12.619047619047619,12,1.0,0,0,1,1.0,1.0,12.619047619047619,6.0,1.0,1
1,17,1,9238,1,1,154.0,1,19,37,9,7,140.4,1,0,0,1,0,1,20,0,0,6,13,2,10.0,0,0,6,12,4,10.75,0,7.6,2.6,0.32,1,0.3333333333333333,0.6666666666666666,0.2222222222222222,0.3333333333333333,0.75,10.375,6,0.5,0,0,0,0.33333333333333337,0.5,5.1875,4.0,0.6666666666666667,1
1,17,1,9147,1,1,120.0,1,19,19,3,3,113.4,0,0,0,1,0,0,20,0,0,5,11,3,10.333333333333334,0,0,5,10,3,10.666666666666666,0,12.4,0.5,1.79,1,0.6,0.6,0.36,0.0,0.33333333333333215,10.5,6,0.6,0,0,1,1.4,0.6,6.3,3.0,1.0,1
1,1,2,9085,1,1,140.0,1,37,38,9,7,137.0,0,0,0,1,0,0,18,0,0,5,12,5,13.142857142857142,2,0,5,6,5,11.4,0,9.4,-0.8,-3.12,2,1.0,1.0,1.0,0.0,-1.742857142857142,12.271428571428572,10,1.0,0,0,1,1.0,1.0,12.271428571428572,5.0,1.0,1
1,1,1,9147,1,1,127.0,1,2,19,4,5,121.8,0,0,0,1,0,0,18,0,0,5,5,5,12.6,0,0,5,5,5,14.0,0,11.1,0.6,2.02,2,1.0,1.0,1.0,0.0,1.4000000000000004,13.3,10,1.0,0,0,1,1.0,1.0,13.3,5.0,1.0,1
1,17,1,9254,1,1,133.1,1,1,1,4,5,131.0,1,0,0,1,0,0,21,0,0,6,12,3,11.0,0,0,6,12,2,11.0,0,9.4,-0.8,-3.12,0,0.5,0.3333333333333333,0.16666666666666666,-0.16666666666666669,0.0,11.0,5,0.4166666666666667,0,0,1,1.6666666666666667,0.4166666666666667,4.583333333333334,2.0,0.8333333333333333,1
1,1,2,9147,1,1,120.0,1,19,19,9,7,118.6,1,0,0,1,0,0,19,0,0,5,8,5,10.8,0,0,5,9,4,11.25,2,16.2,0.3,-0.92,2,1.0,0.8,0.8,-0.19999999999999996,0.4499999999999993,11.025,9,0.9,0,0,1,1.2,0.9,9.922500000000001,4.0,0.8,1
1,1,1,9670,1,1,131.0,1,38,38,9,9,127.9,0,0,0,1,0,1,19,0,0,5,5,5,12.8,0,0,5,5,5,14.2,0,9.4,-0.8,-3.12,2,1.0,1.0,1.0,0.0,1.3999999999999986,13.5,10,1.0,0,0,0,0.0,1.0,13.5,5.0,1.0,1
1,1,1,9085,1,1,130.0,1,19,38,4,7,121.3,1,0,0,1,0,0,19,0,0,6,15,6,14.166666666666666,0,0,6,13,6,12.2,0,15.5,2.8,-4.06,2,1.0,1.0,1.0,0.0,-1.9666666666666668,13.183333333333334,12,1.0,0,0,1,1.0,1.0,13.183333333333334,6.0,1.0,1
1,17,6,9556,1,1,122.0,1,1,1,4,5,117.1,1,0,0,1,0,0,19,0,0,7,12,5,12.1,0,0,7,0,0,0.0,0,13.9,-0.3,0.79,0,0.7142857142857143,0.0,0.0,-0.7142857142857143,-12.1,6.05,5,0.35714285714285715,0,0,1,2.0,0.35714285714285715,2.1607142857142856,0.0,0.2857142857142857,1
1,44,1,9085,1,39,160.0,1,37,37,9,9,160.0,1,0,0,1,0,0,20,0,1,6,7,6,14.166666666666666,0,1,6,17,5,13.77777777777778,0,12.4,0.5,1.79,2,1.0,0.8333333333333334,0.8333333333333334,-0.16666666666666663,-0.38888888888888573,13.972222222222223,11,0.9166666666666666,0,0,1,1.1666666666666665,0.9166666666666666,12.80787037037037,5.0,0.8333333333333334,1
1,17,3,9238,1,1,131.0,1,1,39,5,3,122.6,1,0,0,1,0,0,18,0,0,6,7,6,13.0,0,0,6,6,6,13.666666666666666,0,12.4,0.5,1.79,2,1.0,1.0,1.0,0.0,0.6666666666666661,13.333333333333332,12,1.0,0,0,1,1.0,1.0,13.333333333333332,6.0,1.0,1
1,17,6,9500,1,1,132.0,1,1,37,8,9,128.0,1,0,0,1,0,0,19,0,0,7,7,7,13.467142857142855,0,0,8,9,8,15.011111111111113,0,12.4,0.5,1.79,2,1.0,1.0,1.0,0.0,1.5439682539682575,14.239126984126983,15,1.0,1,0,1,1.0,1.0,14.239126984126983,8.0,1.0,1
1,17,2,9070,1,1,130.0,1,37,37,9,9,123.7,1,0,0,1,0,0,18,0,0,6,6,6,12.333333333333334,0,0,6,6,6,13.0,0,7.6,2.6,0.32,2,1.0,1.0,1.0,0.0,0.6666666666666661,12.666666666666668,12,1.0,0,0,1,1.0,1.0,12.666666666666668,6.0,1.0,1
1,1,4,9147,1,1,126.0,1,1,19,4,8,120.1,1,0,0,1,0,0,19,0,0,5,7,5,12.4,0,0,5,5,5,14.6,0,8.9,1.4,3.51,2,1.0,1.0,1.0,0.0,2.1999999999999993,13.5,10,1.0,0,0,1,1.0,1.0,13.5,5.0,1.0,1
1,17,6,9500,1,1,148.0,1,1,19,3,3,131.7,1,0,0,1,0,0,19,0,0,7,8,5,14.0,0,0,7,7,0,0.0,0,13.9,-0.3,0.79,0,0.7142857142857143,0.0,0.0,-0.7142857142857143,-14.0,7.0,5,0.35714285714285715,0,0,1,2.0,0.35714285714285715,2.5,0.0,0.2857142857142857,1
1,43,1,9238,1,1,130.0,1,38,37,9,7,133.2,0,0,0,1,0,0,20,0,5,9,15,9,11.666666666666666,0,2,7,8,7,11.714285714285714,0,7.6,2.6,0.32,2,1.0,1.0,1.0,0.0,0.04761904761904745,11.69047619047619,16,1.0,-2,0,1,1.0,1.0,11.69047619047619,7.0,1.0,1
1,1,1,9670,1,1,117.0,1,1,38,3,9,109.3,0,0,1,0,0,1,19,0,0,6,7,5,12.0,0,0,6,9,4,12.5,0,12.4,0.5,1.79,0,0.8333333333333334,0.6666666666666666,0.5555555555555556,-0.16666666666666674,0.5,12.25,9,0.75,0,0,2,2.3333333333333335,0.75,9.1875,4.0,0.8333333333333333,1
1,17,1,9670,1,1,120.0,1,19,19,5,5,113.0,1,0,0,1,0,0,20,0,0,5,7,4,12.2,0,0,5,5,4,11.5,0,7.6,2.6,0.32,2,0.8,0.8,0.6400000000000001,0.0,-0.6999999999999993,11.85,8,0.8,0,0,1,1.2,0.8,9.48,4.0,1.0,1
1,1,1,9773,1,1,153.0,1,1,1,141,175,157.9,0,0,1,1,0,1,18,0,0,6,6,6,14.833333333333334,0,0,6,6,6,14.833333333333334,0,8.9,1.4,3.51,2,1.0,1.0,1.0,0.0,0.0,14.833333333333334,12,1.0,0,0,1,1.0,1.0,14.833333333333334,6.0,1.0,1
1,18,1,9500,1,1,178.0,1,19,1,4,8,174.7,0,0,0,1,0,0,18,0,0,7,8,7,17.125,0,0,8,8,8,17.5875,0,13.9,-0.3,0.79,2,1.0,1.0,1.0,0.0,0.4624999999999986,17.35625,15,1.0,1,0,1,1.0,1.0,17.35625,8.0,1.0,1
1,1,5,9500,1,1,129.0,1,37,37,9,9,128.8,1,0,0,1,0,0,19,0,0,7,7,6,12.666666666666666,0,0,7,7,6,12.666666666666666,0,7.6,2.6,0.32,2,0.8571428571428571,0.8571428571428571,0.7346938775510203,0.0,0.0,12.666666666666666,12,0.8571428571428571,0,0,1,1.1428571428571428,0.8571428571428571,10.857142857142856,6.0,1.0,1
1,1,6,9773,1,1,116.0,1,19,1,4,4,110.1,1,0,0,1,0,1,19,0,0,6,8,6,12.666666666666666,0,0,6,10,5,12.0,0,12.4,0.5,1.79,2,1.0,0.8333333333333334,0.8333333333333334,-0.16666666666666663,-0.6666666666666661,12.333333333333332,11,0.9166666666666666,0,0,0,0.16666666666666663,0.9166666666666666,11.305555555555554,5.0,0.8333333333333334,1
1,1,3,9238,1,1,135.0,1,1,12,9,10,121.0,1,0,0,1,0,1,19,0,0,6,7,6,11.333333333333334,0,0,6,6,6,11.5,0,12.4,0.5,1.79,2,1.0,1.0,1.0,0.0,0.16666666666666607,11.416666666666668,12,1.0,0,0,0,0.0,1.0,11.416666666666668,6.0,1.0,1
1,1,3,9500,1,1,141.0,1,19,19,9,7,131.7,1,0,0,1,0,1,19,0,0,7,10,7,13.605,0,0,8,11,8,12.33125,0,15.5,2.8,-4.06,2,1.0,1.0,1.0,0.0,-1.2737499999999997,12.968125,15,1.0,1,0,0,0.0,1.0,12.968125,8.0,1.0,1
1,17,5,9853,1,1,132.0,1,37,38,5,6,119.1,1,0,0,1,0,1,19,0,0,6,10,5,12.0,0,0,6,9,5,10.8,0,9.4,-0.8,-3.12,2,0.8333333333333334,0.8333333333333334,0.6944444444444445,0.0,-1.1999999999999993,11.4,10,0.8333333333333334,0,0,0,0.16666666666666663,0.8333333333333334,9.5,5.0,1.0,1
1,1,4,9254,1,1,132.0,1,12,19,9,9,124.7,1,0,0,1,0,0,19,0,0,5,10,0,0.0,0,0,5,10,0,0.0,0,7.6,2.6,0.32,0,0.0,0.0,0.0,0.0,0.0,0.0,0,0.0,0,0,1,2.0,0.0,0.0,0.0,1.0,1
1,1,1,9147,1,1,134.0,1,3,19,2,10,128.8,0,0,0,1,0,0,18,0,0,5,10,5,13.375,0,0,5,9,5,14.166666666666666,0,13.9,-0.3,0.79,2,1.0,1.0,1.0,0.0,0.7916666666666661,13.770833333333332,10,1.0,0,0,1,1.0,1.0,13.770833333333332,5.0,1.0,1
1,1,1,9500,1,1,136.0,1,1,19,9,9,131.5,0,0,0,1,0,1,20,0,0,7,8,6,13.863333333333337,0,0,8,9,7,14.178571428571429,0,11.1,0.6,2.02,2,0.8571428571428571,0.875,0.75,0.017857142857142905,0.315238095238092,14.020952380952384,13,0.8666666666666667,1,0,0,0.125,0.8666666666666667,12.151492063492066,7.0,0.9821428571428571,1
1,1,1,9085,1,1,129.0,1,1,38,4,7,123.4,0,0,0,1,0,0,19,0,0,5,6,5,12.4,0,0,5,6,5,13.4,0,7.6,2.6,0.32,2,1.0,1.0,1.0,0.0,1.0,12.9,10,1.0,0,0,1,1.0,1.0,12.9,5.0,1.0,1
1,17,1,9853,1,1,138.0,1,38,38,7,6,124.7,1,0,0,1,0,0,18,0,0,6,11,3,12.333333333333334,0,0,6,10,5,10.833333333333334,0,9.4,-0.8,-3.12,1,0.5,0.8333333333333334,0.4166666666666667,0.33333333333333337,-1.5,11.583333333333334,8,0.6666666666666666,0,0,1,1.1666666666666665,0.6666666666666666,7.722222222222222,5.0,0.6666666666666666,1
1,1,1,9853,1,1,137.0,1,37,37,9,9,132.8,1,0,0,1,0,0,18,0,0,6,7,6,13.333333333333334,0,0,6,8,5,11.8,0,7.6,2.6,0.32,2,1.0,0.8333333333333334,0.8333333333333334,-0.16666666666666663,-1.5333333333333332,12.566666666666666,11,0.9166666666666666,0,0,1,1.1666666666666665,0.9166666666666666,11.519444444444444,5.0,0.8333333333333334,1
1,43,1,9853,1,1,115.0,1,3,37,2,5,108.7,1,0,0,1,0,0,21,0,0,6,10,3,12.666666666666666,0,0,6,12,3,10.0,0,9.4,-0.8,-3.12,0,0.5,0.5,0.25,0.0,-2.666666666666666,11.333333333333332,6,0.5,0,0,1,1.5,0.5,5.666666666666666,3.0,1.0,1
1,1,1,9147,1,1,131.0,1,38,38,9,9,126.5,0,0,0,1,0,1,18,0,0,5,5,5,10.6,0,0,5,5,5,11.8,0,12.4,0.5,1.79,2,1.0,1.0,1.0,0.0,1.200000000000001,11.2,10,1.0,0,0,0,0.0,1.0,11.2,5.0,1.0,1
1,17,2,9238,1,1,133.0,1,1,37,7,9,127.4,1,0,0,1,0,1,18,0,0,6,8,6,12.25,0,0,6,7,6,11.857142857142858,0,12.7,3.7,-1.7,2,1.0,1.0,1.0,0.0,-0.39285714285714235,12.053571428571429,12,1.0,0,0,0,0.0,1.0,12.053571428571429,6.0,1.0,1
1,1,3,9238,1,1,125.0,1,19,1,9,10,123.6,1,0,0,1,0,0,20,0,0,6,10,4,11.0,0,0,6,9,6,11.833333333333334,0,9.4,-0.8,-3.12,2,0.6666666666666666,1.0,0.6666666666666666,0.33333333333333337,0.8333333333333339,11.416666666666668,10,0.8333333333333334,0,0,1,1.0,0.8333333333333334,9.513888888888891,6.0,0.6666666666666666,1
1,39,1,8014,0,1,120.0,1,1,19,6,8,122.0,0,0,0,1,0,1,24,0,0,6,11,5,11.0,0,0,6,9,5,12.6,0,11.1,0.6,2.02,2,0.8333333333333334,0.8333333333333334,0.6944444444444445,0.0,1.5999999999999996,11.8,10,0.8333333333333334,0,0,0,0.16666666666666663,0.8333333333333334,9.833333333333334,5.0,1.0,1
1,1,1,9500,1,1,127.0,1,19,37,9,7,123.9,1,0,0,1,0,1,18,0,0,7,9,7,12.855555555555554,0,0,8,12,7,12.761111111111113,0,15.5,2.8,-4.06,2,1.0,0.875,0.875,-0.125,-0.09444444444444144,12.808333333333334,14,0.9333333333333333,1,0,0,0.125,0.9333333333333333,11.954444444444444,7.0,0.875,1
1,1,2,9500,1,1,134.0,1,19,19,9,9,125.8,1,0,0,1,0,0,18,0,0,7,8,7,14.91875,0,0,8,8,8,15.355,0,15.5,2.8,-4.06,2,1.0,1.0,1.0,0.0,0.43625000000000114,15.136875,15,1.0,1,0,1,1.0,1.0,15.136875,8.0,1.0,1
1,17,5,9853,1,1,132.0,1,12,12,4,4,123.3,1,0,0,1,0,0,21,0,0,6,13,4,11.5,0,0,6,10,3,11.0,0,10.8,1.4,1.74,0,0.6666666666666666,0.5,0.3333333333333333,-0.16666666666666663,-0.5,11.25,7,0.5833333333333334,0,0,1,1.5,0.5833333333333334,6.5625,3.0,0.8333333333333334,1
1,17,2,9670,1,1,124.0,1,1,19,5,4,124.4,0,0,0,1,0,0,19,0,0,5,5,5,14.2,0,0,5,5,5,14.2,0,7.6,2.6,0.32,2,1.0,1.0,1.0,0.0,0.0,14.2,10,1.0,0,0,1,1.0,1.0,14.2,5.0,1.0,1
1,17,1,9773,1,1,133.1,1,19,37,7,7,126.0,0,0,0,1,0,1,19,0,0,6,6,6,12.5,0,0,6,7,6,13.0,0,15.5,2.8,-4.06,2,1.0,1.0,1.0,0.0,0.5,12.75,12,1.0,0,0,0,0.0,1.0,12.75,6.0,1.0,1
1,17,3,9238,1,1,125.0,1,19,19,7,8,121.5,0,0,0,1,0,0,19,0,0,6,10,5,11.666666666666666,0,0,6,12,4,11.0,0,13.9,-0.3,0.79,2,0.8333333333333334,0.6666666666666666,0.5555555555555556,-0.16666666666666674,-0.6666666666666661,11.333333333333332,9,0.75,0,0,1,1.3333333333333335,0.75,8.5,4.0,0.8333333333333333,1
1,39,1,9500,1,3,130.0,1,2,2,1,1,130.0,0,0,0,1,0,0,29,0,1,8,8,7,14.257142857142856,0,1,8,8,7,14.257142857142856,0,12.7,3.7,-1.7,2,0.875,0.875,0.765625,0.0,0.0,14.257142857142856,14,0.875,0,0,1,1.125,0.875,12.475,7.0,1.0,1
1,43,1,9238,1,1,125.0,1,19,19,4,8,117.0,1,0,0,1,0,0,21,0,0,6,13,3,12.0,0,0,6,12,2,11.333333333333334,0,16.2,0.3,-0.92,0,0.5,0.3333333333333333,0.16666666666666666,-0.16666666666666669,-0.6666666666666661,11.666666666666668,5,0.4166666666666667,0,0,1,1.6666666666666667,0.4166666666666667,4.861111111111112,2.0,0.8333333333333333,1
1,17,2,9556,1,1,133.1,1,37,37,3,10,108.0,0,0,0,1,0,0,20,0,0,7,8,7,12.457142857142856,0,0,8,8,8,13.5625,0,15.5,2.8,-4.06,2,1.0,1.0,1.0,0.0,1.1053571428571445,13.009821428571428,15,1.0,1,0,1,1.0,1.0,13.009821428571428,8.0,1.0,1
1,17,1,9500,1,1,131.0,1,2,38,4,5,132.3,1,0,0,1,0,0,19,0,0,7,7,6,11.683333333333332,0,0,7,7,6,11.683333333333332,0,7.6,2.6,0.32,2,0.8571428571428571,0.8571428571428571,0.7346938775510203,0.0,0.0,11.683333333333332,12,0.8571428571428571,0,0,1,1.1428571428571428,0.8571428571428571,10.014285714285712,6.0,1.0,1
1,17,2,9254,1,1,125.0,1,37,37,9,8,122.6,1,0,1,0,0,0,20,0,0,6,8,4,11.75,0,0,6,6,6,13.166666666666666,0,11.1,0.6,2.02,0,0.6666666666666666,1.0,0.6666666666666666,0.33333333333333337,1.416666666666666,12.458333333333332,10,0.8333333333333334,0,0,3,3.0,0.8333333333333334,10.381944444444445,6.0,0.6666666666666666,1
1,1,1,9670,1,1,131.0,1,37,37,9,9,123.0,1,0,0,1,0,1,18,0,0,5,6,3,11.666666666666666,0,0,5,6,4,13.5,0,7.6,2.6,0.32,1,0.6,0.8,0.48,0.20000000000000007,1.833333333333334,12.583333333333332,7,0.7,0,0,0,0.19999999999999996,0.7,8.808333333333332,4.0,0.7999999999999999,1
1,39,1,9853,1,1,130.0,1,37,19,9,5,102.5,0,0,0,1,0,0,27,0,0,6,9,5,13.2,0,0,6,10,5,12.0,0,7.6,2.6,0.32,2,0.8333333333333334,0.8333333333333334,0.6944444444444445,0.0,-1.1999999999999993,12.6,10,0.8333333333333334,0,0,1,1.1666666666666665,0.8333333333333334,10.5,5.0,1.0,1
1,1,2,9500,1,1,123.0,1,34,34,90,90,113.3,1,0,0,1,0,0,20,0,0,7,8,4,11.95,0,0,7,8,4,11.95,0,7.6,2.6,0.32,0,0.5714285714285714,0.5714285714285714,0.32653061224489793,0.0,0.0,11.95,8,0.5714285714285714,0,0,1,1.4285714285714286,0.5714285714285714,6.828571428571427,4.0,1.0,1
1,43,1,9853,1,1,140.0,1,3,1,3,3,128.3,1,0,0,1,0,0,35,0,19,21,21,21,12.61904761904762,0,13,19,19,19,12.789473684210526,0,12.4,0.5,1.79,2,1.0,1.0,1.0,0.0,0.17042606516290526,12.704260651629074,40,1.0,-2,0,1,1.0,1.0,12.704260651629074,19.0,1.0,1
1,39,1,9773,1,19,133.1,1,19,19,3,4,104.0,0,0,1,0,0,0,27,0,0,6,6,5,12.0,0,0,6,6,0,0.0,0,11.1,0.6,2.02,0,0.8333333333333334,0.0,0.0,-0.8333333333333334,-12.0,6.0,5,0.4166666666666667,0,0,3,4.0,0.4166666666666667,2.5,0.0,0.16666666666666663,1
1,18,3,9070,1,1,131.0,1,1,37,5,5,122.3,1,0,0,0,0,0,19,0,0,6,6,6,12.166666666666666,0,0,6,6,0,0.0,0,15.5,2.8,-4.06,0,1.0,0.0,0.0,-1.0,-12.166666666666666,6.083333333333333,6,0.5,0,0,2,3.0,0.5,3.0416666666666665,0.0,0.0,1
1,17,2,9254,1,1,143.0,1,1,19,4,6,135.0,0,0,0,1,0,0,20,0,0,6,0,0,0.0,0,0,6,0,0,0.0,0,11.1,0.6,2.02,0,0.0,0.0,0.0,0.0,0.0,0.0,0,0.0,0,0,1,2.0,0.0,0.0,0.0,1.0,1
1,18,2,9147,1,1,132.0,1,3,3,5,7,119.1,1,0,1,0,0,0,20,0,0,5,9,3,10.0,0,0,5,9,3,10.571428571428571,0,10.8,1.4,1.74,0,0.6,0.6,0.36,0.0,0.5714285714285712,10.285714285714285,6,0.6,0,0,3,3.4,0.6,6.171428571428571,3.0,1.0,1
1,17,3,9500,1,1,141.0,1,38,1,9,4,129.0,1,0,0,1,0,1,18,0,0,7,7,6,13.05,0,0,7,7,6,13.05,0,7.6,2.6,0.32,2,0.8571428571428571,0.8571428571428571,0.7346938775510203,0.0,0.0,13.05,12,0.8571428571428571,0,0,0,0.1428571428571429,0.8571428571428571,11.185714285714285,6.0,1.0,1
1,39,1,9085,1,1,133.1,1,1,19,9,9,162.3,1,0,0,1,0,0,24,0,0,6,10,2,11.0,0,0,6,6,0,0.0,0,8.9,1.4,3.51,0,0.3333333333333333,0.0,0.0,-0.3333333333333333,-11.0,5.5,2,0.16666666666666666,0,0,1,2.0,0.16666666666666666,0.9166666666666666,0.0,0.6666666666666667,1
1,17,4,9070,1,1,148.0,1,1,3,4,1,163.4,1,0,0,1,0,0,20,0,0,6,7,6,11.5,0,0,6,6,6,12.0,0,16.2,0.3,-0.92,2,1.0,1.0,1.0,0.0,0.5,11.75,12,1.0,0,0,1,1.0,1.0,11.75,6.0,1.0,1
1,1,1,9254,1,1,125.0,1,19,38,9,8,121.5,0,0,0,1,0,1,21,0,0,6,7,6,12.0,0,0,6,6,6,12.5,0,13.9,-0.3,0.79,2,1.0,1.0,1.0,0.0,0.5,12.25,12,1.0,0,0,0,0.0,1.0,12.25,6.0,1.0,1
1,1,1,8014,0,1,120.0,1,1,37,7,3,122.8,0,0,0,1,0,0,23,0,0,6,13,2,10.0,0,0,5,12,1,10.0,0,9.4,-0.8,-3.12,1,0.3333333333333333,0.2,0.06666666666666667,-0.1333333333333333,0.0,10.0,3,0.2727272727272727,-1,0,1,1.8,0.2727272727272727,2.727272727272727,1.0,0.8666666666666667,1
1,39,1,9147,1,1,140.0,1,12,3,4,3,118.0,1,0,0,1,0,0,24,0,0,5,5,0,0.0,0,0,5,5,0,0.0,0,7.6,2.6,0.32,0,0.0,0.0,0.0,0.0,0.0,0.0,0,0.0,0,0,1,2.0,0.0,0.0,0.0,1.0,1
1,51,1,9853,1,1,139.0,1,1,1,4,10,134.0,0,0,0,1,0,0,21,0,0,6,0,0,0.0,0,0,6,0,0,0.0,0,12.4,0.5,1.79,0,0.0,0.0,0.0,0.0,0.0,0.0,0,0.0,0,0,1,2.0,0.0,0.0,0.0,1.0,1
1,1,4,9500,1,1,142.0,1,38,38,9,8,129.8,1,0,0,1,0,0,18,0,0,8,8,7,12.242857142857144,0,0,8,8,7,12.242857142857144,0,12.7,3.7,-1.7,2,0.875,0.875,0.765625,0.0,0.0,12.242857142857144,14,0.875,0,0,1,1.125,0.875,10.7125,7.0,1.0,1
1,39,1,9991,0,40,130.0,1,19,1,3,4,152.0,1,0,0,1,0,0,27,0,0,5,0,0,0.0,0,0,5,0,0,0.0,0,8.9,1.4,3.51,0,0.0,0.0,0.0,0.0,0.0,0.0,0,0.0,0,0,1,2.0,0.0,0.0,0.0,1.0,1
1,18,6,9500,1,1,126.0,1,37,37,5,5,122.8,1,0,0,1,0,0,18,0,0,8,8,8,12.93375,0,0,8,8,8,12.93375,0,9.4,-0.8,-3.12,2,1.0,1.0,1.0,0.0,0.0,12.93375,16,1.0,0,0,1,1.0,1.0,12.93375,8.0,1.0,1
1,7,1,9119,1,3,150.0,1,3,2,2,2,150.0,0,0,0,1,0,0,35,0,0,5,0,0,0.0,0,0,5,0,0,0.0,0,13.9,-0.3,0.79,0,0.0,0.0,0.0,0.0,0.0,0.0,0,0.0,0,0,1,2.0,0.0,0.0,0.0,1.0,1
1,1,1,9853,1,1,130.0,1,19,19,3,8,131.8,0,0,0,1,0,0,18,0,0,7,9,7,12.571428571428571,0,0,7,8,7,14.428571428571429,0,11.1,0.6,2.02,2,1.0,1.0,1.0,0.0,1.8571428571428577,13.5,14,1.0,0,0,1,1.0,1.0,13.5,7.0,1.0,1
1,1,1,9085,1,1,138.0,1,1,1,4,7,132.1,1,0,0,1,0,0,19,0,0,5,9,4,13.75,0,0,5,13,4,14.333333333333334,2,10.8,1.4,1.74,2,0.8,0.8,0.6400000000000001,0.0,0.5833333333333339,14.041666666666668,8,0.8,0,0,1,1.2,0.8,11.233333333333334,4.0,1.0,1
1,1,4,9238,1,1,127.0,1,19,19,4,0,127.4,1,0,0,1,0,0,20,0,0,6,8,6,11.166666666666666,0,0,6,6,6,11.333333333333334,0,7.6,2.6,0.32,2,1.0,1.0,1.0,0.0,0.16666666666666785,11.25,12,1.0,0,0,1,1.0,1.0,11.25,6.0,1.0,1
1,1,4,9500,1,1,140.0,1,19,19,7,7,129.5,1,0,0,1,0,0,18,0,0,8,8,7,12.324285714285711,0,0,8,8,7,12.324285714285711,0,10.8,1.4,1.74,2,0.875,0.875,0.765625,0.0,0.0,12.324285714285711,14,0.875,0,0,1,1.125,0.875,10.783749999999998,7.0,1.0,1
1,44,1,9238,1,39,130.0,1,38,38,5,10,126.7,0,0,1,1,0,0,21,0,3,6,6,6,12.166666666666666,0,2,6,7,6,11.714285714285714,0,13.9,-0.3,0.79,2,1.0,1.0,1.0,0.0,-0.45238095238095255,11.94047619047619,12,1.0,0,0,2,2.0,1.0,11.94047619047619,6.0,1.0,1
1,17,2,9238,1,1,128.0,1,19,37,9,8,116.5,0,0,0,1,0,1,18,0,0,6,11,5,11.142857142857142,0,0,6,11,4,11.25,0,16.2,0.3,-0.92,2,0.8333333333333334,0.6666666666666666,0.5555555555555556,-0.16666666666666674,0.10714285714285765,11.196428571428571,9,0.75,0,0,0,0.33333333333333337,0.75,8.397321428571429,4.0,0.8333333333333333,1
1,1,2,9500,1,1,149.0,1,19,38,9,9,126.5,1,0,0,1,0,0,18,0,0,8,8,7,12.914285714285713,0,0,8,8,7,12.914285714285713,0,12.7,3.7,-1.7,2,0.875,0.875,0.765625,0.0,0.0,12.914285714285713,14,0.875,0,0,1,1.125,0.875,11.299999999999999,7.0,1.0,1
1,1,4,9773,1,1,155.0,1,3,19,1,4,149.8,1,0,0,1,0,1,18,0,0,6,6,6,13.833333333333334,0,0,6,6,6,14.166666666666666,0,16.2,0.3,-0.92,2,1.0,1.0,1.0,0.0,0.33333333333333215,14.0,12,1.0,0,0,0,0.0,1.0,14.0,6.0,1.0,1
1,1,1,9085,1,1,120.0,1,19,1,8,7,115.1,1,0,0,1,0,0,19,0,0,6,8,6,13.857142857142858,0,0,6,9,5,13.4,0,13.9,-0.3,0.79,2,1.0,0.8333333333333334,0.8333333333333334,-0.16666666666666663,-0.4571428571428573,13.62857142857143,11,0.9166666666666666,0,0,1,1.1666666666666665,0.9166666666666666,12.492857142857144,5.0,0.8333333333333334,1
1,1,2,9500,1,1,131.0,1,38,1,7,4,128.3,1,0,0,1,0,1,18,0,0,8,8,7,12.642857142857142,0,0,8,8,7,12.642857142857142,0,12.7,3.7,-1.7,2,0.875,0.875,0.765625,0.0,0.0,12.642857142857142,14,0.875,0,0,0,0.125,0.875,11.0625,7.0,1.0,1
1,1,1,9500,1,1,149.0,1,37,37,9,9,136.0,0,0,0,1,0,1,18,0,0,7,7,6,12.916666666666666,0,0,7,7,6,12.916666666666666,0,7.6,2.6,0.32,2,0.8571428571428571,0.8571428571428571,0.7346938775510203,0.0,0.0,12.916666666666666,12,0.8571428571428571,0,0,0,0.1428571428571429,0.8571428571428571,11.071428571428571,6.0,1.0,1
1,43,1,9130,1,1,140.0,1,1,3,9,2,140.0,1,0,0,1,0,1,20,0,0,6,8,6,15.625,0,0,6,8,6,15.857142857142858,0,13.9,-0.3,0.79,2,1.0,1.0,1.0,0.0,0.23214285714285765,15.741071428571429,12,1.0,0,0,0,0.0,1.0,15.741071428571429,6.0,1.0,1
1,39,1,9991,0,1,133.1,1,37,37,9,9,126.3,0,0,0,1,0,1,26,0,0,5,7,0,0.0,0,0,5,8,0,0.0,0,16.2,0.3,-0.92,0,0.0,0.0,0.0,0.0,0.0,0.0,0,0.0,0,0,0,1.0,0.0,0.0,0.0,1.0,1
1,43,1,9773,1,1,122.0,1,1,1,4,5,126.9,0,0,0,1,0,0,21,0,0,6,8,6,11.714285714285714,0,0,6,7,6,12.0,0,7.6,2.6,0.32,2,1.0,1.0,1.0,0.0,0.2857142857142865,11.857142857142858,12,1.0,0,0,1,1.0,1.0,11.857142857142858,6.0,1.0,1
1,18,1,9147,1,1,121.0,1,19,3,5,5,115.8,1,0,0,1,0,1,19,0,0,5,7,5,11.6,0,0,5,5,5,11.6,0,12.4,0.5,1.79,2,1.0,1.0,1.0,0.0,0.0,11.6,10,1.0,0,0,0,0.0,1.0,11.6,5.0,1.0,1
1,39,1,8014,0,1,120.0,1,19,37,8,7,100.0,1,0,0,1,0,0,24,0,0,6,11,1,10.0,0,0,6,6,0,0.0,6,9.4,-0.8,-3.12,0,0.16666666666666666,0.0,0.0,-0.16666666666666666,-10.0,5.0,1,0.08333333333333333,0,0,1,2.0,0.08333333333333333,0.41666666666666663,0.0,0.8333333333333334,1
1,39,1,8014,0,1,133.1,1,1,19,5,4,102.5,0,0,0,1,0,1,27,0,0,6,16,1,10.0,0,0,6,13,0,0.0,0,8.9,1.4,3.51,0,0.16666666666666666,0.0,0.0,-0.16666666666666666,-10.0,5.0,1,0.08333333333333333,0,0,0,1.0,0.08333333333333333,0.41666666666666663,0.0,0.8333333333333334,1
1,1,1,9147,1,1,133.0,1,38,38,7,7,147.0,0,0,0,1,0,1,18,0,0,5,7,4,13.0,0,0,5,8,3,12.333333333333334,0,9.4,-0.8,-3.12,2,0.8,0.6,0.48,-0.20000000000000007,-0.6666666666666661,12.666666666666668,7,0.7,0,0,0,0.4,0.7,8.866666666666667,3.0,0.7999999999999999,1
2,1,4,9853,1,1,134.0,1,37,37,5,7,122.5,0,1,0,1,0,1,19,0,0,6,6,6,13.333333333333334,0,0,6,6,6,14.5,0,10.8,1.4,1.74,2,1.0,1.0,1.0,0.0,1.166666666666666,13.916666666666668,12,1.0,0,0,0,0.0,1.0,13.916666666666668,6.0,1.0,1
1,51,1,9500,1,1,127.0,1,19,1,5,9,150.0,0,0,0,1,0,1,19,0,0,7,9,5,13.85,0,0,8,9,7,12.19285714285714,0,11.1,0.6,2.02,2,0.7142857142857143,0.875,0.625,0.1607142857142857,-1.6571428571428601,13.021428571428569,12,0.8,1,0,0,0.125,0.8,10.417142857142856,7.0,0.8392857142857143,1
1,18,1,9500,1,1,135.0,1,1,38,4,5,127.5,1,0,0,1,0,1,19,0,0,7,8,6,13.741666666666667,0,0,8,9,7,14.9125,0,16.2,0.3,-0.92,2,0.8571428571428571,0.875,0.75,0.017857142857142905,1.1708333333333325,14.327083333333334,13,0.8666666666666667,1,0,0,0.125,0.8666666666666667,12.416805555555557,7.0,0.9821428571428571,1
2,7,1,9991,0,43,140.0,1,40,5,3,3,140.0,0,0,0,1,0,0,33,0,2,6,7,6,15.333333333333334,0,0,5,5,5,15.8,0,11.1,0.6,2.02,2,1.0,1.0,1.0,0.0,0.4666666666666668,15.566666666666666,11,1.0,-1,0,1,1.0,1.0,15.566666666666666,5.0,1.0,1
2,7,1,9147,1,3,130.0,1,1,4,3,10,130.0,0,0,0,1,0,0,45,0,0,5,6,5,11.0,0,0,5,5,5,13.8,0,12.4,0.5,1.79,2,1.0,1.0,1.0,0.0,2.8000000000000007,12.4,10,1.0,0,0,1,1.0,1.0,12.4,5.0,1.0,1
1,1,1,9238,1,1,135.0,1,1,1,9,9,133.3,0,0,0,1,0,1,20,0,0,6,6,6,12.0,0,0,6,7,6,12.857142857142858,0,11.1,0.6,2.02,2,1.0,1.0,1.0,0.0,0.8571428571428577,12.428571428571429,12,1.0,0,0,0,0.0,1.0,12.428571428571429,6.0,1.0,1
1,39,2,9670,1,1,140.0,1,34,34,0,0,97.0,1,0,0,1,0,0,28,0,0,5,5,0,0.0,0,0,5,5,0,0.0,0,7.6,2.6,0.32,0,0.0,0.0,0.0,0.0,0.0,0.0,0,0.0,0,0,1,2.0,0.0,0.0,0.0,1.0,1
1,43,1,9500,1,1,120.0,1,1,1,5,8,112.0,1,0,0,1,0,1,19,0,0,8,15,7,11.571428571428571,0,0,8,15,7,11.571428571428571,0,12.7,3.7,-1.7,2,0.875,0.875,0.765625,0.0,0.0,11.571428571428571,14,0.875,0,0,0,0.125,0.875,10.125,7.0,1.0,1
1,39,1,9254,1,3,133.1,1,19,19,4,6,130.5,0,0,0,1,0,0,38,0,0,6,0,0,0.0,0,0,6,0,0,0.0,0,15.5,2.8,-4.06,0,0.0,0.0,0.0,0.0,0.0,0.0,0,0.0,0,0,1,2.0,0.0,0.0,0.0,1.0,1
1,1,2,9670,1,1,135.0,1,1,3,4,3,133.3,0,0,0,1,0,0,19,0,0,5,5,5,13.0,0,0,5,5,5,13.2,0,9.4,-0.8,-3.12,2,1.0,1.0,1.0,0.0,0.1999999999999993,13.1,10,1.0,0,0,1,1.0,1.0,13.1,5.0,1.0,1
1,1,1,9254,1,1,123.0,1,1,37,9,9,132.1,0,0,0,1,0,1,21,0,0,6,9,5,11.0,0,0,6,8,5,12.0,0,15.5,2.8,-4.06,2,0.8333333333333334,0.8333333333333334,0.6944444444444445,0.0,1.0,11.5,10,0.8333333333333334,0,0,0,0.16666666666666663,0.8333333333333334,9.583333333333334,5.0,1.0,1
1,1,1,9238,1,1,154.0,1,38,37,9,9,140.4,0,0,0,1,0,1,22,0,0,6,6,5,12.6,0,0,6,6,6,13.0,0,10.8,1.4,1.74,2,0.8333333333333334,1.0,0.8333333333333334,0.16666666666666663,0.40000000000000036,12.8,11,0.9166666666666666,0,0,0,0.0,0.9166666666666666,11.733333333333334,6.0,0.8333333333333334,1
1,1,1,9853,1,1,148.0,1,19,19,5,7,141.7,0,0,0,1,0,1,18,0,0,6,8,5,13.4,0,0,6,7,6,13.166666666666666,0,9.4,-0.8,-3.12,2,0.8333333333333334,1.0,0.8333333333333334,0.16666666666666663,-0.23333333333333428,13.283333333333333,11,0.9166666666666666,0,0,0,0.0,0.9166666666666666,12.176388888888889,6.0,0.8333333333333334,1
1,17,2,9238,1,1,133.0,1,37,37,3,9,119.7,0,1,0,1,0,1,18,0,0,6,9,6,11.333333333333334,0,0,6,9,6,11.571428571428571,0,15.5,2.8,-4.06,2,1.0,1.0,1.0,0.0,0.23809523809523725,11.452380952380953,12,1.0,0,0,0,0.0,1.0,11.452380952380953,6.0,1.0,1
1,1,1,9130,1,1,126.0,1,19,1,9,9,122.5,1,0,0,0,0,0,25,0,0,5,14,4,13.5,2,0,5,10,4,14.25,0,9.4,-0.8,-3.12,0,0.8,0.8,0.6400000000000001,0.0,0.75,13.875,8,0.8,0,0,2,2.2,0.8,11.100000000000001,4.0,1.0,1
1,39,1,9085,1,19,133.1,1,19,19,9,7,140.0,0,0,1,0,0,0,24,0,2,6,11,3,11.75,0,1,6,14,3,10.333333333333334,0,16.2,0.3,-0.92,0,0.5,0.5,0.25,0.0,-1.416666666666666,11.041666666666668,6,0.5,0,0,3,3.5,0.5,5.520833333333334,3.0,1.0,1
1,1,2,9147,1,1,118.0,1,37,19,5,5,119.1,1,0,0,1,0,1,20,0,0,5,5,5,11.6,0,0,5,5,5,13.6,0,12.4,0.5,1.79,2,1.0,1.0,1.0,0.0,2.0,12.6,10,1.0,0,0,0,0.0,1.0,12.6,5.0,1.0,1
1,39,1,9147,1,1,120.0,1,37,1,9,1,122.7,0,0,0,0,0,0,25,0,0,5,5,0,0.0,0,0,5,9,0,0.0,0,10.8,1.4,1.74,0,0.0,0.0,0.0,0.0,0.0,0.0,0,0.0,0,0,2,3.0,0.0,0.0,0.0,1.0,1
1,1,1,9147,1,1,127.0,1,38,19,9,10,117.9,0,0,0,1,0,1,20,0,5,10,13,9,12.9,0,4,10,12,10,12.363636363636363,0,8.9,1.4,3.51,2,0.9,1.0,0.9,0.09999999999999998,-0.536363636363637,12.631818181818183,19,0.95,0,0,0,0.0,0.95,12.000227272727273,10.0,0.9,1
1,7,1,9500,1,3,130.0,1,19,38,5,3,130.0,0,0,0,1,0,0,23,0,0,8,8,8,13.22,0,0,8,8,8,13.22,0,9.4,-0.8,-3.12,2,1.0,1.0,1.0,0.0,0.0,13.22,16,1.0,0,0,1,1.0,1.0,13.22,8.0,1.0,1
1,17,3,9500,1,1,129.0,1,19,37,7,6,120.0,1,0,0,1,0,1,19,0,0,8,8,7,13.151428571428571,0,0,8,8,7,13.151428571428571,0,10.8,1.4,1.74,2,0.875,0.875,0.765625,0.0,0.0,13.151428571428571,14,0.875,0,0,0,0.125,0.875,11.5075,7.0,1.0,1
1,44,1,9003,1,39,130.0,1,37,37,9,10,130.0,0,0,1,0,0,0,29,0,0,6,13,3,12.75,0,0,6,8,3,11.333333333333334,0,13.9,-0.3,0.79,0,0.5,0.5,0.25,0.0,-1.416666666666666,12.041666666666668,6,0.5,0,0,3,3.5,0.5,6.020833333333334,3.0,1.0,1
1,1,3,9254,1,1,121.0,1,19,37,4,7,116.8,1,0,0,1,0,0,21,0,0,6,8,6,11.333333333333334,0,0,6,8,4,12.25,0,11.1,0.6,2.02,2,1.0,0.6666666666666666,0.6666666666666666,-0.33333333333333337,0.9166666666666661,11.791666666666668,10,0.8333333333333334,0,0,1,1.3333333333333335,0.8333333333333334,9.826388888888891,4.0,0.6666666666666666,1
1,1,1,9670,1,1,136.0,1,19,1,9,8,123.4,1,0,0,1,0,1,18,0,0,6,10,6,13.25,0,0,6,13,5,14.142857142857142,0,11.1,0.6,2.02,2,1.0,0.8333333333333334,0.8333333333333334,-0.16666666666666663,0.8928571428571423,13.696428571428571,11,0.9166666666666666,0,0,0,0.16666666666666663,0.9166666666666666,12.555059523809524,5.0,0.8333333333333334,1
1,1,1,9085,1,1,122.0,1,9,19,90,6,103.4,0,0,0,1,0,0,19,0,0,5,6,5,14.4,0,0,5,6,5,13.0,0,7.6,2.6,0.32,2,1.0,1.0,1.0,0.0,-1.4000000000000004,13.7,10,1.0,0,0,1,1.0,1.0,13.7,5.0,1.0,1
1,17,1,9147,1,1,136.0,1,1,1,4,4,124.1,0,0,0,1,0,0,18,0,0,5,8,5,12.4,0,0,5,6,5,10.8,0,8.9,1.4,3.51,2,1.0,1.0,1.0,0.0,-1.5999999999999996,11.600000000000001,10,1.0,0,0,1,1.0,1.0,11.600000000000001,5.0,1.0,1
2,39,1,9556,1,19,133.1,1,38,37,7,7,99.5,1,0,1,0,0,1,37,0,0,7,13,1,16.0,0,0,7,12,0,0.0,0,8.9,1.4,3.51,0,0.14285714285714285,0.0,0.0,-0.14285714285714285,-16.0,8.0,1,0.07142857142857142,0,0,2,3.0,0.07142857142857142,0.5714285714285714,0.0,0.8571428571428572,1
1,17,1,9991,0,40,127.0,1,37,37,6,6,124.9,0,0,0,1,0,0,29,0,0,5,10,5,13.571428571428571,0,0,5,14,5,12.333333333333334,3,16.2,0.3,-0.92,2,1.0,1.0,1.0,0.0,-1.2380952380952372,12.952380952380953,10,1.0,0,0,1,1.0,1.0,12.952380952380953,5.0,1.0,1
1,1,1,9238,1,1,121.0,1,1,1,9,8,118.9,1,0,0,1,0,1,19,0,0,6,8,5,11.666666666666666,0,0,6,9,5,12.666666666666666,0,12.4,0.5,1.79,2,0.8333333333333334,0.8333333333333334,0.6944444444444445,0.0,1.0,12.166666666666666,10,0.8333333333333334,0,0,0,0.16666666666666663,0.8333333333333334,10.13888888888889,5.0,1.0,1
1,43,1,9238,1,1,124.0,1,1,1,3,1,118.8,1,0,1,0,0,0,22,0,6,10,16,6,11.833333333333334,0,2,7,8,2,13.0,0,16.2,0.3,-0.92,0,0.6,0.2857142857142857,0.1714285714285714,-0.3142857142857143,1.166666666666666,12.416666666666668,8,0.47058823529411764,-3,0,3,3.7142857142857144,0.47058823529411764,5.843137254901961,2.0,0.6857142857142857,1
1,1,1,9254,1,1,131.0,1,37,38,9,7,137.0,0,0,0,1,0,1,20,0,0,6,8,6,11.166666666666666,0,0,6,10,5,10.6,0,15.5,2.8,-4.06,2,1.0,0.8333333333333334,0.8333333333333334,-0.16666666666666663,-0.5666666666666664,10.883333333333333,11,0.9166666666666666,0,0,0,0.16666666666666663,0.9166666666666666,9.976388888888888,5.0,0.8333333333333334,1
1,39,1,8014,0,1,100.0,1,37,37,99,99,100.0,0,0,0,1,0,0,34,0,0,6,0,0,0.0,0,0,6,0,0,0.0,0,12.7,3.7,-1.7,0,0.0,0.0,0.0,0.0,0.0,0.0,0,0.0,0,0,1,2.0,0.0,0.0,0.0,1.0,1
1,43,1,9119,1,1,130.0,1,37,38,9,9,120.0,0,0,1,0,0,0,30,0,8,12,17,8,11.75,0,6,12,19,6,12.166666666666666,2,7.6,2.6,0.32,0,0.6666666666666666,0.5,0.3333333333333333,-0.16666666666666663,0.4166666666666661,11.958333333333332,14,0.5833333333333334,0,0,3,3.5,0.5833333333333334,6.975694444444444,6.0,0.8333333333333334,1
1,1,1,9238,1,1,135.0,1,1,1,4,4,122.8,0,0,0,1,0,0,18,0,0,6,7,6,14.0,0,0,6,7,6,14.0,0,10.8,1.4,1.74,2,1.0,1.0,1.0,0.0,0.0,14.0,12,1.0,0,0,1,1.0,1.0,14.0,6.0,1.0,1
1,1,1,9238,1,1,130.0,1,38,19,9,5,121.6,0,0,0,1,0,0,18,0,0,6,6,6,12.833333333333334,0,0,6,6,6,12.0,0,12.4,0.5,1.79,2,1.0,1.0,1.0,0.0,-0.8333333333333339,12.416666666666668,12,1.0,0,0,1,1.0,1.0,12.416666666666668,6.0,1.0,1
1,17,4,9500,1,1,146.0,1,4,1,2,3,140.0,1,0,0,1,0,0,18,0,0,8,8,7,14.828571428571427,0,0,8,8,7,14.828571428571427,0,12.7,3.7,-1.7,2,0.875,0.875,0.765625,0.0,0.0,14.828571428571427,14,0.875,0,0,1,1.125,0.875,12.975,7.0,1.0,1
1,1,2,9773,1,1,154.0,1,38,38,9,9,133.4,1,0,0,1,0,1,19,0,0,6,7,5,11.4,0,0,6,8,5,12.8,0,12.7,3.7,-1.7,2,0.8333333333333334,0.8333333333333334,0.6944444444444445,0.0,1.4000000000000004,12.100000000000001,10,0.8333333333333334,0,0,0,0.16666666666666663,0.8333333333333334,10.083333333333336,5.0,1.0,1
1,1,1,9070,1,1,137.0,1,37,37,9,9,126.2,1,0,0,1,0,1,19,0,0,6,6,6,13.0,0,0,6,8,6,12.5,0,10.8,1.4,1.74,2,1.0,1.0,1.0,0.0,-0.5,12.75,12,1.0,0,0,0,0.0,1.0,12.75,6.0,1.0,1
1,1,5,9500,1,1,151.0,1,1,1,9,9,127.8,0,0,0,1,0,1,18,0,0,8,8,7,13.671428571428573,0,0,8,8,7,13.671428571428573,0,12.7,3.7,-1.7,2,0.875,0.875,0.765625,0.0,0.0,13.671428571428573,14,0.875,0,0,0,0.125,0.875,11.9625,7.0,1.0,1
1,44,1,9003,1,39,150.0,1,37,38,4,8,150.0,0,0,0,1,0,1,21,0,0,6,9,6,12.666666666666666,0,0,6,8,5,12.8,0,13.9,-0.3,0.79,2,1.0,0.8333333333333334,0.8333333333333334,-0.16666666666666663,0.13333333333333464,12.733333333333334,11,0.9166666666666666,0,0,0,0.16666666666666663,0.9166666666666666,11.672222222222222,5.0,0.8333333333333334,1
1,1,2,9147,1,1,121.0,1,1,19,9,9,113.7,1,0,0,0,0,0,20,0,0,5,10,2,10.0,0,0,5,12,1,13.0,0,7.6,2.6,0.32,0,0.4,0.2,0.08000000000000002,-0.2,3.0,11.5,3,0.3,0,0,2,2.8,0.3,3.4499999999999997,1.0,0.8,1
1,17,1,9147,1,1,122.0,1,12,19,4,8,117.8,1,0,0,1,0,0,20,0,0,5,10,5,13.5,0,0,5,8,5,12.333333333333334,0,13.9,-0.3,0.79,2,1.0,1.0,1.0,0.0,-1.166666666666666,12.916666666666668,10,1.0,0,0,1,1.0,1.0,12.916666666666668,5.0,1.0,1
1,1,1,9500,1,1,143.0,1,5,1,2,5,136.7,0,0,0,1,0,0,19,0,2,7,8,7,12.67,0,1,8,8,8,13.55,0,11.1,0.6,2.02,2,1.0,1.0,1.0,0.0,0.8800000000000008,13.11,15,1.0,1,0,1,1.0,1.0,13.11,8.0,1.0,1
1,1,1,9238,1,1,152.0,1,1,38,4,5,144.7,0,0,0,1,0,0,20,0,0,6,8,6,14.5,0,0,6,7,6,15.428571428571429,0,16.2,0.3,-0.92,2,1.0,1.0,1.0,0.0,0.9285714285714288,14.964285714285715,12,1.0,0,0,1,1.0,1.0,14.964285714285715,6.0,1.0,1
1,17,3,9500,1,1,145.0,1,12,1,4,10,139.8,1,0,0,1,0,0,18,0,0,7,7,7,13.685714285714283,0,0,8,8,8,15.3875,0,13.9,-0.3,0.79,2,1.0,1.0,1.0,0.0,1.701785714285716,14.536607142857141,15,1.0,1,0,1,1.0,1.0,14.536607142857141,8.0,1.0,1
1,42,1,9853,1,1,120.0,1,37,38,3,3,113.7,0,0,0,1,0,0,20,0,0,6,8,5,11.0,0,0,6,10,3,10.666666666666666,0,12.7,3.7,-1.7,0,0.8333333333333334,0.5,0.4166666666666667,-0.33333333333333337,-0.3333333333333339,10.833333333333332,8,0.6666666666666666,0,0,1,1.5,0.6666666666666666,7.222222222222221,3.0,0.6666666666666666,1
2,7,1,9130,1,3,140.0,1,5,4,2,0,140.0,0,0,1,0,0,0,29,0,7,9,16,7,11.555555555555555,4,5,7,12,5,13.2,2,7.6,2.6,0.32,0,0.7777777777777778,0.7142857142857143,0.5555555555555556,-0.06349206349206349,1.644444444444444,12.377777777777776,12,0.75,-2,0,3,3.2857142857142856,0.75,9.283333333333331,5.0,0.9365079365079365,1
1,1,1,9500,1,1,129.0,1,19,19,5,5,119.6,1,0,0,1,0,1,20,0,0,7,8,7,14.00375,0,0,8,11,7,13.812857142857142,0,15.5,2.8,-4.06,2,1.0,0.875,0.875,-0.125,-0.19089285714285786,13.908303571428572,14,0.9333333333333333,1,0,0,0.125,0.9333333333333333,12.981083333333334,7.0,0.875,1
1,16,2,9147,1,1,139.0,1,38,37,9,9,123.7,1,0,0,1,0,1,22,0,0,5,8,4,12.0,0,0,5,8,4,11.4,2,16.2,0.3,-0.92,2,0.8,0.8,0.6400000000000001,0.0,-0.5999999999999996,11.7,8,0.8,0,0,0,0.19999999999999996,0.8,9.36,4.0,1.0,1
4,1,1,8014,0,1,133.1,1,39,19,4,10,143.0,1,0,0,1,0,1,47,0,0,6,9,5,14.166666666666666,0,0,6,7,6,14.166666666666666,0,16.2,0.3,-0.92,2,0.8333333333333334,1.0,0.8333333333333334,0.16666666666666663,0.0,14.166666666666666,11,0.9166666666666666,0,0,0,0.0,0.9166666666666666,12.98611111111111,6.0,0.8333333333333334,1
2,51,1,9991,0,1,127.0,1,37,37,8,4,100.1,0,0,0,1,0,0,31,0,1,5,5,5,14.0,0,0,5,5,5,13.8,0,8.9,1.4,3.51,2,1.0,1.0,1.0,0.0,-0.1999999999999993,13.9,10,1.0,0,0,1,1.0,1.0,13.9,5.0,1.0,1
1,1,1,9070,1,1,126.0,1,19,37,7,5,119.4,0,0,0,1,0,1,21,0,0,6,7,5,13.8,0,0,6,6,6,12.833333333333334,0,16.2,0.3,-0.92,2,0.8333333333333334,1.0,0.8333333333333334,0.16666666666666663,-0.9666666666666668,13.316666666666666,11,0.9166666666666666,0,0,0,0.0,0.9166666666666666,12.206944444444444,6.0,0.8333333333333334,1
1,1,1,8014,0,1,128.0,1,38,38,0,0,122.1,0,0,0,1,0,0,21,0,0,6,8,5,12.8,0,0,6,10,6,11.857142857142858,0,7.6,2.6,0.32,2,0.8333333333333334,1.0,0.8333333333333334,0.16666666666666663,-0.9428571428571431,12.32857142857143,11,0.9166666666666666,0,0,1,1.0,0.9166666666666666,11.301190476190476,6.0,0.8333333333333334,1
2,39,1,9773,1,12,100.0,1,1,1,4,4,100.0,0,0,0,1,0,0,24,0,0,6,6,6,12.166666666666666,0,0,6,6,6,13.833333333333334,0,7.6,2.6,0.32,2,1.0,1.0,1.0,0.0,1.6666666666666679,13.0,12,1.0,0,0,1,1.0,1.0,13.0,6.0,1.0,1
1,39,1,8014,0,15,170.0,1,34,1,90,2,101.0,0,0,0,1,0,0,32,0,0,6,9,4,12.0,0,0,6,12,4,11.5,0,7.6,2.6,0.32,2,0.6666666666666666,0.6666666666666666,0.4444444444444444,0.0,-0.5,11.75,8,0.6666666666666666,0,0,1,1.3333333333333335,0.6666666666666666,7.833333333333333,4.0,1.0,1
1,18,2,8014,0,1,117.0,1,3,1,3,4,111.8,1,0,0,1,0,1,19,0,0,6,8,6,10.833333333333334,0,0,6,9,6,11.5,0,10.8,1.4,1.74,2,1.0,1.0,1.0,0.0,0.6666666666666661,11.166666666666668,12,1.0,0,0,0,0.0,1.0,11.166666666666668,6.0,1.0,1
1,39,1,9500,1,1,140.0,1,3,3,1,1,140.0,1,0,0,1,0,0,24,0,0,8,8,8,13.385,0,0,8,8,8,13.385,0,9.4,-0.8,-3.12,2,1.0,1.0,1.0,0.0,0.0,13.385,16,1.0,0,0,1,1.0,1.0,13.385,8.0,1.0,1
1,17,4,9085,1,1,123.0,1,19,19,4,10,124.4,1,0,0,1,0,0,19,0,0,6,14,6,15.666666666666666,0,0,6,9,6,14.5,0,15.5,2.8,-4.06,2,1.0,1.0,1.0,0.0,-1.166666666666666,15.083333333333332,12,1.0,0,0,1,1.0,1.0,15.083333333333332,6.0,1.0,1
1,44,1,9003,1,39,150.0,1,19,37,6,6,150.0,0,0,1,1,0,1,19,0,0,6,9,6,14.333333333333334,0,0,6,7,6,13.833333333333334,0,13.9,-0.3,0.79,2,1.0,1.0,1.0,0.0,-0.5,14.083333333333334,12,1.0,0,0,1,1.0,1.0,14.083333333333334,6.0,1.0,1
1,17,4,9238,1,1,123.0,1,19,19,191,144,116.0,1,0,0,1,0,1,18,0,0,6,9,6,11.666666666666666,0,0,6,8,6,11.666666666666666,0,8.9,1.4,3.51,2,1.0,1.0,1.0,0.0,0.0,11.666666666666666,12,1.0,0,0,0,0.0,1.0,11.666666666666666,6.0,1.0,1
1,1,1,9070,1,1,130.0,1,38,37,3,6,135.6,1,0,0,1,0,1,19,0,0,6,9,5,12.0,0,0,6,10,2,11.333333333333334,0,8.9,1.4,3.51,0,0.8333333333333334,0.3333333333333333,0.2777777777777778,-0.5,-0.6666666666666661,11.666666666666668,7,0.5833333333333334,0,0,0,0.6666666666666667,0.5833333333333334,6.805555555555556,2.0,0.5,1
2,1,1,9500,1,1,137.0,1,3,38,2,4,121.0,0,0,0,1,0,1,19,0,0,8,8,7,14.725714285714288,0,0,8,8,7,14.725714285714288,0,10.8,1.4,1.74,2,0.875,0.875,0.765625,0.0,0.0,14.725714285714288,14,0.875,0,0,0,0.125,0.875,12.885000000000002,7.0,1.0,1
1,17,2,9773,1,1,126.0,1,19,38,9,8,118.7,1,0,0,1,0,1,18,0,0,6,6,6,14.166666666666666,0,0,6,6,6,13.666666666666666,0,12.4,0.5,1.79,2,1.0,1.0,1.0,0.0,-0.5,13.916666666666666,12,1.0,0,0,0,0.0,1.0,13.916666666666666,6.0,1.0,1
1,1,1,9238,1,1,125.0,1,1,1,3,3,125.7,1,0,0,1,0,0,18,0,0,6,10,6,11.571428571428571,0,0,6,8,6,12.333333333333334,0,12.4,0.5,1.79,2,1.0,1.0,1.0,0.0,0.7619047619047628,11.952380952380953,12,1.0,0,0,1,1.0,1.0,11.952380952380953,6.0,1.0,1
1,17,4,9556,1,1,112.0,1,1,1,4,10,107.1,1,0,0,1,0,0,20,0,0,7,7,7,12.5,0,0,8,8,8,13.1375,0,12.4,0.5,1.79,2,1.0,1.0,1.0,0.0,0.6374999999999993,12.81875,15,1.0,1,0,1,1.0,1.0,12.81875,8.0,1.0,1
1,1,1,9500,1,1,141.0,1,19,38,5,7,125.5,0,0,0,1,0,0,18,0,0,8,10,8,12.86,2,0,8,10,8,12.86,2,9.4,-0.8,-3.12,2,1.0,1.0,1.0,0.0,0.0,12.86,16,1.0,0,0,1,1.0,1.0,12.86,8.0,1.0,1
1,17,4,9670,1,1,135.0,1,38,38,9,7,127.0,1,0,0,1,0,0,18,0,0,6,10,6,12.25,0,0,6,9,6,13.714285714285714,0,11.1,0.6,2.02,2,1.0,1.0,1.0,0.0,1.4642857142857135,12.982142857142858,12,1.0,0,0,1,1.0,1.0,12.982142857142858,6.0,1.0,1
1,1,2,9085,1,1,117.0,1,38,37,9,9,113.5,1,0,0,1,0,1,21,0,0,5,7,4,12.0,0,0,5,5,5,12.2,0,10.8,1.4,1.74,2,0.8,1.0,0.8,0.19999999999999996,0.1999999999999993,12.1,9,0.9,0,0,0,0.0,0.9,10.89,5.0,0.8,1
1,1,1,9500,1,1,160.0,1,19,19,4,9,154.4,0,0,0,1,0,1,18,0,0,7,9,7,15.116666666666667,0,0,8,9,8,16.168888888888887,0,15.5,2.8,-4.06,2,1.0,1.0,1.0,0.0,1.0522222222222197,15.642777777777777,15,1.0,1,0,0,0.0,1.0,15.642777777777777,8.0,1.0,1
1,51,1,9670,1,1,136.0,1,19,19,5,5,122.0,0,0,1,0,0,0,18,0,0,5,6,2,12.5,0,0,5,6,4,10.25,0,9.4,-0.8,-3.12,0,0.4,0.8,0.32000000000000006,0.4,-2.25,11.375,6,0.6,0,0,3,3.2,0.6,6.825,4.0,0.6,1
1,17,2,9238,1,1,143.0,1,1,11,4,3,128.0,1,0,0,1,0,0,19,0,0,6,11,0,0.0,0,0,6,0,0,0.0,0,9.4,-0.8,-3.12,0,0.0,0.0,0.0,0.0,0.0,0.0,0,0.0,0,0,1,2.0,0.0,0.0,0.0,1.0,1
1,1,1,9670,1,1,119.0,1,1,19,4,10,115.5,1,0,0,1,0,0,19,0,0,6,8,4,11.0,0,0,6,9,4,11.0,0,10.8,1.4,1.74,1,0.6666666666666666,0.6666666666666666,0.4444444444444444,0.0,0.0,11.0,8,0.6666666666666666,0,0,1,1.3333333333333335,0.6666666666666666,7.333333333333333,4.0,1.0,1
1,17,4,9670,1,1,120.0,1,1,19,5,5,117.2,1,0,0,1,0,0,18,0,0,6,8,6,11.875,0,0,6,11,4,14.6,0,11.1,0.6,2.02,2,1.0,0.6666666666666666,0.6666666666666666,-0.33333333333333337,2.7249999999999996,13.2375,10,0.8333333333333334,0,0,1,1.3333333333333335,0.8333333333333334,11.031250000000002,4.0,0.6666666666666666,1
1,39,1,9130,1,3,150.0,1,3,1,90,90,150.0,1,0,0,1,0,0,34,0,1,5,6,1,11.0,0,0,5,5,0,0.0,0,12.7,3.7,-1.7,0,0.2,0.0,0.0,-0.2,-11.0,5.5,1,0.1,0,0,1,2.0,0.1,0.55,0.0,0.8,1
1,1,3,9085,1,1,142.0,1,11,11,90,90,155.3,0,0,0,1,0,0,19,0,0,5,5,5,15.2,0,0,5,6,5,13.2,0,7.6,2.6,0.32,2,1.0,1.0,1.0,0.0,-2.0,14.2,10,1.0,0,0,1,1.0,1.0,14.2,5.0,1.0,1
1,44,1,9130,1,39,120.0,1,37,37,7,8,120.0,1,0,1,0,0,0,19,0,2,6,7,5,11.6,0,1,6,12,2,11.0,0,12.4,0.5,1.79,0,0.8333333333333334,0.3333333333333333,0.2777777777777778,-0.5,-0.5999999999999996,11.3,7,0.5833333333333334,0,0,3,3.666666666666667,0.5833333333333334,6.591666666666668,2.0,0.5,1
1,51,1,9238,1,1,160.0,1,3,19,2,1,116.1,0,0,1,1,0,0,26,0,0,6,6,6,14.833333333333334,0,0,6,7,6,15.142857142857142,0,11.1,0.6,2.02,2,1.0,1.0,1.0,0.0,0.3095238095238084,14.988095238095237,12,1.0,0,0,2,2.0,1.0,14.988095238095237,6.0,1.0,1
1,17,1,9853,1,1,133.1,1,34,34,0,0,118.9,1,0,0,1,0,0,21,0,0,6,12,3,11.333333333333334,0,0,6,10,3,11.333333333333334,0,7.6,2.6,0.32,0,0.5,0.5,0.25,0.0,0.0,11.333333333333334,6,0.5,0,0,1,1.5,0.5,5.666666666666667,3.0,1.0,1
1,17,2,9147,1,1,142.0,1,19,19,4,8,127.3,0,0,0,1,0,1,18,0,0,5,5,5,11.2,0,0,5,5,5,11.8,0,11.1,0.6,2.02,2,1.0,1.0,1.0,0.0,0.6000000000000014,11.5,10,1.0,0,0,0,0.0,1.0,11.5,5.0,1.0,1
1,17,4,9853,1,1,121.0,1,38,38,5,7,113.7,1,0,0,1,0,1,20,0,0,6,8,5,13.4,0,0,6,9,5,13.666666666666666,0,9.4,-0.8,-3.12,2,0.8333333333333334,0.8333333333333334,0.6944444444444445,0.0,0.2666666666666657,13.533333333333333,10,0.8333333333333334,0,0,0,0.16666666666666663,0.8333333333333334,11.277777777777779,5.0,1.0,1
1,51,1,9147,1,1,135.0,1,1,1,4,4,118.5,0,0,0,1,0,0,25,0,0,5,12,2,10.5,0,0,5,5,0,0.0,0,11.1,0.6,2.02,0,0.4,0.0,0.0,-0.4,-10.5,5.25,2,0.2,0,0,1,2.0,0.2,1.05,0.0,0.6,1
1,1,1,9147,1,1,153.0,1,1,38,4,3,146.7,0,0,0,1,0,0,18,0,0,5,5,5,16.2,0,0,5,5,5,16.4,0,11.1,0.6,2.02,2,1.0,1.0,1.0,0.0,0.1999999999999993,16.299999999999997,10,1.0,0,0,1,1.0,1.0,16.299999999999997,5.0,1.0,1
1,1,1,9500,1,1,140.0,1,19,19,3,6,124.3,1,0,0,1,0,1,18,0,0,7,7,7,14.542857142857144,0,0,8,11,8,14.88181818181818,0,16.2,0.3,-0.92,2,1.0,1.0,1.0,0.0,0.3389610389610347,14.712337662337662,15,1.0,1,0,0,0.0,1.0,14.712337662337662,8.0,1.0,1
1,1,1,9500,1,1,152.0,1,41,19,3,5,137.8,0,0,0,1,0,0,19,0,0,7,7,7,13.694285714285714,0,0,8,9,8,14.355555555555554,0,11.1,0.6,2.02,2,1.0,1.0,1.0,0.0,0.6612698412698403,14.024920634920633,15,1.0,1,0,1,1.0,1.0,14.024920634920633,8.0,1.0,1
1,1,1,9238,1,1,120.0,1,19,38,5,9,130.2,0,0,0,1,0,1,18,0,0,6,8,6,11.285714285714286,0,0,6,10,6,11.857142857142858,0,12.4,0.5,1.79,2,1.0,1.0,1.0,0.0,0.5714285714285712,11.571428571428573,12,1.0,0,0,0,0.0,1.0,11.571428571428573,6.0,1.0,1
1,7,1,9085,1,40,150.0,1,19,19,9,5,150.0,0,0,1,0,0,0,26,0,0,3,3,0,0.0,0,0,6,0,0,0.0,0,8.9,1.4,3.51,0,0.0,0.0,0.0,0.0,0.0,0.0,0,0.0,3,0,3,4.0,0.0,0.0,0.0,1.0,1
1,42,1,9500,1,1,100.0,1,37,37,7,9,100.0,1,0,0,1,0,1,19,0,0,8,8,7,13.058571428571428,0,0,8,8,7,13.058571428571428,0,10.8,1.4,1.74,2,0.875,0.875,0.765625,0.0,0.0,13.058571428571428,14,0.875,0,0,0,0.125,0.875,11.42625,7.0,1.0,1
1,1,1,9500,1,1,150.0,1,1,1,5,1,155.6,0,0,0,1,0,0,19,0,0,7,7,7,14.3,0,0,8,9,8,14.055555555555555,0,16.2,0.3,-0.92,2,1.0,1.0,1.0,0.0,-0.24444444444444535,14.177777777777777,15,1.0,1,0,1,1.0,1.0,14.177777777777777,8.0,1.0,1
1,5,3,9085,1,1,141.0,1,1,19,7,5,128.8,1,0,0,1,0,0,19,0,0,5,9,3,10.333333333333334,1,0,5,8,3,13.0,0,7.6,2.6,0.32,1,0.6,0.6,0.36,0.0,2.666666666666666,11.666666666666668,6,0.6,0,0,1,1.4,0.6,7.000000000000001,3.0,1.0,1
1,1,1,9254,1,1,121.0,1,19,19,5,8,117.5,1,0,0,1,0,0,18,0,0,6,7,6,10.571428571428571,0,0,6,11,3,11.666666666666666,0,16.2,0.3,-0.92,2,1.0,0.5,0.5,-0.5,1.095238095238095,11.119047619047619,9,0.75,0,0,1,1.5,0.75,8.339285714285714,3.0,0.5,1
1,43,1,9500,1,6,134.0,1,1,37,9,9,120.4,1,0,0,1,0,0,19,0,0,7,7,6,13.333333333333334,0,0,7,7,6,13.333333333333334,0,7.6,2.6,0.32,2,0.8571428571428571,0.8571428571428571,0.7346938775510203,0.0,0.0,13.333333333333334,12,0.8571428571428571,0,0,1,1.1428571428571428,0.8571428571428571,11.428571428571429,6.0,1.0,1
1,1,1,9238,1,1,134.0,1,1,1,9,6,130.9,0,0,1,1,0,0,18,0,0,6,10,6,11.857142857142858,0,0,6,9,5,11.0,0,13.9,-0.3,0.79,2,1.0,0.8333333333333334,0.8333333333333334,-0.16666666666666663,-0.8571428571428577,11.428571428571429,11,0.9166666666666666,0,0,2,2.1666666666666665,0.9166666666666666,10.476190476190476,5.0,0.8333333333333334,1
1,1,1,9853,1,1,123.0,1,1,38,9,6,121.6,1,0,0,1,0,0,18,0,0,7,12,5,12.0,0,0,7,9,6,12.666666666666666,0,11.1,0.6,2.02,1,0.7142857142857143,0.8571428571428571,0.6122448979591837,0.1428571428571428,0.6666666666666661,12.333333333333332,11,0.7857142857142857,0,0,1,1.1428571428571428,0.7857142857142857,9.69047619047619,6.0,0.8571428571428572,1
1,44,1,9119,1,39,151.0,1,19,37,4,7,151.0,0,0,1,1,0,0,26,0,0,5,6,0,0.0,0,0,5,5,0,0.0,0,16.2,0.3,-0.92,0,0.0,0.0,0.0,0.0,0.0,0.0,0,0.0,0,0,2,3.0,0.0,0.0,0.0,1.0,1
1,1,1,9238,1,1,107.0,1,38,38,7,7,103.5,1,0,0,1,0,0,20,0,0,6,7,6,12.0,0,0,6,7,6,13.0,0,12.4,0.5,1.79,2,1.0,1.0,1.0,0.0,1.0,12.5,12,1.0,0,0,1,1.0,1.0,12.5,6.0,1.0,1
1,1,1,8014,0,1,126.0,1,37,38,9,10,119.4,0,0,0,1,0,0,19,0,0,6,6,6,12.666666666666666,0,0,6,6,6,11.666666666666666,0,12.7,3.7,-1.7,2,1.0,1.0,1.0,0.0,-1.0,12.166666666666666,12,1.0,0,0,1,1.0,1.0,12.166666666666666,6.0,1.0,1
1,1,1,9238,1,1,133.0,1,34,37,4,9,134.4,1,0,0,1,0,1,18,0,0,6,6,6,12.166666666666666,0,0,6,9,6,13.666666666666666,0,9.4,-0.8,-3.12,2,1.0,1.0,1.0,0.0,1.5,12.916666666666666,12,1.0,0,0,0,0.0,1.0,12.916666666666666,6.0,1.0,1
1,44,1,9238,1,39,140.0,1,38,37,7,7,143.0,0,0,0,1,0,0,19,0,3,6,6,6,13.333333333333334,0,2,6,6,6,14.666666666666666,0,13.9,-0.3,0.79,2,1.0,1.0,1.0,0.0,1.3333333333333321,14.0,12,1.0,0,0,1,1.0,1.0,14.0,6.0,1.0,1
1,7,1,9853,1,40,110.0,1,41,3,2,1,110.0,0,0,1,1,0,0,40,0,0,7,8,7,15.0,0,0,7,7,7,14.571428571428571,0,12.4,0.5,1.79,2,1.0,1.0,1.0,0.0,-0.4285714285714288,14.785714285714285,14,1.0,0,0,2,2.0,1.0,14.785714285714285,7.0,1.0,1
1,1,4,9500,1,1,141.0,1,38,38,7,7,132.5,1,0,0,1,0,1,18,0,0,8,8,8,13.39125,0,0,8,8,8,13.39125,0,9.4,-0.8,-3.12,2,1.0,1.0,1.0,0.0,0.0,13.39125,16,1.0,0,0,0,0.0,1.0,13.39125,8.0,1.0,1
1,17,1,9238,1,1,122.0,1,3,1,9,10,114.7,0,0,0,1,0,0,19,0,0,6,9,5,12.166666666666666,0,0,6,8,6,12.428571428571429,0,13.9,-0.3,0.79,2,0.8333333333333334,1.0,0.8333333333333334,0.16666666666666663,0.26190476190476275,12.297619047619047,11,0.9166666666666666,0,0,1,1.0,0.9166666666666666,11.27281746031746,6.0,0.8333333333333334,1
1,17,1,9130,1,1,156.0,1,2,9,3,5,166.9,0,0,0,1,0,0,18,0,0,5,9,4,11.25,0,0,5,6,4,12.5,0,7.6,2.6,0.32,2,0.8,0.8,0.6400000000000001,0.0,1.25,11.875,8,0.8,0,0,1,1.2,0.8,9.5,4.0,1.0,1
1,1,1,9085,1,1,129.0,1,1,2,3,1,125.9,1,0,0,1,0,0,19,0,0,5,13,4,12.0,2,0,5,8,3,12.0,0,9.4,-0.8,-3.12,1,0.8,0.6,0.48,-0.20000000000000007,0.0,12.0,7,0.7,0,0,1,1.4,0.7,8.399999999999999,3.0,0.7999999999999999,1
1,1,1,171,1,1,188.0,1,3,3,2,2,178.3,1,0,0,1,0,0,18,0,0,0,0,0,0.0,0,0,0,0,0,0.0,0,15.5,2.8,-4.06,0,0.0,0.0,0.0,0.0,0.0,0.0,0,0.0,0,1,1,3.0,0.0,0.0,0.0,1.0,0
2,39,1,8014,0,1,120.0,1,37,37,9,9,117.0,1,0,0,1,0,0,33,0,0,6,7,6,12.833333333333334,0,0,6,8,6,12.857142857142858,0,12.4,0.5,1.79,2,1.0,1.0,1.0,0.0,0.023809523809523725,12.845238095238095,12,1.0,0,0,1,1.0,1.0,12.845238095238095,6.0,1.0,1
1,39,1,9003,1,3,130.0,1,3,3,1,2,150.0,0,0,0,1,0,0,35,0,0,6,10,6,14.0,0,0,6,11,6,13.1,0,16.2,0.3,-0.92,2,1.0,1.0,1.0,0.0,-0.9000000000000004,13.55,12,1.0,0,0,1,1.0,1.0,13.55,6.0,1.0,1
1,42,1,9147,1,1,130.0,1,37,38,9,1,130.0,1,0,0,1,0,0,26,0,3,5,5,4,13.0,0,1,5,7,2,12.0,0,9.4,-0.8,-3.12,1,0.8,0.4,0.32000000000000006,-0.4,-1.0,12.5,6,0.6,0,0,1,1.6,0.6,7.5,2.0,0.6,1
1,1,1,9773,1,1,140.0,1,19,19,7,5,135.1,1,0,0,1,0,0,18,0,0,6,7,6,13.5,0,0,6,8,6,12.5,0,9.4,-0.8,-3.12,2,1.0,1.0,1.0,0.0,-1.0,13.0,12,1.0,0,0,1,1.0,1.0,13.0,6.0,1.0,1
4,39,1,9991,0,1,133.1,1,37,37,6,6,136.2,0,0,0,1,0,0,39,0,0,5,6,5,11.0,0,0,5,9,5,11.666666666666666,0,10.8,1.4,1.74,2,1.0,1.0,1.0,0.0,0.6666666666666661,11.333333333333332,10,1.0,0,0,1,1.0,1.0,11.333333333333332,5.0,1.0,1
2,39,1,9238,1,1,120.0,1,37,37,9,9,116.0,0,0,0,1,0,0,44,0,0,6,8,6,13.0,0,0,6,6,6,13.833333333333334,0,12.7,3.7,-1.7,2,1.0,1.0,1.0,0.0,0.8333333333333339,13.416666666666668,12,1.0,0,0,1,1.0,1.0,13.416666666666668,6.0,1.0,1
1,43,1,9773,1,1,123.0,1,19,19,9,8,134.0,0,0,0,1,0,1,20,0,0,6,6,6,13.666666666666666,0,0,6,6,6,13.333333333333334,0,12.4,0.5,1.79,2,1.0,1.0,1.0,0.0,-0.33333333333333215,13.5,12,1.0,0,0,0,0.0,1.0,13.5,6.0,1.0,1
1,1,4,171,1,1,127.0,1,1,1,9,5,124.2,1,0,0,0,0,0,19,0,0,0,0,0,0.0,0,0,0,0,0,0.0,0,9.4,-0.8,-3.12,0,0.0,0.0,0.0,0.0,0.0,0.0,0,0.0,0,1,2,4.0,0.0,0.0,0.0,1.0,0
2,1,1,9500,1,1,151.0,1,37,38,9,7,134.5,0,0,1,1,0,1,18,0,0,7,7,6,14.2,0,0,7,7,6,14.2,0,7.6,2.6,0.32,2,0.8571428571428571,0.8571428571428571,0.7346938775510203,0.0,0.0,14.2,12,0.8571428571428571,0,0,1,1.1428571428571428,0.8571428571428571,12.17142857142857,6.0,1.0,1
1,1,1,9254,1,1,127.0,1,19,19,4,6,120.7,0,0,1,0,0,0,22,0,0,6,10,5,11.0,0,0,6,12,0,0.0,0,10.8,1.4,1.74,0,0.8333333333333334,0.0,0.0,-0.8333333333333334,-11.0,5.5,5,0.4166666666666667,0,0,3,4.0,0.4166666666666667,2.291666666666667,0.0,0.16666666666666663,1
1,17,1,9085,1,1,133.0,1,19,1,4,5,127.1,1,0,0,1,0,0,18,0,0,6,7,6,15.0,0,0,6,7,6,16.428571428571427,0,11.1,0.6,2.02,2,1.0,1.0,1.0,0.0,1.428571428571427,15.714285714285714,12,1.0,0,0,1,1.0,1.0,15.714285714285714,6.0,1.0,1
1,39,1,9500,1,19,133.1,1,38,37,9,9,133.0,0,0,0,1,0,0,24,0,0,7,9,6,12.585714285714284,0,0,8,9,7,13.44285714285714,0,13.9,-0.3,0.79,2,0.8571428571428571,0.875,0.75,0.017857142857142905,0.8571428571428559,13.014285714285712,13,0.8666666666666667,1,0,1,1.125,0.8666666666666667,11.279047619047617,7.0,0.9821428571428571,1
1,39,1,9991,0,1,133.1,1,37,37,90,8,128.2,0,0,0,1,0,0,33,0,0,5,0,0,0.0,0,0,5,0,0,0.0,0,12.7,3.7,-1.7,0,0.0,0.0,0.0,0.0,0.0,0.0,0,0.0,0,0,1,2.0,0.0,0.0,0.0,1.0,1
1,39,1,9085,1,43,160.0,1,3,39,2,3,172.0,0,0,0,1,0,0,26,0,0,6,0,0,0.0,0,0,6,0,0,0.0,0,8.9,1.4,3.51,0,0.0,0.0,0.0,0.0,0.0,0.0,0,0.0,0,0,1,2.0,0.0,0.0,0.0,1.0,1
1,17,4,9853,1,1,140.0,1,19,38,4,1,128.5,1,0,0,1,0,0,18,0,0,6,7,6,11.666666666666666,0,0,6,10,6,11.833333333333334,0,10.8,1.4,1.74,2,1.0,1.0,1.0,0.0,0.16666666666666785,11.75,12,1.0,0,0,1,1.0,1.0,11.75,6.0,1.0,1
1,53,1,9085,1,42,140.0,1,19,37,9,8,142.5,1,0,0,1,0,1,22,0,7,11,18,8,13.5,0,4,9,16,7,13.714285714285714,0,8.9,1.4,3.51,2,0.7272727272727273,0.7777777777777778,0.5656565656565656,0.0505050505050505,0.21428571428571352,13.607142857142858,15,0.75,-2,0,0,0.2222222222222222,0.75,10.205357142857142,7.0,0.9494949494949495,1
1,1,1,9085,1,1,133.1,1,37,38,7,5,106.0,1,0,0,1,0,1,21,0,0,6,13,6,16.153846153846153,0,0,6,10,6,15.75,0,15.5,2.8,-4.06,2,1.0,1.0,1.0,0.0,-0.4038461538461533,15.951923076923077,12,1.0,0,0,0,0.0,1.0,15.951923076923077,6.0,1.0,1
1,1,4,9500,1,1,136.0,1,19,38,4,8,125.5,1,0,0,1,0,1,21,0,0,7,7,6,14.033333333333331,0,0,7,7,6,14.033333333333331,0,7.6,2.6,0.32,2,0.8571428571428571,0.8571428571428571,0.7346938775510203,0.0,0.0,14.033333333333331,12,0.8571428571428571,0,0,0,0.1428571428571429,0.8571428571428571,12.028571428571427,6.0,1.0,1
1,1,1,9853,1,1,122.0,1,38,37,191,195,112.9,1,0,0,1,0,1,19,0,0,7,8,7,13.857142857142858,0,0,7,8,6,13.666666666666666,0,8.9,1.4,3.51,2,1.0,0.8571428571428571,0.8571428571428571,-0.1428571428571429,-0.19047619047619158,13.761904761904763,13,0.9285714285714286,0,0,0,0.1428571428571429,0.9285714285714286,12.77891156462585,6.0,0.8571428571428571,1
2,43,1,8014,0,1,160.0,1,37,39,9,4,140.9,0,0,0,1,0,0,50,0,7,11,11,11,13.545454545454543,0,3,7,7,7,13.571428571428571,0,16.2,0.3,-0.92,2,1.0,1.0,1.0,0.0,0.02597402597402798,13.558441558441558,18,1.0,-4,0,1,1.0,1.0,13.558441558441558,7.0,1.0,1
4,39,1,9991,0,1,130.0,1,38,19,9,7,148.0,0,0,0,1,0,1,31,0,0,5,11,4,11.25,0,0,5,10,4,10.833333333333334,0,13.9,-0.3,0.79,1,0.8,0.8,0.6400000000000001,0.0,-0.4166666666666661,11.041666666666668,8,0.8,0,0,0,0.19999999999999996,0.8,8.833333333333334,4.0,1.0,1
1,17,1,9773,1,1,161.0,1,1,19,4,7,148.4,0,0,0,1,0,1,19,0,0,6,6,6,13.833333333333334,0,0,6,7,6,14.428571428571429,0,15.5,2.8,-4.06,2,1.0,1.0,1.0,0.0,0.5952380952380949,14.130952380952381,12,1.0,0,0,0,0.0,1.0,14.130952380952381,6.0,1.0,1
4,39,1,9991,0,1,140.0,1,1,37,141,192,129.7,0,0,0,1,0,0,35,0,0,5,8,5,12.0,0,0,5,9,5,12.857142857142858,0,13.9,-0.3,0.79,2,1.0,1.0,1.0,0.0,0.8571428571428577,12.428571428571429,10,1.0,0,0,1,1.0,1.0,12.428571428571429,5.0,1.0,1
2,39,1,9085,1,19,133.1,1,38,38,4,7,128.2,0,0,0,1,0,0,31,0,0,6,0,0,0.0,0,0,6,0,0,0.0,0,12.7,3.7,-1.7,0,0.0,0.0,0.0,0.0,0.0,0.0,0,0.0,0,0,1,2.0,0.0,0.0,0.0,1.0,1
2,51,1,8014,0,19,133.1,1,37,37,9,9,104.0,0,0,1,1,0,0,42,0,5,11,14,10,11.9,0,5,11,14,10,12.8,0,11.1,0.6,2.02,1,0.9090909090909091,0.9090909090909091,0.8264462809917354,0.0,0.9000000000000004,12.350000000000001,20,0.9090909090909091,0,0,2,2.090909090909091,0.9090909090909091,11.227272727272728,10.0,1.0,1
1,18,4,9147,1,1,130.0,1,37,37,9,9,119.9,1,0,0,0,0,0,34,0,0,5,5,0,0.0,0,0,5,0,0,0.0,0,9.4,-0.8,-3.12,0,0.0,0.0,0.0,0.0,0.0,0.0,0,0.0,0,0,2,3.0,0.0,0.0,0.0,1.0,1
1,1,1,9500,1,1,152.0,1,1,1,4,4,141.0,1,0,0,1,0,1,18,0,0,7,7,7,15.135714285714286,0,0,8,8,8,15.287499999999998,0,12.4,0.5,1.79,2,1.0,1.0,1.0,0.0,0.15178571428571175,15.211607142857142,15,1.0,1,0,0,0.0,1.0,15.211607142857142,8.0,1.0,1
1,44,1,9085,1,39,140.0,1,37,38,5,6,140.0,1,0,0,1,0,0,21,0,2,6,16,5,12.666666666666666,0,1,6,15,2,13.5,0,16.2,0.3,-0.92,1,0.8333333333333334,0.3333333333333333,0.2777777777777778,-0.5,0.8333333333333339,13.083333333333332,7,0.5833333333333334,0,0,1,1.6666666666666667,0.5833333333333334,7.631944444444445,2.0,0.5,1
1,1,1,9238,1,1,135.0,1,38,38,5,7,121.0,0,0,0,1,0,0,19,0,0,6,13,3,10.333333333333334,0,0,6,12,3,10.333333333333334,0,7.6,2.6,0.32,1,0.5,0.5,0.25,0.0,0.0,10.333333333333334,6,0.5,0,0,1,1.5,0.5,5.166666666666667,3.0,1.0,1
1,1,1,9853,1,1,125.0,1,19,19,5,5,117.0,0,0,0,1,0,1,19,0,0,6,7,6,13.428571428571429,0,0,6,6,6,13.166666666666666,0,15.5,2.8,-4.06,2,1.0,1.0,1.0,0.0,-0.26190476190476275,13.297619047619047,12,1.0,0,0,0,0.0,1.0,13.297619047619047,6.0,1.0,1
1,53,1,9147,1,42,140.0,1,3,4,2,1,140.2,0,0,0,1,0,0,20,0,6,11,19,9,12.555555555555555,0,3,9,14,8,11.11111111111111,0,8.9,1.4,3.51,2,0.8181818181818182,0.8888888888888888,0.7272727272727273,0.07070707070707061,-1.4444444444444446,11.833333333333332,17,0.85,-2,0,1,1.1111111111111112,0.85,10.058333333333332,8.0,0.9292929292929294,1
1,1,1,9238,1,1,124.0,1,34,34,0,0,129.3,0,0,0,1,0,0,19,0,0,6,8,6,11.5,0,0,6,7,6,11.166666666666666,0,7.6,2.6,0.32,2,1.0,1.0,1.0,0.0,-0.3333333333333339,11.333333333333332,12,1.0,0,0,1,1.0,1.0,11.333333333333332,6.0,1.0,1
1,1,1,9853,1,1,140.0,1,37,37,9,9,145.3,0,0,0,1,0,0,18,0,0,6,6,6,13.666666666666666,0,0,6,9,6,12.333333333333334,0,7.6,2.6,0.32,2,1.0,1.0,1.0,0.0,-1.3333333333333321,13.0,12,1.0,0,0,1,1.0,1.0,13.0,6.0,1.0,1
1,39,1,9991,0,3,130.0,1,37,37,9,9,146.2,0,0,0,1,0,0,28,0,10,14,16,11,11.272727272727272,0,6,11,16,10,12.0,0,10.8,1.4,1.74,2,0.7857142857142857,0.9090909090909091,0.7142857142857143,0.12337662337662336,0.7272727272727284,11.636363636363637,21,0.84,-3,0,1,1.0909090909090908,0.84,9.774545454545455,10.0,0.8766233766233766,1
1,17,1,9853,1,1,134.0,1,1,19,4,5,122.5,1,0,0,1,0,0,22,0,0,6,10,5,13.166666666666666,0,0,6,8,5,12.4,0,15.5,2.8,-4.06,1,0.8333333333333334,0.8333333333333334,0.6944444444444445,0.0,-0.7666666666666657,12.783333333333333,10,0.8333333333333334,0,0,1,1.1666666666666665,0.8333333333333334,10.652777777777779,5.0,1.0,1
1,44,1,8014,0,39,160.0,1,37,37,7,7,156.1,0,0,0,1,0,1,21,0,3,6,6,6,14.666666666666666,0,2,6,6,6,14.166666666666666,0,13.9,-0.3,0.79,2,1.0,1.0,1.0,0.0,-0.5,14.416666666666666,12,1.0,0,0,0,0.0,1.0,14.416666666666666,6.0,1.0,1
1,44,1,9085,1,39,140.0,1,4,38,4,5,140.0,1,0,0,1,0,0,21,0,0,6,11,4,12.75,0,0,6,19,1,11.0,0,12.4,0.5,1.79,1,0.6666666666666666,0.16666666666666666,0.1111111111111111,-0.5,-1.75,11.875,5,0.4166666666666667,0,0,1,1.8333333333333335,0.4166666666666667,4.947916666666667,1.0,0.5,1
1,1,6,9773,1,1,141.0,1,30,37,7,7,128.4,1,0,1,0,0,0,18,0,0,6,8,5,13.0,0,0,6,8,5,11.4,0,7.6,2.6,0.32,0,0.8333333333333334,0.8333333333333334,0.6944444444444445,0.0,-1.5999999999999996,12.2,10,0.8333333333333334,0,0,3,3.1666666666666665,0.8333333333333334,10.166666666666666,5.0,1.0,1
1,17,2,9085,1,1,120.0,1,1,1,9,10,115.0,0,0,0,0,0,0,20,0,0,5,8,2,10.5,0,0,5,8,2,12.333333333333334,0,7.6,2.6,0.32,0,0.4,0.4,0.16000000000000003,0.0,1.833333333333334,11.416666666666668,4,0.4,0,0,2,2.6,0.4,4.566666666666667,2.0,1.0,1
1,17,2,9085,1,1,166.0,1,1,19,4,3,158.7,0,0,0,1,0,0,18,0,0,6,7,6,14.857142857142858,0,0,6,7,6,14.0,0,11.1,0.6,2.02,2,1.0,1.0,1.0,0.0,-0.8571428571428577,14.428571428571429,12,1.0,0,0,1,1.0,1.0,14.428571428571429,6.0,1.0,1
1,1,4,9500,1,1,147.0,1,1,1,4,9,124.5,1,0,0,1,0,1,19,0,0,8,11,7,12.86,0,0,8,11,7,12.86,0,10.8,1.4,1.74,2,0.875,0.875,0.765625,0.0,0.0,12.86,14,0.875,0,0,0,0.125,0.875,11.2525,7.0,1.0,1
1,51,1,9238,1,1,121.0,1,3,19,3,10,111.9,1,0,0,1,0,0,20,0,5,11,12,11,11.727272727272728,0,5,11,14,11,12.0,0,12.4,0.5,1.79,2,1.0,1.0,1.0,0.0,0.2727272727272716,11.863636363636363,22,1.0,0,0,1,1.0,1.0,11.863636363636363,11.0,1.0,1
1,44,1,9085,1,39,150.0,1,38,37,4,6,150.0,1,0,0,1,0,1,22,0,3,6,11,6,13.142857142857142,0,2,6,10,3,12.0,0,13.9,-0.3,0.79,2,1.0,0.5,0.5,-0.5,-1.1428571428571423,12.571428571428571,9,0.75,0,0,0,0.5,0.75,9.428571428571429,3.0,0.5,1
1,17,1,9670,1,1,124.0,1,37,19,5,8,114.2,1,0,1,1,0,0,18,0,0,6,6,5,11.8,0,0,6,9,4,13.714285714285714,0,10.8,1.4,1.74,0,0.8333333333333334,0.6666666666666666,0.5555555555555556,-0.16666666666666674,1.9142857142857128,12.757142857142856,9,0.75,0,0,2,2.3333333333333335,0.75,9.567857142857143,4.0,0.8333333333333333,1
1,17,1,9147,1,1,96.0,1,38,37,6,4,96.0,1,0,0,1,0,0,19,0,0,5,10,3,10.666666666666666,0,0,5,9,0,0.0,3,16.2,0.3,-0.92,0,0.6,0.0,0.0,-0.6,-10.666666666666666,5.333333333333333,3,0.3,0,0,1,2.0,0.3,1.5999999999999999,0.0,0.4,1
1,17,1,9254,1,1,136.0,1,37,37,7,7,121.7,1,0,0,1,0,0,20,0,0,6,13,3,10.333333333333334,0,0,6,12,3,10.333333333333334,0,10.8,1.4,1.74,1,0.5,0.5,0.25,0.0,0.0,10.333333333333334,6,0.5,0,0,1,1.5,0.5,5.166666666666667,3.0,1.0,1
1,1,1,9773,1,1,120.0,1,38,37,9,9,114.8,1,1,0,1,0,0,19,0,0,6,11,4,12.25,0,0,6,11,3,11.0,0,7.6,2.6,0.32,1,0.6666666666666666,0.5,0.3333333333333333,-0.16666666666666663,-1.25,11.625,7,0.5833333333333334,0,0,1,1.5,0.5833333333333334,6.78125,3.0,0.8333333333333334,1
1,1,1,9254,1,1,128.0,1,19,38,9,9,127.0,0,0,0,1,0,0,19,0,0,6,6,6,12.0,0,0,6,7,4,12.75,0,12.4,0.5,1.79,1,1.0,0.6666666666666666,0.6666666666666666,-0.33333333333333337,0.75,12.375,10,0.8333333333333334,0,0,1,1.3333333333333335,0.8333333333333334,10.3125,4.0,0.6666666666666666,1
1,17,1,9500,1,1,142.0,1,37,37,5,5,131.3,1,0,0,1,0,0,19,0,0,8,8,7,14.731428571428571,0,0,8,8,7,14.731428571428571,0,10.8,1.4,1.74,2,0.875,0.875,0.765625,0.0,0.0,14.731428571428571,14,0.875,0,0,1,1.125,0.875,12.89,7.0,1.0,1
1,7,1,9070,1,40,120.0,1,1,19,3,9,120.0,1,0,0,1,0,0,21,0,9,13,14,13,13.615384615384617,1,6,12,12,12,14.25,0,13.9,-0.3,0.79,2,1.0,1.0,1.0,0.0,0.6346153846153832,13.932692307692308,25,1.0,-1,0,1,1.0,1.0,13.932692307692308,12.0,1.0,1
1,39,1,9991,0,40,140.0,1,1,19,9,9,139.0,0,0,0,1,0,0,27,0,0,5,5,5,15.8,0,0,5,5,5,14.8,0,8.9,1.4,3.51,2,1.0,1.0,1.0,0.0,-1.0,15.3,10,1.0,0,0,1,1.0,1.0,15.3,5.0,1.0,1
1,17,1,9238,1,1,135.0,1,1,19,4,4,129.1,0,0,0,1,0,0,19,0,0,6,6,6,14.666666666666666,0,0,6,7,6,14.571428571428571,0,15.5,2.8,-4.06,2,1.0,1.0,1.0,0.0,-0.0952380952380949,14.619047619047619,12,1.0,0,0,1,1.0,1.0,14.619047619047619,6.0,1.0,1
4,39,1,9085,1,1,133.1,1,34,34,0,0,128.2,0,0,0,1,0,0,25,0,0,5,5,0,0.0,0,0,5,5,0,0.0,0,7.6,2.6,0.32,0,0.0,0.0,0.0,0.0,0.0,0.0,0,0.0,0,0,1,2.0,0.0,0.0,0.0,1.0,1
1,1,2,9500,1,1,137.0,1,19,19,7,7,120.8,1,0,0,1,0,1,18,0,0,8,8,7,14.654285714285717,0,0,8,8,7,14.654285714285717,0,10.8,1.4,1.74,2,0.875,0.875,0.765625,0.0,0.0,14.654285714285717,14,0.875,0,0,0,0.125,0.875,12.822500000000002,7.0,1.0,1
1,39,1,9500,1,3,122.0,1,19,1,4,8,135.8,0,0,0,1,0,0,24,0,0,8,8,7,12.401428571428571,0,0,8,8,7,12.401428571428571,0,10.8,1.4,1.74,2,0.875,0.875,0.765625,0.0,0.0,12.401428571428571,14,0.875,0,0,1,1.125,0.875,10.85125,7.0,1.0,1
1,1,3,9500,1,1,128.0,1,1,1,4,10,118.9,1,0,0,1,0,0,20,0,0,7,8,7,11.5875,0,0,8,9,7,14.071428571428571,0,13.9,-0.3,0.79,2,1.0,0.875,0.875,-0.125,2.483928571428571,12.829464285714286,14,0.9333333333333333,1,0,1,1.125,0.9333333333333333,11.974166666666667,7.0,0.875,1
1,7,1,9991,0,40,140.0,1,37,37,6,6,140.0,0,0,0,1,0,0,26,0,3,5,5,5,14.0,0,1,5,5,5,15.6,0,12.4,0.5,1.79,2,1.0,1.0,1.0,0.0,1.5999999999999996,14.8,10,1.0,0,0,1,1.0,1.0,14.8,5.0,1.0,1
1,1,1,9238,1,1,132.0,1,1,38,9,7,127.1,1,0,0,1,0,1,20,0,0,6,9,6,12.333333333333334,0,0,6,6,6,11.833333333333334,0,8.9,1.4,3.51,2,1.0,1.0,1.0,0.0,-0.5,12.083333333333334,12,1.0,0,0,0,0.0,1.0,12.083333333333334,6.0,1.0,1
1,1,1,9085,1,1,131.0,1,37,37,90,90,137.0,0,0,0,1,0,0,18,0,0,5,5,5,14.0,0,0,5,6,5,15.4,0,7.6,2.6,0.32,2,1.0,1.0,1.0,0.0,1.4000000000000004,14.7,10,1.0,0,0,1,1.0,1.0,14.7,5.0,1.0,1
1,1,1,9085,1,1,126.0,1,1,1,9,9,127.4,1,0,0,1,0,0,19,0,0,6,13,6,15.23076923076923,0,0,6,10,6,12.375,0,15.5,2.8,-4.06,2,1.0,1.0,1.0,0.0,-2.85576923076923,13.802884615384615,12,1.0,0,0,1,1.0,1.0,13.802884615384615,6.0,1.0,1
1,1,1,9853,1,1,133.1,1,19,19,9,9,97.0,1,0,0,1,0,0,23,0,0,6,9,5,11.6,0,0,6,9,3,11.0,0,12.7,3.7,-1.7,0,0.8333333333333334,0.5,0.4166666666666667,-0.33333333333333337,-0.5999999999999996,11.3,8,0.6666666666666666,0,0,1,1.5,0.6666666666666666,7.533333333333333,3.0,0.6666666666666666,1
1,1,4,9500,1,1,136.0,1,37,37,9,9,126.3,1,0,0,1,0,1,18,0,0,7,7,6,11.6,0,0,7,7,6,11.6,0,7.6,2.6,0.32,2,0.8571428571428571,0.8571428571428571,0.7346938775510203,0.0,0.0,11.6,12,0.8571428571428571,0,0,0,0.1428571428571429,0.8571428571428571,9.942857142857141,6.0,1.0,1
1,1,4,9500,1,1,140.0,1,1,19,4,5,127.5,0,0,0,1,0,0,18,0,0,7,0,0,0.0,0,0,8,0,0,0.0,0,12.7,3.7,-1.7,0,0.0,0.0,0.0,0.0,0.0,0.0,0,0.0,1,0,1,2.0,0.0,0.0,0.0,1.0,1
1,1,1,9500,1,1,135.0,1,2,1,2,8,126.6,0,0,0,1,0,1,19,0,0,7,7,7,12.901428571428571,0,0,8,9,8,13.094444444444443,0,11.1,0.6,2.02,2,1.0,1.0,1.0,0.0,0.19301587301587197,12.997936507936508,15,1.0,1,0,0,0.0,1.0,12.997936507936508,8.0,1.0,1
1,42,1,9991,0,1,160.0,1,1,2,4,3,120.0,0,0,0,1,0,0,30,0,4,7,9,7,14.142857142857142,0,1,5,5,5,14.8,0,7.6,2.6,0.32,2,1.0,1.0,1.0,0.0,0.6571428571428584,14.471428571428572,12,1.0,-2,0,1,1.0,1.0,14.471428571428572,5.0,1.0,1
1,44,1,9085,1,39,140.0,1,1,2,4,6,140.0,1,0,0,1,0,0,29,0,0,6,0,0,0.0,0,0,6,0,0,0.0,0,15.5,2.8,-4.06,0,0.0,0.0,0.0,0.0,0.0,0.0,0,0.0,0,0,1,2.0,0.0,0.0,0.0,1.0,1
1,1,6,9500,1,1,140.0,1,3,1,3,3,131.5,1,0,0,1,0,0,19,0,0,8,8,8,13.25375,0,0,8,8,8,13.25375,0,9.4,-0.8,-3.12,2,1.0,1.0,1.0,0.0,0.0,13.25375,16,1.0,0,0,1,1.0,1.0,13.25375,8.0,1.0,1
1,17,6,9556,1,1,115.0,1,19,2,5,3,112.2,1,0,0,1,0,0,20,0,0,7,7,7,13.785714285714286,0,0,8,8,8,14.1,0,12.4,0.5,1.79,2,1.0,1.0,1.0,0.0,0.31428571428571317,13.942857142857143,15,1.0,1,0,1,1.0,1.0,13.942857142857143,8.0,1.0,1
1,1,1,9500,1,1,144.0,1,37,37,9,3,150.5,0,0,0,1,0,0,20,0,0,7,7,6,13.916666666666666,0,0,7,7,6,13.916666666666666,0,7.6,2.6,0.32,2,0.8571428571428571,0.8571428571428571,0.7346938775510203,0.0,0.0,13.916666666666666,12,0.8571428571428571,0,0,1,1.1428571428571428,0.8571428571428571,11.928571428571427,6.0,1.0,1
1,1,4,9670,1,1,128.0,1,38,38,3,7,121.0,1,0,0,1,0,0,19,0,0,6,8,6,13.5,0,0,6,9,6,13.571428571428571,0,11.1,0.6,2.02,2,1.0,1.0,1.0,0.0,0.07142857142857117,13.535714285714285,12,1.0,0,0,1,1.0,1.0,13.535714285714285,6.0,1.0,1
1,17,1,9147,1,1,116.0,1,38,2,9,2,112.2,1,0,0,1,0,0,20,0,0,5,8,3,11.333333333333334,0,0,5,12,2,10.666666666666666,0,10.8,1.4,1.74,1,0.6,0.4,0.24,-0.19999999999999996,-0.6666666666666679,11.0,5,0.5,0,0,1,1.6,0.5,5.5,2.0,0.8,1
3,1,2,9085,1,1,135.0,1,19,1,4,4,129.4,1,0,0,1,0,0,21,0,0,5,8,0,0.0,4,0,5,12,0,0.0,4,10.8,1.4,1.74,0,0.0,0.0,0.0,0.0,0.0,0.0,0,0.0,0,0,1,2.0,0.0,0.0,0.0,1.0,1
1,17,1,9670,1,1,121.0,1,19,38,4,10,114.4,0,0,0,1,0,0,19,0,0,6,10,5,11.5,0,0,6,9,4,14.6,0,11.1,0.6,2.02,2,0.8333333333333334,0.6666666666666666,0.5555555555555556,-0.16666666666666674,3.0999999999999996,13.05,9,0.75,0,0,1,1.3333333333333335,0.75,9.787500000000001,4.0,0.8333333333333333,1
1,1,3,9500,1,1,134.0,1,37,38,9,9,120.3,1,0,0,1,0,1,18,0,0,8,8,7,12.082857142857142,0,0,8,8,7,12.082857142857142,0,10.8,1.4,1.74,2,0.875,0.875,0.765625,0.0,0.0,12.082857142857142,14,0.875,0,0,0,0.125,0.875,10.5725,7.0,1.0,1
1,39,1,8014,0,1,120.0,1,37,37,7,8,120.0,0,0,0,1,0,1,27,0,0,6,8,6,11.833333333333334,0,0,6,10,5,12.8,0,15.5,2.8,-4.06,2,1.0,0.8333333333333334,0.8333333333333334,-0.16666666666666663,0.9666666666666668,12.316666666666666,11,0.9166666666666666,0,0,0,0.16666666666666663,0.9166666666666666,11.290277777777778,5.0,0.8333333333333334,1
1,17,2,9147,1,1,125.0,1,38,38,6,8,114.5,1,0,0,1,0,1,19,0,0,5,6,5,13.4,0,0,5,5,5,12.4,0,12.4,0.5,1.79,2,1.0,1.0,1.0,0.0,-1.0,12.9,10,1.0,0,0,0,0.0,1.0,12.9,5.0,1.0,1
1,1,1,9500,1,1,141.0,1,1,1,90,3,127.8,0,0,0,1,0,1,19,0,0,7,7,0,0.0,2,0,7,7,0,0.0,2,7.6,2.6,0.32,0,0.0,0.0,0.0,0.0,0.0,0.0,0,0.0,0,0,0,1.0,0.0,0.0,0.0,1.0,1
1,1,1,9773,1,1,140.0,1,1,19,4,8,124.6,1,0,0,1,0,0,19,0,0,6,7,5,14.2,0,0,6,7,6,14.571428571428571,0,15.5,2.8,-4.06,2,0.8333333333333334,1.0,0.8333333333333334,0.16666666666666663,0.3714285714285719,14.385714285714286,11,0.9166666666666666,0,0,1,1.0,0.9166666666666666,13.186904761904762,6.0,0.8333333333333334,1
1,1,6,9500,1,1,144.0,1,19,19,5,5,130.3,1,0,0,1,0,1,18,0,0,8,8,7,13.814285714285717,0,0,8,8,7,13.814285714285717,0,12.7,3.7,-1.7,2,0.875,0.875,0.765625,0.0,0.0,13.814285714285717,14,0.875,0,0,0,0.125,0.875,12.087500000000002,7.0,1.0,1
1,1,1,9670,1,1,130.0,1,19,37,4,5,118.8,0,0,0,1,0,1,18,0,0,6,6,6,14.5,0,0,6,8,6,13.666666666666666,0,12.7,3.7,-1.7,2,1.0,1.0,1.0,0.0,-0.8333333333333339,14.083333333333332,12,1.0,0,0,0,0.0,1.0,14.083333333333332,6.0,1.0,1
1,1,5,9670,1,1,133.1,1,9,1,2,4,133.0,1,0,0,1,0,0,19,0,0,6,0,0,0.0,0,0,6,0,0,0.0,0,7.6,2.6,0.32,0,0.0,0.0,0.0,0.0,0.0,0.0,0,0.0,0,0,1,2.0,0.0,0.0,0.0,1.0,1
2,39,1,9500,1,19,133.1,1,37,37,9,9,129.0,1,0,0,1,0,0,36,0,0,7,7,6,11.3,0,0,7,7,6,11.3,0,7.6,2.6,0.32,2,0.8571428571428571,0.8571428571428571,0.7346938775510203,0.0,0.0,11.3,12,0.8571428571428571,0,0,1,1.1428571428571428,0.8571428571428571,9.685714285714285,6.0,1.0,1
1,43,1,9556,1,1,147.0,1,3,4,3,2,100.0,0,0,0,1,0,0,18,0,0,2,2,0,0.0,0,0,4,4,1,16.0,0,10.8,1.4,1.74,1,0.0,0.25,0.0,0.25,16.0,8.0,1,0.16666666666666666,2,0,1,1.75,0.16666666666666666,1.3333333333333333,1.0,0.75,1
1,43,1,9130,1,1,127.0,1,19,38,4,5,120.7,1,0,1,1,0,0,18,0,0,5,11,1,12.0,0,0,5,9,3,12.0,0,12.7,3.7,-1.7,1,0.2,0.6,0.12,0.39999999999999997,0.0,12.0,4,0.4,0,0,2,2.4,0.4,4.800000000000001,3.0,0.6000000000000001,1
1,17,6,9500,1,1,136.0,1,19,38,9,3,132.5,1,0,0,1,0,0,19,0,0,8,9,7,12.3,0,0,8,9,7,12.3,0,12.7,3.7,-1.7,2,0.875,0.875,0.765625,0.0,0.0,12.3,14,0.875,0,0,1,1.125,0.875,10.762500000000001,7.0,1.0,1
1,1,5,9500,1,1,127.0,1,19,19,7,8,120.3,1,0,0,1,0,1,18,0,0,8,8,7,12.694285714285714,0,0,8,8,7,12.694285714285714,0,10.8,1.4,1.74,2,0.875,0.875,0.765625,0.0,0.0,12.694285714285714,14,0.875,0,0,0,0.125,0.875,11.1075,7.0,1.0,1
1,17,1,9670,1,1,123.0,1,19,19,1,1,114.6,0,0,0,1,0,0,18,0,0,5,5,4,11.0,0,0,5,5,4,11.0,0,9.4,-0.8,-3.12,2,0.8,0.8,0.6400000000000001,0.0,0.0,11.0,8,0.8,0,0,1,1.2,0.8,8.8,4.0,1.0,1
1,1,1,9238,1,1,128.0,1,37,19,9,3,116.5,1,0,0,1,0,1,19,0,0,6,6,6,13.0,0,0,6,6,6,14.166666666666666,0,12.4,0.5,1.79,2,1.0,1.0,1.0,0.0,1.166666666666666,13.583333333333332,12,1.0,0,0,0,0.0,1.0,13.583333333333332,6.0,1.0,1
1,1,1,9500,1,1,128.0,1,3,1,2,1,127.8,0,0,0,1,0,1,19,0,0,7,8,7,14.4125,0,0,8,8,8,16.05,0,13.9,-0.3,0.79,2,1.0,1.0,1.0,0.0,1.637500000000001,15.23125,15,1.0,1,0,0,0.0,1.0,15.23125,8.0,1.0,1
1,1,2,9773,1,1,121.0,1,1,19,9,7,118.9,1,0,0,1,0,0,20,0,0,6,6,6,13.333333333333334,0,0,6,10,5,12.8,0,11.1,0.6,2.02,2,1.0,0.8333333333333334,0.8333333333333334,-0.16666666666666663,-0.5333333333333332,13.066666666666666,11,0.9166666666666666,0,0,1,1.1666666666666665,0.9166666666666666,11.977777777777778,5.0,0.8333333333333334,1
1,18,1,9500,1,1,126.0,1,38,37,5,5,114.8,1,0,0,1,0,0,20,0,0,8,8,7,14.402857142857142,0,0,8,8,7,14.402857142857142,0,10.8,1.4,1.74,2,0.875,0.875,0.765625,0.0,0.0,14.402857142857142,14,0.875,0,0,1,1.125,0.875,12.6025,7.0,1.0,1
1,1,4,9500,1,1,135.0,1,37,37,9,8,123.0,1,0,0,1,0,1,18,0,0,8,8,7,13.381428571428572,0,0,8,8,7,13.381428571428572,0,10.8,1.4,1.74,2,0.875,0.875,0.765625,0.0,0.0,13.381428571428572,14,0.875,0,0,0,0.125,0.875,11.70875,7.0,1.0,1
1,1,2,9500,1,1,131.0,1,19,19,7,5,122.1,1,0,0,1,0,0,18,0,0,7,8,7,14.13125,0,0,8,8,8,13.98375,0,15.5,2.8,-4.06,2,1.0,1.0,1.0,0.0,-0.14749999999999908,14.057500000000001,15,1.0,1,0,1,1.0,1.0,14.057500000000001,8.0,1.0,1
1,17,4,9085,1,1,140.0,1,19,37,4,7,123.7,0,0,0,1,0,0,19,0,0,5,11,5,11.714285714285714,2,0,5,6,5,12.6,0,9.4,-0.8,-3.12,2,1.0,1.0,1.0,0.0,0.8857142857142861,12.157142857142857,10,1.0,0,0,1,1.0,1.0,12.157142857142857,5.0,1.0,1
1,7,1,9003,1,3,130.0,1,38,37,5,6,130.0,0,0,0,1,0,0,32,0,0,6,7,0,0.0,0,0,6,6,0,0.0,0,12.4,0.5,1.79,0,0.0,0.0,0.0,0.0,0.0,0.0,0,0.0,0,0,1,2.0,0.0,0.0,0.0,1.0,1
2,39,1,9003,1,1,130.0,1,1,19,4,9,152.4,1,0,0,1,0,0,36,0,4,12,14,12,13.846153846153848,0,5,12,18,11,14.090909090909092,0,8.9,1.4,3.51,2,1.0,0.9166666666666666,0.9166666666666666,-0.08333333333333337,0.24475524475524324,13.96853146853147,23,0.9583333333333334,0,0,1,1.0833333333333335,0.9583333333333334,13.386509324009326,11.0,0.9166666666666666,1
1,17,1,9773,1,1,125.0,1,37,37,5,7,120.1,0,0,0,1,0,1,18,0,0,6,7,6,12.5,0,0,6,8,6,13.333333333333334,0,16.2,0.3,-0.92,2,1.0,1.0,1.0,0.0,0.8333333333333339,12.916666666666668,12,1.0,0,0,0,0.0,1.0,12.916666666666668,6.0,1.0,1
1,1,1,9130,1,1,160.0,1,3,3,3,2,155.1,1,0,0,1,0,0,20,0,0,5,5,5,16.4,0,0,5,5,5,14.6,0,12.7,3.7,-1.7,2,1.0,1.0,1.0,0.0,-1.799999999999999,15.5,10,1.0,0,0,1,1.0,1.0,15.5,5.0,1.0,1
1,51,1,9070,1,1,130.0,1,19,19,5,7,124.5,0,0,0,1,0,1,20,0,5,11,11,11,13.818181818181818,0,5,11,11,11,13.454545454545457,0,11.1,0.6,2.02,2,1.0,1.0,1.0,0.0,-0.36363636363636154,13.636363636363637,22,1.0,0,0,0,0.0,1.0,13.636363636363637,11.0,1.0,1
1,17,1,9238,1,1,144.0,1,3,1,2,3,126.9,0,0,0,1,0,0,19,0,0,6,8,5,10.6,0,0,6,11,4,10.5,0,15.5,2.8,-4.06,2,0.8333333333333334,0.6666666666666666,0.5555555555555556,-0.16666666666666674,-0.09999999999999964,10.55,9,0.75,0,0,1,1.3333333333333335,0.75,7.9125000000000005,4.0,0.8333333333333333,1
1,39,1,9147,1,19,133.1,1,3,1,3,5,153.2,1,0,1,1,0,0,24,0,0,5,8,5,10.2,0,0,5,6,5,12.2,0,12.4,0.5,1.79,2,1.0,1.0,1.0,0.0,2.0,11.2,10,1.0,0,0,2,2.0,1.0,11.2,5.0,1.0,1
1,17,1,9238,1,1,148.0,1,1,1,4,9,129.8,0,0,0,1,0,0,20,0,0,6,11,5,10.6,0,0,6,11,4,10.4,0,15.5,2.8,-4.06,1,0.8333333333333334,0.6666666666666666,0.5555555555555556,-0.16666666666666674,-0.1999999999999993,10.5,9,0.75,0,0,1,1.3333333333333335,0.75,7.875,4.0,0.8333333333333333,1
1,43,1,8014,0,1,133.1,1,3,3,2,3,135.0,0,0,0,1,0,0,27,0,7,10,10,9,11.444444444444445,0,4,11,11,5,10.8,0,10.8,1.4,1.74,0,0.9,0.45454545454545453,0.40909090909090906,-0.4454545454545455,-0.6444444444444439,11.122222222222224,14,0.6666666666666666,1,0,1,1.5454545454545454,0.6666666666666666,7.414814814814815,5.0,0.5545454545454545,1
1,43,6,9238,1,1,129.0,1,34,34,0,0,125.2,0,0,0,1,0,1,23,0,15,16,18,16,13.0,0,11,13,15,13,13.266666666666667,0,9.4,-0.8,-3.12,2,1.0,1.0,1.0,0.0,0.2666666666666675,13.133333333333333,29,1.0,-3,0,0,0.0,1.0,13.133333333333333,13.0,1.0,1
1,1,5,9500,1,1,144.0,1,19,38,4,8,141.3,1,0,0,1,0,1,18,0,0,8,9,8,13.31,1,0,8,9,8,13.31,1,9.4,-0.8,-3.12,2,1.0,1.0,1.0,0.0,0.0,13.31,16,1.0,0,0,0,0.0,1.0,13.31,8.0,1.0,1
1,17,1,9238,1,1,120.0,1,37,37,4,9,117.1,1,0,0,1,0,1,18,0,0,6,10,5,10.571428571428571,1,0,6,9,5,12.2,0,12.7,3.7,-1.7,2,0.8333333333333334,0.8333333333333334,0.6944444444444445,0.0,1.6285714285714281,11.385714285714286,10,0.8333333333333334,0,0,0,0.16666666666666663,0.8333333333333334,9.488095238095239,5.0,1.0,1
1,17,3,9500,1,1,144.0,1,1,37,9,9,126.5,1,0,0,1,0,1,20,0,0,8,8,7,13.487142857142857,0,0,8,8,7,13.487142857142857,0,10.8,1.4,1.74,2,0.875,0.875,0.765625,0.0,0.0,13.487142857142857,14,0.875,0,0,0,0.125,0.875,11.80125,7.0,1.0,1
1,1,1,9254,1,1,132.0,1,19,38,9,7,120.1,0,0,0,1,0,1,20,0,0,6,6,6,12.333333333333334,0,0,6,7,6,11.833333333333334,0,13.9,-0.3,0.79,2,1.0,1.0,1.0,0.0,-0.5,12.083333333333334,12,1.0,0,0,0,0.0,1.0,12.083333333333334,6.0,1.0,1
1,1,2,9500,1,1,136.0,1,19,19,9,9,140.0,1,0,0,1,0,0,20,0,0,7,7,6,13.966666666666669,0,0,7,7,6,13.966666666666669,0,7.6,2.6,0.32,2,0.8571428571428571,0.8571428571428571,0.7346938775510203,0.0,0.0,13.966666666666669,12,0.8571428571428571,0,0,1,1.1428571428571428,0.8571428571428571,11.971428571428572,6.0,1.0,1
1,39,1,9254,1,9,133.1,1,34,34,0,0,110.0,1,0,0,0,0,0,28,0,0,5,10,0,0.0,0,0,5,10,0,0.0,0,7.6,2.6,0.32,0,0.0,0.0,0.0,0.0,0.0,0.0,0,0.0,0,0,2,3.0,0.0,0.0,0.0,1.0,1
1,1,1,9670,1,1,122.0,1,1,19,3,5,116.8,1,0,0,1,0,0,21,0,0,5,8,4,11.5,0,0,5,5,5,12.8,0,7.6,2.6,0.32,2,0.8,1.0,0.8,0.19999999999999996,1.3000000000000007,12.15,9,0.9,0,0,1,1.0,0.9,10.935,5.0,0.8,1
1,1,2,9556,1,1,133.1,1,19,19,9,9,104.5,1,0,0,1,0,0,21,0,0,2,2,2,12.5,0,0,7,0,0,0.0,0,12.4,0.5,1.79,0,1.0,0.0,0.0,-1.0,-12.5,6.25,2,0.2222222222222222,5,0,1,2.0,0.2222222222222222,1.3888888888888888,0.0,0.0,1
1,7,1,9500,1,3,140.0,1,34,34,0,0,140.0,0,0,0,1,0,0,28,0,0,7,0,0,0.0,0,0,8,0,0,0.0,0,7.6,2.6,0.32,0,0.0,0.0,0.0,0.0,0.0,0.0,0,0.0,1,0,1,2.0,0.0,0.0,0.0,1.0,1
1,1,1,9500,1,1,117.0,1,3,1,3,3,113.2,0,1,0,1,0,0,18,0,0,7,10,6,11.98,0,0,8,11,7,13.225,0,16.2,0.3,-0.92,2,0.8571428571428571,0.875,0.75,0.017857142857142905,1.2449999999999992,12.6025,13,0.8666666666666667,1,0,1,1.125,0.8666666666666667,10.922166666666666,7.0,0.9821428571428571,1
1,1,1,9500,1,1,136.0,1,1,1,4,4,123.8,0,0,0,1,0,0,19,0,0,7,10,6,11.614285714285714,0,0,8,8,8,14.0375,0,13.9,-0.3,0.79,2,0.8571428571428571,1.0,0.8571428571428571,0.1428571428571429,2.4232142857142858,12.825892857142858,14,0.9333333333333333,1,0,1,1.0,0.9333333333333333,11.970833333333333,8.0,0.8571428571428571,1
1,18,6,9500,1,1,141.0,1,1,19,1,1,126.7,1,0,0,1,0,1,18,0,0,8,8,7,14.314285714285717,0,0,8,8,7,14.314285714285717,0,12.7,3.7,-1.7,2,0.875,0.875,0.765625,0.0,0.0,14.314285714285717,14,0.875,0,0,0,0.125,0.875,12.525000000000002,7.0,1.0,1
1,1,3,9500,1,1,130.0,1,3,1,2,5,133.8,0,0,0,1,0,0,19,0,0,7,0,0,0.0,0,0,8,0,0,0.0,0,7.6,2.6,0.32,0,0.0,0.0,0.0,0.0,0.0,0.0,0,0.0,1,0,1,2.0,0.0,0.0,0.0,1.0,1
1,44,1,9085,1,39,140.0,1,38,38,9,7,140.0,0,0,0,1,0,0,20,0,2,6,9,6,12.666666666666666,0,1,6,12,2,13.0,0,13.9,-0.3,0.79,1,1.0,0.3333333333333333,0.3333333333333333,-0.6666666666666667,0.3333333333333339,12.833333333333332,8,0.6666666666666666,0,0,1,1.6666666666666667,0.6666666666666666,8.555555555555554,2.0,0.33333333333333326,1
1,1,3,9500,1,1,102.0,1,1,19,9,5,100.6,1,0,0,1,0,1,20,0,0,7,9,6,12.766666666666666,0,0,8,10,7,12.128571428571428,0,12.4,0.5,1.79,2,0.8571428571428571,0.875,0.75,0.017857142857142905,-0.6380952380952376,12.447619047619046,13,0.8666666666666667,1,0,0,0.125,0.8666666666666667,10.787936507936507,7.0,0.9821428571428571,1
1,17,1,9853,1,1,126.0,1,1,37,7,9,132.7,0,0,0,1,0,1,18,0,0,6,7,6,12.666666666666666,0,0,6,7,5,12.2,0,10.8,1.4,1.74,2,1.0,0.8333333333333334,0.8333333333333334,-0.16666666666666663,-0.4666666666666668,12.433333333333334,11,0.9166666666666666,0,0,0,0.16666666666666663,0.9166666666666666,11.397222222222222,5.0,0.8333333333333334,1
1,39,1,9670,1,1,120.0,1,1,19,5,4,140.4,0,0,0,1,0,0,31,0,2,6,13,5,11.4,0,0,6,14,4,11.75,0,13.9,-0.3,0.79,0,0.8333333333333334,0.6666666666666666,0.5555555555555556,-0.16666666666666674,0.34999999999999964,11.575,9,0.75,0,0,1,1.3333333333333335,0.75,8.681249999999999,4.0,0.8333333333333333,1
1,17,3,9500,1,1,132.0,1,37,37,9,7,128.3,1,0,0,1,0,1,19,0,0,7,8,7,14.70625,0,0,8,8,8,14.4775,0,15.5,2.8,-4.06,2,1.0,1.0,1.0,0.0,-0.22875000000000156,14.591875,15,1.0,1,0,0,0.0,1.0,14.591875,8.0,1.0,1
1,1,3,9500,1,1,128.0,1,38,38,5,5,118.6,1,0,0,1,0,1,19,0,0,7,9,6,11.814285714285717,0,0,8,8,7,13.542857142857144,0,13.9,-0.3,0.79,2,0.8571428571428571,0.875,0.75,0.017857142857142905,1.7285714285714278,12.67857142857143,13,0.8666666666666667,1,0,0,0.125,0.8666666666666667,10.98809523809524,7.0,0.9821428571428571,1
1,1,1,9070,1,1,115.0,1,19,1,3,8,123.4,0,0,0,1,0,0,23,0,1,6,8,6,13.0,1,0,6,8,6,11.875,0,13.9,-0.3,0.79,2,1.0,1.0,1.0,0.0,-1.125,12.4375,12,1.0,0,0,1,1.0,1.0,12.4375,6.0,1.0,1
1,1,1,9670,1,1,125.0,1,37,37,5,5,124.0,0,0,0,1,0,0,19,0,0,6,7,6,14.857142857142858,0,0,6,6,6,13.333333333333334,0,12.4,0.5,1.79,2,1.0,1.0,1.0,0.0,-1.5238095238095237,14.095238095238095,12,1.0,0,0,1,1.0,1.0,14.095238095238095,6.0,1.0,1
1,1,6,9500,1,1,137.0,1,1,3,3,2,121.3,1,0,0,1,0,0,20,0,0,7,7,6,12.6,0,0,7,7,6,12.6,0,7.6,2.6,0.32,2,0.8571428571428571,0.8571428571428571,0.7346938775510203,0.0,0.0,12.6,12,0.8571428571428571,0,0,1,1.1428571428571428,0.8571428571428571,10.799999999999999,6.0,1.0,1
1,1,1,9085,1,1,101.0,1,37,37,9,4,101.0,1,0,1,1,0,0,22,0,0,6,9,5,13.333333333333334,0,0,6,17,4,11.4,0,12.4,0.5,1.79,1,0.8333333333333334,0.6666666666666666,0.5555555555555556,-0.16666666666666674,-1.9333333333333336,12.366666666666667,9,0.75,0,0,2,2.3333333333333335,0.75,9.275,4.0,0.8333333333333333,1
1,7,3,9130,1,3,130.0,1,19,37,90,5,130.0,0,0,1,0,0,0,27,0,1,5,6,2,11.5,0,0,5,5,1,11.0,0,12.7,3.7,-1.7,0,0.4,0.2,0.08000000000000002,-0.2,-0.5,11.25,3,0.3,0,0,3,3.8,0.3,3.375,1.0,0.8,1
1,39,1,9556,1,19,100.0,1,37,38,9,9,120.0,0,0,0,1,0,0,29,0,0,7,9,1,10.0,0,0,7,0,0,0.0,0,12.7,3.7,-1.7,0,0.14285714285714285,0.0,0.0,-0.14285714285714285,-10.0,5.0,1,0.07142857142857142,0,0,1,2.0,0.07142857142857142,0.3571428571428571,0.0,0.8571428571428572,1
1,17,1,9254,1,1,122.0,1,1,19,4,3,130.4,1,0,0,1,0,0,18,0,0,6,10,5,11.8,0,0,6,10,5,12.2,0,11.1,0.6,2.02,2,0.8333333333333334,0.8333333333333334,0.6944444444444445,0.0,0.3999999999999986,12.0,10,0.8333333333333334,0,0,1,1.1666666666666665,0.8333333333333334,10.0,5.0,1.0,1
1,17,1,9070,1,1,126.0,1,19,38,9,7,118.7,0,0,0,1,0,0,18,0,0,6,7,5,11.8,0,0,6,6,6,12.666666666666666,0,16.2,0.3,-0.92,2,0.8333333333333334,1.0,0.8333333333333334,0.16666666666666663,0.8666666666666654,12.233333333333334,11,0.9166666666666666,0,0,1,1.0,0.9166666666666666,11.213888888888889,6.0,0.8333333333333334,1
1,17,1,9500,1,1,128.0,1,38,38,7,7,131.5,0,0,0,1,0,0,18,0,0,8,8,8,12.77125,0,0,8,8,8,12.77125,0,9.4,-0.8,-3.12,2,1.0,1.0,1.0,0.0,0.0,12.77125,16,1.0,0,0,1,1.0,1.0,12.77125,8.0,1.0,1
1,17,3,9085,1,1,134.0,1,37,38,9,9,120.4,1,0,0,1,0,0,20,0,0,5,13,3,11.333333333333334,2,0,5,8,5,12.6,0,9.4,-0.8,-3.12,1,0.6,1.0,0.6,0.4,1.2666666666666657,11.966666666666667,8,0.8,0,0,1,1.0,0.8,9.573333333333334,5.0,0.6,1
1,17,2,9254,1,1,128.0,1,38,38,9,9,129.1,1,0,0,1,0,0,18,0,0,6,6,6,12.666666666666666,0,0,6,7,5,14.6,0,11.1,0.6,2.02,2,1.0,0.8333333333333334,0.8333333333333334,-0.16666666666666663,1.9333333333333336,13.633333333333333,11,0.9166666666666666,0,0,1,1.1666666666666665,0.9166666666666666,12.497222222222222,5.0,0.8333333333333334,1
1,1,1,9070,1,1,125.0,1,1,1,4,4,132.0,0,0,0,0,0,0,18,0,1,6,10,5,12.2,1,0,6,11,4,10.833333333333334,0,13.9,-0.3,0.79,1,0.8333333333333334,0.6666666666666666,0.5555555555555556,-0.16666666666666674,-1.3666666666666654,11.516666666666666,9,0.75,0,0,2,2.3333333333333335,0.75,8.6375,4.0,0.8333333333333333,1
1,7,2,9085,1,3,130.0,1,3,3,1,1,130.0,0,0,0,0,0,0,28,0,0,5,9,1,12.0,1,0,4,10,0,0.0,4,10.8,1.4,1.74,0,0.2,0.0,0.0,-0.2,-12.0,6.0,1,0.1111111111111111,-1,0,2,3.0,0.1111111111111111,0.6666666666666666,0.0,0.8,1
1,1,2,9500,1,1,135.0,1,37,1,7,7,132.8,1,0,0,1,0,1,18,0,0,8,12,7,11.721428571428572,0,0,8,12,7,11.721428571428572,0,12.7,3.7,-1.7,2,0.875,0.875,0.765625,0.0,0.0,11.721428571428572,14,0.875,0,0,0,0.125,0.875,10.25625,7.0,1.0,1
1,39,1,33,1,1,140.0,1,3,1,2,4,152.8,0,0,0,1,0,0,26,0,0,7,9,7,14.75,0,0,7,12,5,13.8,3,16.2,0.3,-0.92,1,1.0,0.7142857142857143,0.7142857142857143,-0.2857142857142857,-0.9499999999999993,14.275,12,0.8571428571428571,0,0,1,1.2857142857142856,0.8571428571428571,12.235714285714286,5.0,0.7142857142857143,1
1,1,2,9773,1,1,138.0,1,19,1,9,3,133.5,1,0,0,1,0,0,18,0,0,6,6,6,12.666666666666666,0,0,6,6,6,13.666666666666666,0,12.7,3.7,-1.7,2,1.0,1.0,1.0,0.0,1.0,13.166666666666666,12,1.0,0,0,1,1.0,1.0,13.166666666666666,6.0,1.0,1
1,1,2,9147,1,1,125.0,1,1,19,4,6,115.2,0,1,0,1,0,0,21,0,0,5,6,0,0.0,0,0,5,5,0,0.0,0,15.5,2.8,-4.06,0,0.0,0.0,0.0,0.0,0.0,0.0,0,0.0,0,0,1,2.0,0.0,0.0,0.0,1.0,1
2,39,1,8014,0,1,120.0,1,34,34,99,99,101.8,0,0,0,0,0,0,32,0,0,5,5,0,0.0,0,0,5,10,0,0.0,0,10.8,1.4,1.74,0,0.0,0.0,0.0,0.0,0.0,0.0,0,0.0,0,0,2,3.0,0.0,0.0,0.0,1.0,1
1,39,2,9670,1,1,140.0,1,34,34,0,0,100.0,0,0,0,1,0,0,28,0,0,5,6,4,12.5,0,0,5,7,4,11.75,0,7.6,2.6,0.32,2,0.8,0.8,0.6400000000000001,0.0,-0.75,12.125,8,0.8,0,0,1,1.2,0.8,9.700000000000001,4.0,1.0,1
1,39,1,9991,0,1,100.0,1,37,19,9,2,121.9,0,0,0,0,0,0,40,0,0,4,4,0,0.0,0,0,5,0,0,0.0,0,12.7,3.7,-1.7,0,0.0,0.0,0.0,0.0,0.0,0.0,0,0.0,1,0,2,3.0,0.0,0.0,0.0,1.0,1
2,18,2,8014,0,1,140.0,1,37,37,9,10,120.4,0,0,1,0,0,0,39,0,0,5,5,0,0.0,0,0,4,4,0,0.0,0,9.4,-0.8,-3.12,0,0.0,0.0,0.0,0.0,0.0,0.0,0,0.0,-1,0,3,4.0,0.0,0.0,0.0,1.0,1
2,18,2,9238,1,1,140.0,1,37,37,9,10,120.4,0,0,1,0,0,0,39,0,0,6,0,0,0.0,0,0,6,0,0,0.0,0,9.4,-0.8,-3.12,0,0.0,0.0,0.0,0.0,0.0,0.0,0,0.0,0,0,3,4.0,0.0,0.0,0.0,1.0,1
2,39,1,9003,1,1,120.0,1,37,19,9,4,148.8,0,0,0,1,0,0,50,0,0,6,7,6,12.5,0,0,6,15,5,12.4,0,8.9,1.4,3.51,2,1.0,0.8333333333333334,0.8333333333333334,-0.16666666666666663,-0.09999999999999964,12.45,11,0.9166666666666666,0,0,1,1.1666666666666665,0.9166666666666666,11.4125,5.0,0.8333333333333334,1
4,39,1,8014,0,19,133.1,1,34,34,0,0,100.0,0,0,0,1,0,0,48,0,0,6,11,1,10.0,0,0,6,11,1,11.0,0,9.4,-0.8,-3.12,0,0.16666666666666666,0.16666666666666666,0.027777777777777776,0.0,1.0,10.5,2,0.16666666666666666,0,0,1,1.8333333333333335,0.16666666666666666,1.75,1.0,1.0,1
1,1,6,9500,1,1,135.0,1,37,1,5,5,126.8,1,0,0,1,0,1,18,0,0,8,8,7,12.61,0,0,8,8,7,12.61,0,10.8,1.4,1.74,2,0.875,0.875,0.765625,0.0,0.0,12.61,14,0.875,0,0,0,0.125,0.875,11.03375,7.0,1.0,1
1,15,1,9238,1,1,150.0,26,3,37,2,8,132.5,1,0,0,0,0,0,20,1,0,6,9,5,13.0,0,0,6,7,6,13.5,0,13.9,-0.3,0.79,2,0.8333333333333334,1.0,0.8333333333333334,0.16666666666666663,0.5,13.25,11,0.9166666666666666,0,0,2,2.0,0.9166666666666666,12.145833333333332,6.0,0.8333333333333334,1
1,18,3,9085,1,1,149.0,103,1,1,9,9,132.2,1,0,0,1,0,1,18,1,0,5,9,4,12.0,0,0,5,8,5,13.0,0,10.8,1.4,1.74,2,0.8,1.0,0.8,0.19999999999999996,1.0,12.5,9,0.9,0,0,0,0.0,0.9,11.25,5.0,0.8,1
1,1,1,9556,1,1,180.0,103,5,3,1,1,183.5,1,0,0,1,0,0,18,1,0,7,8,4,12.0,0,0,8,8,0,0.0,0,16.2,0.3,-0.92,0,0.5714285714285714,0.0,0.0,-0.5714285714285714,-12.0,6.0,4,0.26666666666666666,1,0,1,2.0,0.26666666666666666,1.6,0.0,0.4285714285714286,1
1,43,1,9119,1,1,133.1,1,1,1,9,3,136.0,0,0,0,1,1,0,31,0,0,5,12,1,12.0,0,0,5,9,1,11.0,4,16.2,0.3,-0.92,0,0.2,0.2,0.04000000000000001,0.0,-1.0,11.5,2,0.2,0,0,1,1.8,0.2,2.3000000000000003,1.0,1.0,1
1,39,1,9119,1,19,133.1,1,19,19,5,3,100.9,1,0,0,1,1,0,24,0,0,5,9,1,12.0,0,0,5,6,3,10.5,0,10.8,1.4,1.74,1,0.2,0.6,0.12,0.39999999999999997,-1.5,11.25,4,0.4,0,0,1,1.4,0.4,4.5,3.0,0.6000000000000001,1
1,39,1,9147,1,1,110.0,1,37,37,9,9,110.3,0,0,1,0,1,0,26,0,0,5,5,0,0.0,0,0,5,9,0,0.0,0,10.8,1.4,1.74,0,0.0,0.0,0.0,0.0,0.0,0.0,0,0.0,0,0,3,4.0,0.0,0.0,0.0,1.0,1
1,1,1,9130,1,1,154.0,1,3,3,2,2,137.2,1,0,1,1,1,0,18,0,0,6,11,5,13.625,0,0,6,9,4,11.75,0,16.2,0.3,-0.92,0,0.8333333333333334,0.6666666666666666,0.5555555555555556,-0.16666666666666674,-1.875,12.6875,9,0.75,0,0,2,2.3333333333333335,0.75,9.515625,4.0,0.8333333333333333,1
1,17,1,9147,1,1,126.0,1,37,37,4,7,116.9,0,0,0,1,1,1,19,0,0,5,12,3,11.666666666666666,0,0,5,10,3,11.666666666666666,0,12.7,3.7,-1.7,1,0.6,0.6,0.36,0.0,0.0,11.666666666666666,6,0.6,0,0,0,0.4,0.6,6.999999999999999,3.0,1.0,1
1,17,1,9670,1,1,133.0,1,19,37,9,8,121.8,1,0,0,1,1,0,22,0,0,6,0,0,0.0,0,0,6,0,0,0.0,0,13.9,-0.3,0.79,0,0.0,0.0,0.0,0.0,0.0,0.0,0,0.0,0,0,1,2.0,0.0,0.0,0.0,1.0,1
1,1,2,9500,1,1,145.0,1,4,2,2,3,127.3,1,0,0,1,1,0,18,0,0,8,8,7,11.69,0,0,8,8,7,11.69,0,10.8,1.4,1.74,2,0.875,0.875,0.765625,0.0,0.0,11.69,14,0.875,0,0,1,1.125,0.875,10.22875,7.0,1.0,1
1,44,1,9070,1,39,120.0,1,1,19,4,7,120.0,0,0,1,0,1,0,20,0,0,6,11,0,0.0,6,0,6,12,0,0.0,12,16.2,0.3,-0.92,0,0.0,0.0,0.0,0.0,0.0,0.0,0,0.0,0,0,3,4.0,0.0,0.0,0.0,1.0,1
1,44,1,171,1,39,150.0,1,4,4,2,2,150.0,0,0,0,1,1,0,25,0,0,0,0,0,0.0,0,0,0,0,0,0.0,0,15.5,2.8,-4.06,2,0.0,0.0,0.0,0.0,0.0,0.0,0,0.0,0,1,1,3.0,0.0,0.0,0.0,1.0,0
1,43,1,9991,0,1,150.0,1,3,3,4,4,100.0,1,0,0,1,1,0,24,0,0,5,10,4,11.5,0,0,5,11,5,11.285714285714286,0,13.9,-0.3,0.79,2,0.8,1.0,0.8,0.19999999999999996,-0.21428571428571352,11.392857142857142,9,0.9,0,0,1,1.0,0.9,10.253571428571428,5.0,0.8,1
1,39,1,9119,1,1,150.0,1,3,3,4,4,150.0,1,0,0,1,1,0,27,0,0,5,10,1,14.0,0,0,5,0,0,0.0,0,8.9,1.4,3.51,0,0.2,0.0,0.0,-0.2,-14.0,7.0,1,0.1,0,0,1,2.0,0.1,0.7000000000000001,0.0,0.8,1
1,17,1,9254,1,1,127.0,1,3,19,4,4,116.9,0,0,0,1,1,0,21,0,0,6,7,5,11.0,0,0,6,7,5,12.4,0,15.5,2.8,-4.06,2,0.8333333333333334,0.8333333333333334,0.6944444444444445,0.0,1.4000000000000004,11.7,10,0.8333333333333334,0,0,1,1.1666666666666665,0.8333333333333334,9.75,5.0,1.0,1
1,44,1,9003,1,39,140.0,1,19,38,3,9,140.0,1,0,0,1,1,0,21,0,0,6,7,6,12.857142857142858,0,0,6,6,6,13.166666666666666,0,12.4,0.5,1.79,2,1.0,1.0,1.0,0.0,0.3095238095238084,13.011904761904763,12,1.0,0,0,1,1.0,1.0,13.011904761904763,6.0,1.0,1
1,39,1,9500,1,1,127.0,1,19,19,5,5,160.0,0,0,0,1,1,0,28,0,0,7,7,7,14.528571428571428,0,0,8,11,8,15.018181818181818,0,16.2,0.3,-0.92,2,1.0,1.0,1.0,0.0,0.48961038961038916,14.773376623376624,15,1.0,1,0,1,1.0,1.0,14.773376623376624,8.0,1.0,1
1,1,1,9147,1,1,117.0,1,19,19,5,7,118.4,0,0,0,1,1,0,20,0,0,5,8,5,10.0,0,0,5,10,2,12.0,0,7.6,2.6,0.32,1,1.0,0.4,0.4,-0.6,2.0,11.0,7,0.7,0,0,1,1.6,0.7,7.699999999999999,2.0,0.4,1
1,44,1,9003,1,39,150.0,1,1,19,4,10,150.0,0,0,0,1,1,1,21,0,0,6,8,6,13.0,0,0,6,10,6,12.625,0,15.5,2.8,-4.06,2,1.0,1.0,1.0,0.0,-0.375,12.8125,12,1.0,0,0,0,0.0,1.0,12.8125,6.0,1.0,1
1,1,1,9500,1,1,154.0,1,1,1,5,3,144.9,0,0,0,1,1,1,18,0,0,7,7,7,15.957142857142856,0,0,8,9,8,15.188888888888888,0,16.2,0.3,-0.92,2,1.0,1.0,1.0,0.0,-0.7682539682539673,15.573015873015873,15,1.0,1,0,0,0.0,1.0,15.573015873015873,8.0,1.0,1
1,1,2,9147,1,1,133.0,1,19,1,5,10,121.8,0,0,0,1,1,0,20,0,0,5,9,4,10.2,0,0,5,6,3,11.0,0,15.5,2.8,-4.06,1,0.8,0.6,0.48,-0.20000000000000007,0.8000000000000007,10.6,7,0.7,0,0,1,1.4,0.7,7.419999999999999,3.0,0.7999999999999999,1
1,39,1,9119,1,40,120.0,1,1,1,5,10,146.8,0,0,0,1,1,0,25,0,2,5,6,5,14.2,0,1,5,5,2,13.5,0,16.2,0.3,-0.92,1,1.0,0.4,0.4,-0.6,-0.6999999999999993,13.85,7,0.7,0,0,1,1.6,0.7,9.694999999999999,2.0,0.4,1
1,1,1,9670,1,1,133.1,1,38,19,5,6,138.0,0,0,1,1,1,0,22,0,0,6,8,6,12.625,0,0,6,11,2,14.5,0,11.1,0.6,2.02,1,1.0,0.3333333333333333,0.3333333333333333,-0.6666666666666667,1.875,13.5625,8,0.6666666666666666,0,0,2,2.666666666666667,0.6666666666666666,9.041666666666666,2.0,0.33333333333333326,1
1,17,2,9147,1,1,125.0,1,19,38,9,7,116.3,1,0,0,1,1,0,19,0,0,5,8,5,13.25,0,0,5,8,5,11.0,0,13.9,-0.3,0.79,2,1.0,1.0,1.0,0.0,-2.25,12.125,10,1.0,0,0,1,1.0,1.0,12.125,5.0,1.0,1
1,1,5,9119,1,1,126.0,1,12,19,4,5,122.5,1,0,0,1,1,0,19,0,0,5,12,3,12.0,0,0,5,10,3,12.0,0,12.4,0.5,1.79,0,0.6,0.6,0.36,0.0,0.0,12.0,6,0.6,0,0,1,1.4,0.6,7.199999999999999,3.0,1.0,1
1,39,1,9773,1,19,133.1,1,19,1,7,9,115.0,1,0,1,0,1,0,25,0,0,6,10,4,13.0,0,0,6,9,4,13.75,0,12.7,3.7,-1.7,0,0.6666666666666666,0.6666666666666666,0.4444444444444444,0.0,0.75,13.375,8,0.6666666666666666,0,0,3,3.3333333333333335,0.6666666666666666,8.916666666666666,4.0,1.0,1
1,43,1,9070,1,1,115.0,1,12,12,1,10,115.0,0,0,1,1,1,0,21,0,5,11,12,9,11.77777777777778,0,3,8,11,3,13.666666666666666,0,15.5,2.8,-4.06,0,0.8181818181818182,0.375,0.3068181818181818,-0.44318181818181823,1.8888888888888857,12.722222222222223,12,0.631578947368421,-3,0,2,2.625,0.631578947368421,8.035087719298247,3.0,0.5568181818181818,1
1,17,3,9119,1,1,117.0,1,1,2,3,2,119.8,1,0,0,1,1,0,19,0,0,5,10,2,11.0,0,0,6,10,0,0.0,0,11.1,0.6,2.02,0,0.4,0.0,0.0,-0.4,-11.0,5.5,2,0.18181818181818182,1,0,1,2.0,0.18181818181818182,1.0,0.0,0.6,1
1,17,2,9147,1,1,133.1,1,1,1,4,4,95.0,0,0,0,1,1,0,20,0,0,5,14,0,0.0,0,0,5,5,0,0.0,0,11.1,0.6,2.02,0,0.0,0.0,0.0,0.0,0.0,0.0,0,0.0,0,0,1,2.0,0.0,0.0,0.0,1.0,1
1,17,1,9147,1,1,130.0,1,19,1,7,4,117.8,1,0,0,1,1,0,20,0,0,5,8,3,11.0,0,0,5,11,3,12.0,0,10.8,1.4,1.74,1,0.6,0.6,0.36,0.0,1.0,11.5,6,0.6,0,0,1,1.4,0.6,6.8999999999999995,3.0,1.0,1
1,1,1,171,1,1,161.0,1,37,37,9,9,144.2,1,0,0,1,1,0,18,0,0,0,0,0,0.0,0,0,0,0,0,0.0,0,7.6,2.6,0.32,2,0.0,0.0,0.0,0.0,0.0,0.0,0,0.0,0,1,1,3.0,0.0,0.0,0.0,1.0,0
1,44,1,9254,1,39,130.0,1,39,39,194,193,130.0,1,0,1,1,1,0,23,0,0,6,12,3,11.5,0,0,6,12,3,10.666666666666666,0,8.9,1.4,3.51,1,0.5,0.5,0.25,0.0,-0.8333333333333339,11.083333333333332,6,0.5,0,0,2,2.5,0.5,5.541666666666666,3.0,1.0,1
1,42,1,9500,1,1,111.0,1,1,3,9,10,128.2,1,0,0,1,1,0,23,0,0,8,8,8,12.5075,0,0,8,8,8,12.5075,0,9.4,-0.8,-3.12,2,1.0,1.0,1.0,0.0,0.0,12.5075,16,1.0,0,0,1,1.0,1.0,12.5075,8.0,1.0,1
1,53,1,9003,1,42,140.0,1,3,38,141,151,135.3,0,0,0,1,1,0,21,0,7,12,18,11,12.090909090909092,0,5,12,14,11,12.0,0,8.9,1.4,3.51,2,0.9166666666666666,0.9166666666666666,0.8402777777777777,0.0,-0.09090909090909172,12.045454545454547,22,0.9166666666666666,0,0,1,1.0833333333333335,0.9166666666666666,11.041666666666668,11.0,1.0,1
1,1,1,9130,1,1,132.0,1,1,1,3,3,143.9,1,0,0,1,1,0,20,0,0,5,14,2,11.0,3,0,5,9,3,12.666666666666666,0,9.4,-0.8,-3.12,1,0.4,0.6,0.24,0.19999999999999996,1.666666666666666,11.833333333333332,5,0.5,0,0,1,1.4,0.5,5.916666666666666,3.0,0.8,1
1,39,1,9991,0,1,139.0,1,1,1,4,10,140.7,0,0,0,1,1,0,25,0,0,5,13,1,10.0,0,0,5,8,2,11.333333333333334,0,12.4,0.5,1.79,0,0.2,0.4,0.08000000000000002,0.2,1.333333333333334,10.666666666666668,3,0.3,0,0,1,1.6,0.3,3.2,2.0,0.8,1
1,1,1,9130,1,1,132.0,1,19,38,9,9,130.4,1,0,0,1,1,0,18,0,0,6,6,6,13.5,0,0,6,9,5,13.2,0,8.9,1.4,3.51,2,1.0,0.8333333333333334,0.8333333333333334,-0.16666666666666663,-0.3000000000000007,13.35,11,0.9166666666666666,0,0,1,1.1666666666666665,0.9166666666666666,12.237499999999999,5.0,0.8333333333333334,1
1,1,6,9070,1,6,119.0,1,1,1,9,9,123.2,1,0,0,1,1,0,22,0,0,6,6,6,14.166666666666666,0,0,6,8,6,13.625,0,10.8,1.4,1.74,2,1.0,1.0,1.0,0.0,-0.5416666666666661,13.895833333333332,12,1.0,0,0,1,1.0,1.0,13.895833333333332,6.0,1.0,1
1,39,1,9670,1,1,133.1,1,19,19,3,9,118.0,0,0,0,1,1,0,27,0,0,6,7,6,14.0,0,0,6,7,6,14.714285714285714,0,8.9,1.4,3.51,2,1.0,1.0,1.0,0.0,0.7142857142857135,14.357142857142858,12,1.0,0,0,1,1.0,1.0,14.357142857142858,6.0,1.0,1
1,39,1,9003,1,19,133.1,1,4,1,2,4,120.0,0,0,0,1,1,0,25,0,0,3,4,0,0.0,0,0,3,5,0,0.0,0,16.2,0.3,-0.92,0,0.0,0.0,0.0,0.0,0.0,0.0,0,0.0,0,0,1,2.0,0.0,0.0,0.0,1.0,1
1,17,1,9085,1,1,128.0,1,38,19,8,8,117.2,0,0,0,1,1,0,20,0,0,5,7,5,14.6,1,0,5,5,5,14.2,0,12.7,3.7,-1.7,2,1.0,1.0,1.0,0.0,-0.40000000000000036,14.399999999999999,10,1.0,0,0,1,1.0,1.0,14.399999999999999,5.0,1.0,1
1,39,1,9003,1,1,120.0,1,3,4,2,2,120.0,0,0,0,1,1,0,27,0,0,6,10,5,13.0,0,0,6,13,5,11.5,0,16.2,0.3,-0.92,2,0.8333333333333334,0.8333333333333334,0.6944444444444445,0.0,-1.5,12.25,10,0.8333333333333334,0,0,1,1.1666666666666665,0.8333333333333334,10.208333333333334,5.0,1.0,1
1,1,1,8014,0,1,130.0,1,1,1,9,9,118.1,0,0,0,1,1,0,20,0,0,6,7,6,12.166666666666666,0,0,6,9,6,12.0,0,7.6,2.6,0.32,2,1.0,1.0,1.0,0.0,-0.16666666666666607,12.083333333333332,12,1.0,0,0,1,1.0,1.0,12.083333333333332,6.0,1.0,1
1,1,1,9147,1,1,130.0,1,38,37,9,9,124.8,1,0,0,1,1,0,22,0,0,5,9,0,0.0,0,0,5,5,1,12.0,0,7.6,2.6,0.32,0,0.0,0.2,0.0,0.2,12.0,6.0,1,0.1,0,0,1,1.8,0.1,0.6000000000000001,1.0,0.8,1
1,17,6,9119,1,1,111.0,1,19,3,5,10,106.5,1,0,0,1,1,0,19,0,0,5,10,3,10.5,0,0,5,11,3,10.8,0,12.4,0.5,1.79,0,0.6,0.6,0.36,0.0,0.3000000000000007,10.65,6,0.6,0,0,1,1.4,0.6,6.39,3.0,1.0,1
2,39,1,9085,1,9,133.1,1,1,1,4,4,120.0,1,0,0,0,1,0,29,0,0,5,12,0,0.0,4,0,5,8,0,0.0,1,9.4,-0.8,-3.12,0,0.0,0.0,0.0,0.0,0.0,0.0,0,0.0,0,0,2,3.0,0.0,0.0,0.0,1.0,1
1,1,2,9500,1,1,149.0,1,3,1,9,9,137.5,0,0,0,1,1,0,19,0,0,8,8,7,13.828571428571427,0,0,8,8,7,13.828571428571427,0,12.7,3.7,-1.7,2,0.875,0.875,0.765625,0.0,0.0,13.828571428571427,14,0.875,0,0,1,1.125,0.875,12.1,7.0,1.0,1
2,1,1,9238,1,1,134.0,1,37,37,5,5,120.4,0,0,0,1,0,0,20,0,0,6,7,6,11.5,0,0,6,6,6,11.666666666666666,0,7.6,2.6,0.32,2,1.0,1.0,1.0,0.0,0.16666666666666607,11.583333333333332,12,1.0,0,0,1,1.0,1.0,11.583333333333332,6.0,1.0,1
1,1,4,9070,1,1,136.0,1,37,37,9,8,136.7,1,0,0,1,0,0,20,0,0,6,6,4,13.5,0,0,6,8,6,13.625,0,10.8,1.4,1.74,2,0.6666666666666666,1.0,0.6666666666666666,0.33333333333333337,0.125,13.5625,10,0.8333333333333334,0,0,1,1.0,0.8333333333333334,11.302083333333334,6.0,0.6666666666666666,1
1,39,1,8014,0,1,133.1,1,34,5,0,1,118.5,1,0,0,1,0,0,31,0,0,6,12,0,0.0,0,0,6,0,0,0.0,0,7.6,2.6,0.32,0,0.0,0.0,0.0,0.0,0.0,0.0,0,0.0,0,0,1,2.0,0.0,0.0,0.0,1.0,1
1,17,5,9500,1,1,141.0,1,12,1,5,5,133.0,1,0,0,1,0,0,18,0,0,7,8,7,12.5375,0,0,8,9,7,12.614285714285714,0,13.9,-0.3,0.79,2,1.0,0.875,0.875,-0.125,0.07678571428571423,12.575892857142858,14,0.9333333333333333,1,0,1,1.125,0.9333333333333333,11.7375,7.0,0.875,1
1,1,1,9147,1,1,148.0,1,37,38,9,8,133.0,1,0,0,1,0,0,18,0,0,5,10,4,12.0,0,0,5,9,4,12.8,0,13.9,-0.3,0.79,2,0.8,0.8,0.6400000000000001,0.0,0.8000000000000007,12.4,8,0.8,0,0,1,1.2,0.8,9.920000000000002,4.0,1.0,1
1,17,1,9254,1,1,102.0,1,37,37,7,7,102.0,0,0,0,1,0,0,19,0,0,6,8,5,11.8,0,0,6,8,5,11.6,0,10.8,1.4,1.74,2,0.8333333333333334,0.8333333333333334,0.6944444444444445,0.0,-0.20000000000000107,11.7,10,0.8333333333333334,0,0,1,1.1666666666666665,0.8333333333333334,9.75,5.0,1.0,1
1,1,1,9147,1,1,143.0,1,1,19,3,3,133.9,0,0,0,1,0,1,18,0,0,5,5,5,15.0,0,0,5,5,5,15.2,0,12.7,3.7,-1.7,2,1.0,1.0,1.0,0.0,0.1999999999999993,15.1,10,1.0,0,0,0,0.0,1.0,15.1,5.0,1.0,1
1,17,1,9085,1,1,120.0,1,38,19,90,90,127.0,0,0,0,1,0,0,19,0,0,5,7,3,12.0,0,0,5,7,5,13.2,0,7.6,2.6,0.32,2,0.6,1.0,0.6,0.4,1.1999999999999993,12.6,8,0.8,0,0,1,1.0,0.8,10.08,5.0,0.6,1
1,17,1,9773,1,1,121.0,1,38,38,9,8,120.4,1,0,0,1,0,1,18,0,0,6,6,6,12.833333333333334,0,0,6,7,6,12.285714285714286,0,15.5,2.8,-4.06,2,1.0,1.0,1.0,0.0,-0.5476190476190474,12.55952380952381,12,1.0,0,0,0,0.0,1.0,12.55952380952381,6.0,1.0,1
1,1,4,9556,1,1,122.0,1,37,1,5,4,123.9,0,0,0,1,0,0,19,0,0,7,9,7,12.1625,0,0,8,8,8,13.825,0,13.9,-0.3,0.79,2,1.0,1.0,1.0,0.0,1.6624999999999996,12.993749999999999,15,1.0,1,0,1,1.0,1.0,12.993749999999999,8.0,1.0,1
1,1,2,9670,1,1,123.0,1,19,1,9,3,117.8,1,0,0,1,0,0,18,0,0,6,6,6,13.833333333333334,0,0,6,11,6,14.555555555555555,0,10.8,1.4,1.74,2,1.0,1.0,1.0,0.0,0.7222222222222214,14.194444444444445,12,1.0,0,0,1,1.0,1.0,14.194444444444445,6.0,1.0,1
1,44,1,9670,1,39,110.0,1,37,1,9,4,110.0,0,0,0,1,0,1,20,0,2,6,9,6,12.125,0,2,6,7,6,13.571428571428571,0,11.1,0.6,2.02,2,1.0,1.0,1.0,0.0,1.4464285714285712,12.848214285714285,12,1.0,0,0,0,0.0,1.0,12.848214285714285,6.0,1.0,1
1,17,1,9853,1,1,133.1,1,38,12,7,0,111.5,0,0,0,0,0,1,20,0,0,6,10,4,12.0,0,0,6,14,3,10.0,0,7.6,2.6,0.32,0,0.6666666666666666,0.5,0.3333333333333333,-0.16666666666666663,-2.0,11.0,7,0.5833333333333334,0,0,1,1.5,0.5833333333333334,6.416666666666667,3.0,0.8333333333333334,1
4,39,1,9853,1,1,143.0,1,37,1,9,10,140.0,0,0,1,0,0,0,31,0,0,7,8,6,12.666666666666666,0,0,7,9,5,12.6,0,8.9,1.4,3.51,0,0.8571428571428571,0.7142857142857143,0.6122448979591837,-0.1428571428571428,-0.06666666666666643,12.633333333333333,11,0.7857142857142857,0,0,3,3.2857142857142856,0.7857142857142857,9.926190476190476,5.0,0.8571428571428572,1
1,17,1,9670,1,1,149.0,1,19,37,7,4,134.3,0,1,0,1,0,0,20,0,0,6,7,6,12.666666666666666,0,0,6,9,6,13.77777777777778,0,10.8,1.4,1.74,2,1.0,1.0,1.0,0.0,1.1111111111111143,13.222222222222223,12,1.0,0,0,1,1.0,1.0,13.222222222222223,6.0,1.0,1
1,17,1,9003,1,1,133.0,1,38,37,9,9,125.3,1,0,0,1,0,0,21,0,12,18,22,18,11.88888888888889,1,11,13,13,13,11.461538461538462,0,15.5,2.8,-4.06,2,1.0,1.0,1.0,0.0,-0.4273504273504276,11.675213675213676,31,1.0,-5,0,1,1.0,1.0,11.675213675213676,13.0,1.0,1
1,7,1,9130,1,3,140.0,1,19,38,9,9,140.0,1,0,0,1,0,0,23,0,0,6,0,0,0.0,0,0,6,0,0,0.0,0,12.4,0.5,1.79,0,0.0,0.0,0.0,0.0,0.0,0.0,0,0.0,0,0,1,2.0,0.0,0.0,0.0,1.0,1
1,17,5,9070,1,1,122.0,1,19,38,5,7,119.6,0,0,1,0,0,0,21,0,0,6,6,4,13.0,0,0,6,8,4,11.6,0,10.8,1.4,1.74,0,0.6666666666666666,0.6666666666666666,0.4444444444444444,0.0,-1.4000000000000004,12.3,8,0.6666666666666666,0,0,3,3.3333333333333335,0.6666666666666666,8.2,4.0,1.0,1
1,7,1,9500,1,40,170.0,1,1,1,9,4,170.0,0,0,0,1,0,0,24,0,4,7,7,7,16.885714285714283,0,3,8,9,8,15.744444444444444,0,16.2,0.3,-0.92,2,1.0,1.0,1.0,0.0,-1.141269841269839,16.315079365079363,15,1.0,1,0,1,1.0,1.0,16.315079365079363,8.0,1.0,1
1,39,1,8014,0,1,120.0,1,1,1,4,4,150.5,0,0,0,1,0,0,27,0,0,6,6,6,12.5,0,1,6,6,6,12.333333333333334,0,15.5,2.8,-4.06,2,1.0,1.0,1.0,0.0,-0.16666666666666607,12.416666666666668,12,1.0,0,0,1,1.0,1.0,12.416666666666668,6.0,1.0,1
1,1,1,9500,1,1,143.0,1,1,37,3,8,128.0,0,0,0,1,0,1,18,0,0,7,9,7,13.055555555555555,0,0,8,8,8,15.8125,0,13.9,-0.3,0.79,2,1.0,1.0,1.0,0.0,2.7569444444444446,14.434027777777779,15,1.0,1,0,0,0.0,1.0,14.434027777777779,8.0,1.0,1
1,1,3,171,1,1,115.0,1,9,1,6,6,108.7,1,0,0,0,0,0,21,0,0,0,0,0,0.0,0,0,0,0,0,0.0,0,9.4,-0.8,-3.12,0,0.0,0.0,0.0,0.0,0.0,0.0,0,0.0,0,1,2,4.0,0.0,0.0,0.0,1.0,0
1,17,1,9130,1,1,123.0,1,19,3,3,2,121.6,1,0,1,1,0,1,19,0,0,5,7,0,0.0,0,0,5,5,0,0.0,0,7.6,2.6,0.32,0,0.0,0.0,0.0,0.0,0.0,0.0,0,0.0,0,0,1,2.0,0.0,0.0,0.0,1.0,1
1,1,6,9500,1,1,131.0,1,38,19,7,7,125.3,1,0,0,1,0,1,19,0,0,8,8,7,12.355714285714283,0,0,8,8,7,12.355714285714283,0,10.8,1.4,1.74,2,0.875,0.875,0.765625,0.0,0.0,12.355714285714283,14,0.875,0,0,0,0.125,0.875,10.811249999999998,7.0,1.0,1
1,17,1,9085,1,1,127.0,1,19,38,194,193,117.6,0,0,0,1,0,0,18,0,0,6,0,0,0.0,0,0,6,0,0,0.0,0,12.4,0.5,1.79,0,0.0,0.0,0.0,0.0,0.0,0.0,0,0.0,0,0,1,2.0,0.0,0.0,0.0,1.0,1
1,1,2,9853,1,1,112.0,1,37,37,191,182,106.1,1,0,1,1,0,1,20,0,0,7,7,7,13.857142857142858,0,0,7,8,7,12.571428571428571,0,8.9,1.4,3.51,2,1.0,1.0,1.0,0.0,-1.2857142857142865,13.214285714285715,14,1.0,0,0,1,1.0,1.0,13.214285714285715,7.0,1.0,1
2,1,1,8014,0,1,150.0,1,1,37,4,7,139.9,1,0,0,1,0,0,24,0,0,6,9,5,13.0,0,0,6,6,6,14.166666666666666,0,9.4,-0.8,-3.12,2,0.8333333333333334,1.0,0.8333333333333334,0.16666666666666663,1.166666666666666,13.583333333333332,11,0.9166666666666666,0,0,1,1.0,0.9166666666666666,12.451388888888888,6.0,0.8333333333333334,1
1,1,1,9070,1,1,116.0,1,1,1,1,1,110.8,1,0,0,1,0,0,20,0,0,6,6,6,12.833333333333334,0,0,6,10,6,11.166666666666666,0,12.4,0.5,1.79,2,1.0,1.0,1.0,0.0,-1.6666666666666679,12.0,12,1.0,0,0,1,1.0,1.0,12.0,6.0,1.0,1
1,1,1,9500,1,1,130.0,1,19,37,9,9,117.8,1,0,0,1,0,1,19,0,0,8,8,7,12.357142857142858,0,0,8,8,7,12.357142857142858,0,12.7,3.7,-1.7,2,0.875,0.875,0.765625,0.0,0.0,12.357142857142858,14,0.875,0,0,0,0.125,0.875,10.8125,7.0,1.0,1
1,1,6,9500,1,1,144.0,1,1,37,9,9,127.5,1,0,0,1,0,1,18,0,0,8,8,7,13.857142857142858,0,0,8,8,7,13.857142857142858,0,12.7,3.7,-1.7,2,0.875,0.875,0.765625,0.0,0.0,13.857142857142858,14,0.875,0,0,0,0.125,0.875,12.125,7.0,1.0,1
1,17,2,9238,1,3,105.0,1,37,37,7,8,129.7,1,0,0,1,0,1,20,0,0,6,6,6,12.333333333333334,0,0,6,6,6,10.666666666666666,0,9.4,-0.8,-3.12,2,1.0,1.0,1.0,0.0,-1.6666666666666679,11.5,12,1.0,0,0,0,0.0,1.0,11.5,6.0,1.0,1
1,17,1,9500,1,1,143.0,1,37,37,9,8,130.6,1,0,0,1,0,0,20,0,0,7,8,7,12.847142857142858,0,0,8,10,8,13.788888888888888,0,16.2,0.3,-0.92,2,1.0,1.0,1.0,0.0,0.94174603174603,13.318015873015874,15,1.0,1,0,1,1.0,1.0,13.318015873015874,8.0,1.0,1
1,17,2,9500,1,1,137.0,1,19,37,4,7,126.3,1,0,0,1,0,1,19,0,0,7,9,6,12.339999999999998,0,0,8,9,8,13.01875,0,11.1,0.6,2.02,2,0.8571428571428571,1.0,0.8571428571428571,0.1428571428571429,0.6787500000000026,12.679375,14,0.9333333333333333,1,0,0,0.0,0.9333333333333333,11.834083333333334,8.0,0.8571428571428571,1
1,44,1,9085,1,39,140.0,1,3,1,2,3,140.0,1,0,0,1,0,0,19,0,0,6,10,5,12.666666666666666,0,0,6,19,4,11.75,0,12.4,0.5,1.79,1,0.8333333333333334,0.6666666666666666,0.5555555555555556,-0.16666666666666674,-0.9166666666666661,12.208333333333332,9,0.75,0,0,1,1.3333333333333335,0.75,9.15625,4.0,0.8333333333333333,1
1,1,1,9773,1,1,133.1,1,3,19,4,5,105.0,1,0,0,1,0,0,20,0,0,6,6,6,13.833333333333334,0,0,6,6,6,12.5,0,12.7,3.7,-1.7,2,1.0,1.0,1.0,0.0,-1.333333333333334,13.166666666666668,12,1.0,0,0,1,1.0,1.0,13.166666666666668,6.0,1.0,1
1,17,2,9147,1,1,116.0,1,1,38,4,3,114.6,1,0,0,1,0,0,19,0,0,5,15,2,10.75,0,0,5,11,2,10.0,0,13.9,-0.3,0.79,0,0.4,0.4,0.16000000000000003,0.0,-0.75,10.375,4,0.4,0,0,1,1.6,0.4,4.15,2.0,1.0,1
1,17,1,9500,1,1,137.0,1,38,37,7,5,131.0,1,0,0,1,0,1,18,0,0,8,8,8,13.73125,0,0,8,8,8,13.73125,0,9.4,-0.8,-3.12,2,1.0,1.0,1.0,0.0,0.0,13.73125,16,1.0,0,0,0,0.0,1.0,13.73125,8.0,1.0,1
1,44,1,8014,0,39,130.0,1,37,38,6,6,130.0,1,0,0,1,0,0,23,0,5,9,10,9,10.88888888888889,0,3,8,10,6,11.333333333333334,0,11.1,0.6,2.02,2,1.0,0.75,0.75,-0.25,0.44444444444444464,11.11111111111111,15,0.8823529411764706,-1,0,1,1.25,0.8823529411764706,9.80392156862745,6.0,0.75,1
1,1,3,9500,1,1,106.0,1,19,37,9,7,109.5,1,0,0,1,0,0,19,0,0,7,8,7,13.025,0,0,8,9,8,13.811111111111112,0,13.9,-0.3,0.79,2,1.0,1.0,1.0,0.0,0.7861111111111114,13.418055555555556,15,1.0,1,0,1,1.0,1.0,13.418055555555556,8.0,1.0,1
1,17,2,9773,1,1,125.0,1,1,38,5,6,115.9,1,0,0,1,0,0,18,0,0,6,6,6,13.0,0,0,6,6,6,14.166666666666666,0,12.4,0.5,1.79,2,1.0,1.0,1.0,0.0,1.166666666666666,13.583333333333332,12,1.0,0,0,1,1.0,1.0,13.583333333333332,6.0,1.0,1
1,1,1,9773,1,1,134.0,1,19,37,9,9,131.6,1,1,0,1,0,0,19,0,0,6,10,5,11.8,0,0,6,10,5,12.0,0,10.8,1.4,1.74,2,0.8333333333333334,0.8333333333333334,0.6944444444444445,0.0,0.1999999999999993,11.9,10,0.8333333333333334,0,0,1,1.1666666666666665,0.8333333333333334,9.916666666666668,5.0,1.0,1
1,39,1,9500,1,1,133.1,1,19,37,9,9,120.0,0,0,0,1,0,1,25,0,0,8,8,7,12.042857142857144,0,0,8,8,7,12.042857142857144,0,12.7,3.7,-1.7,2,0.875,0.875,0.765625,0.0,0.0,12.042857142857144,14,0.875,0,0,0,0.125,0.875,10.537500000000001,7.0,1.0,1
1,1,1,9500,1,1,136.0,1,1,19,5,7,136.4,0,0,0,1,0,1,19,0,0,7,8,7,12.8375,0,0,8,8,8,15.5,0,13.9,-0.3,0.79,2,1.0,1.0,1.0,0.0,2.6624999999999996,14.16875,15,1.0,1,0,0,0.0,1.0,14.16875,8.0,1.0,1
1,39,1,9556,1,1,120.0,1,38,38,191,193,120.0,0,0,1,1,0,1,24,0,0,7,13,7,11.0,0,0,8,13,7,11.7,0,12.7,3.7,-1.7,2,1.0,0.875,0.875,-0.125,0.6999999999999993,11.35,14,0.9333333333333333,1,0,1,1.125,0.9333333333333333,10.593333333333334,7.0,0.875,1
1,1,1,9670,1,1,135.0,1,37,37,9,7,132.6,1,0,0,1,0,1,18,0,0,6,7,6,13.5,0,0,6,9,5,14.0,0,8.9,1.4,3.51,2,1.0,0.8333333333333334,0.8333333333333334,-0.16666666666666663,0.5,13.75,11,0.9166666666666666,0,0,0,0.16666666666666663,0.9166666666666666,12.604166666666666,5.0,0.8333333333333334,1
1,17,5,9238,1,1,122.0,1,37,37,7,5,112.9,1,0,0,1,0,1,19,0,0,6,8,6,12.125,0,0,6,7,6,12.714285714285714,0,16.2,0.3,-0.92,2,1.0,1.0,1.0,0.0,0.5892857142857135,12.419642857142858,12,1.0,0,0,0,0.0,1.0,12.419642857142858,6.0,1.0,1
1,1,5,9500,1,1,147.0,1,37,37,9,9,134.3,0,0,0,1,0,1,18,0,0,8,12,7,12.62857142857143,0,0,8,12,7,12.62857142857143,0,12.7,3.7,-1.7,2,0.875,0.875,0.765625,0.0,0.0,12.62857142857143,14,0.875,0,0,0,0.125,0.875,11.05,7.0,1.0,1
1,39,1,9991,0,1,120.0,1,38,1,9,4,123.2,0,0,0,1,0,0,27,0,0,5,9,3,10.666666666666666,0,0,5,7,4,11.4,0,10.8,1.4,1.74,1,0.6,0.8,0.48,0.20000000000000007,0.7333333333333343,11.033333333333333,7,0.7,0,0,1,1.2,0.7,7.723333333333333,4.0,0.7999999999999999,1
2,39,1,9670,1,1,130.0,1,37,37,9,0,158.0,0,0,1,0,0,0,34,0,0,6,7,4,13.5,0,0,6,6,0,0.0,6,12.7,3.7,-1.7,0,0.6666666666666666,0.0,0.0,-0.6666666666666666,-13.5,6.75,4,0.3333333333333333,0,0,3,4.0,0.3333333333333333,2.25,0.0,0.33333333333333337,1
1,1,6,9147,1,1,128.0,1,37,37,9,9,116.5,0,0,0,1,0,0,18,0,0,5,9,3,11.666666666666666,0,0,5,15,2,11.0,0,7.6,2.6,0.32,1,0.6,0.4,0.24,-0.19999999999999996,-0.6666666666666661,11.333333333333332,5,0.5,0,0,1,1.6,0.5,5.666666666666666,2.0,0.8,1
1,1,1,9147,1,1,129.0,1,37,38,4,9,121.0,1,0,0,1,0,0,18,0,0,5,8,2,10.5,0,0,5,7,3,12.333333333333334,0,7.6,2.6,0.32,1,0.4,0.6,0.24,0.19999999999999996,1.833333333333334,11.416666666666668,5,0.5,0,0,1,1.4,0.5,5.708333333333334,3.0,0.8,1
1,1,2,9773,1,1,108.0,1,38,38,7,7,115.0,1,0,1,0,0,0,20,0,0,6,0,0,0.0,0,0,6,0,0,0.0,0,8.9,1.4,3.51,0,0.0,0.0,0.0,0.0,0.0,0.0,0,0.0,0,0,3,4.0,0.0,0.0,0.0,1.0,1
1,1,1,9147,1,1,130.0,1,19,37,9,9,131.8,1,0,0,1,0,1,19,0,0,5,8,2,10.5,0,0,5,11,3,13.333333333333334,0,7.6,2.6,0.32,1,0.4,0.6,0.24,0.19999999999999996,2.833333333333334,11.916666666666668,5,0.5,0,0,0,0.4,0.5,5.958333333333334,3.0,0.8,1
1,1,1,9238,1,1,135.0,1,37,1,3,5,121.0,0,0,0,1,0,0,21,0,0,6,11,5,11.2,0,0,6,15,1,10.0,0,7.6,2.6,0.32,1,0.8333333333333334,0.16666666666666666,0.1388888888888889,-0.6666666666666667,-1.1999999999999993,10.6,6,0.5,0,0,1,1.8333333333333335,0.5,5.3,1.0,0.33333333333333326,1
2,39,1,9991,0,3,140.0,1,19,19,9,7,152.4,0,0,0,1,0,0,26,0,0,5,5,5,12.0,0,0,5,6,5,14.833333333333334,0,10.8,1.4,1.74,2,1.0,1.0,1.0,0.0,2.833333333333334,13.416666666666668,10,1.0,0,0,1,1.0,1.0,13.416666666666668,5.0,1.0,1
1,43,2,9556,1,1,120.0,1,1,19,4,3,110.2,0,0,0,1,0,0,27,0,0,7,9,7,12.228571428571428,0,1,8,10,8,13.2125,0,10.8,1.4,1.74,2,1.0,1.0,1.0,0.0,0.9839285714285726,12.720535714285713,15,1.0,1,0,1,1.0,1.0,12.720535714285713,8.0,1.0,1
1,1,1,9670,1,1,117.0,1,1,38,5,1,113.5,1,0,0,1,0,0,20,0,0,5,6,4,11.5,0,0,5,5,4,10.75,0,9.4,-0.8,-3.12,2,0.8,0.8,0.6400000000000001,0.0,-0.75,11.125,8,0.8,0,0,1,1.2,0.8,8.9,4.0,1.0,1
1,17,1,9238,1,1,151.0,1,19,1,5,0,144.4,1,0,0,1,0,0,18,0,0,6,8,6,15.375,0,0,6,7,6,16.428571428571427,0,16.2,0.3,-0.92,2,1.0,1.0,1.0,0.0,1.053571428571427,15.901785714285714,12,1.0,0,0,1,1.0,1.0,15.901785714285714,6.0,1.0,1
1,39,1,9500,1,19,133.1,1,1,5,4,3,100.0,0,0,0,1,0,0,24,0,0,8,11,7,12.614285714285714,0,0,8,11,7,12.614285714285714,0,12.7,3.7,-1.7,2,0.875,0.875,0.765625,0.0,0.0,12.614285714285714,14,0.875,0,0,1,1.125,0.875,11.0375,7.0,1.0,1
1,44,1,9238,1,39,130.0,1,38,38,6,9,126.3,1,0,0,1,0,1,19,0,3,6,7,5,12.2,0,2,6,6,6,11.5,0,13.9,-0.3,0.79,2,0.8333333333333334,1.0,0.8333333333333334,0.16666666666666663,-0.6999999999999993,11.85,11,0.9166666666666666,0,0,0,0.0,0.9166666666666666,10.862499999999999,6.0,0.8333333333333334,1
1,1,1,9773,1,1,125.0,1,19,38,3,5,115.9,0,0,0,1,0,0,19,0,0,6,13,4,11.75,0,0,6,10,4,11.0,0,10.8,1.4,1.74,2,0.6666666666666666,0.6666666666666666,0.4444444444444444,0.0,-0.75,11.375,8,0.6666666666666666,0,0,1,1.3333333333333335,0.6666666666666666,7.583333333333333,4.0,1.0,1
1,1,4,9238,1,1,125.0,1,19,38,9,6,114.9,1,0,1,1,0,1,19,0,0,6,9,5,11.4,0,0,6,9,3,10.0,0,8.9,1.4,3.51,1,0.8333333333333334,0.5,0.4166666666666667,-0.33333333333333337,-1.4000000000000004,10.7,8,0.6666666666666666,0,0,1,1.5,0.6666666666666666,7.133333333333333,3.0,0.6666666666666666,1
1,1,1,9238,1,1,135.0,1,37,19,5,10,121.0,0,0,1,1,0,0,18,0,0,6,10,5,10.6,0,0,6,14,2,10.0,0,7.6,2.6,0.32,1,0.8333333333333334,0.3333333333333333,0.2777777777777778,-0.5,-0.5999999999999996,10.3,7,0.5833333333333334,0,0,2,2.666666666666667,0.5833333333333334,6.008333333333334,2.0,0.5,1
1,51,1,8014,0,1,121.0,1,1,38,5,7,112.3,0,0,0,1,0,0,22,0,14,16,16,13,10.923076923076923,0,13,13,13,11,11.454545454545457,0,16.2,0.3,-0.92,2,0.8125,0.8461538461538461,0.6875,0.033653846153846145,0.5314685314685335,11.18881118881119,24,0.8275862068965517,-3,0,1,1.1538461538461537,0.8275862068965517,9.259705811429951,11.0,0.9663461538461539,1
1,43,1,9070,1,1,141.0,1,1,19,5,10,127.0,0,0,0,1,0,0,20,0,0,6,6,5,12.4,0,0,6,9,5,12.4,0,12.7,3.7,-1.7,2,0.8333333333333334,0.8333333333333334,0.6944444444444445,0.0,0.0,12.4,10,0.8333333333333334,0,0,1,1.1666666666666665,0.8333333333333334,10.333333333333334,5.0,1.0,1
1,39,1,9003,1,1,130.0,1,19,19,9,9,120.0,0,0,0,1,0,0,25,0,0,6,6,0,0.0,0,0,6,6,0,0.0,0,11.1,0.6,2.02,0,0.0,0.0,0.0,0.0,0.0,0.0,0,0.0,0,0,1,2.0,0.0,0.0,0.0,1.0,1
1,44,1,9003,1,39,180.0,1,1,3,4,2,180.0,0,0,0,1,0,0,21,0,0,6,6,6,15.833333333333334,0,0,6,8,6,15.5,0,15.5,2.8,-4.06,2,1.0,1.0,1.0,0.0,-0.3333333333333339,15.666666666666668,12,1.0,0,0,1,1.0,1.0,15.666666666666668,6.0,1.0,1
1,17,4,9773,1,1,127.0,1,1,19,4,1,115.8,1,0,0,1,0,0,18,0,0,6,7,6,12.571428571428571,0,0,6,6,6,13.666666666666666,0,13.9,-0.3,0.79,2,1.0,1.0,1.0,0.0,1.095238095238095,13.119047619047619,12,1.0,0,0,1,1.0,1.0,13.119047619047619,6.0,1.0,1
1,1,3,9670,1,1,126.0,1,37,37,0,0,136.5,1,0,0,1,0,0,18,0,0,5,7,3,12.0,0,0,5,7,4,13.25,1,7.6,2.6,0.32,2,0.6,0.8,0.48,0.20000000000000007,1.25,12.625,7,0.7,0,0,1,1.2,0.7,8.837499999999999,4.0,0.7999999999999999,1
1,17,3,9500,1,1,143.0,1,3,3,9,7,129.0,1,0,0,1,1,0,19,0,0,7,8,7,13.3625,0,0,8,9,8,14.444444444444445,0,13.9,-0.3,0.79,2,1.0,1.0,1.0,0.0,1.081944444444444,13.903472222222224,15,1.0,1,0,1,1.0,1.0,13.903472222222224,8.0,1.0,1
1,1,1,9085,1,1,144.0,13,3,3,6,6,137.6,1,0,0,1,0,1,19,1,0,5,6,5,15.4,0,0,5,5,5,16.0,0,10.8,1.4,1.74,2,1.0,1.0,1.0,0.0,0.5999999999999996,15.7,10,1.0,0,0,0,0.0,1.0,15.7,5.0,1.0,1
1,17,2,9773,1,1,126.0,1,37,38,5,5,129.5,1,0,1,0,0,0,18,0,0,6,9,5,12.2,0,0,6,9,4,11.75,0,10.8,1.4,1.74,0,0.8333333333333334,0.6666666666666666,0.5555555555555556,-0.16666666666666674,-0.4499999999999993,11.975,9,0.75,0,0,3,3.3333333333333335,0.75,8.98125,4.0,0.8333333333333333,1
1,51,1,9238,1,39,140.0,1,38,38,5,7,129.1,1,0,0,1,0,1,20,0,6,11,11,11,12.818181818181818,0,6,11,11,11,13.545454545454543,0,12.4,0.5,1.79,2,1.0,1.0,1.0,0.0,0.7272727272727249,13.18181818181818,22,1.0,0,0,0,0.0,1.0,13.18181818181818,11.0,1.0,1
1,17,5,9500,1,1,148.0,1,1,19,4,8,130.2,1,0,0,1,0,0,19,0,0,7,0,0,0.0,0,0,8,0,0,0.0,0,12.4,0.5,1.79,0,0.0,0.0,0.0,0.0,0.0,0.0,0,0.0,1,0,1,2.0,0.0,0.0,0.0,1.0,1
1,42,1,9500,1,1,100.0,1,19,37,5,7,134.3,1,0,0,1,0,0,28,0,12,17,21,17,13.394736842105264,0,11,17,19,17,13.554736842105264,0,16.2,0.3,-0.92,2,1.0,1.0,1.0,0.0,0.16000000000000014,13.474736842105264,34,1.0,0,0,1,1.0,1.0,13.474736842105264,17.0,1.0,1
1,1,1,9238,1,1,151.0,1,37,1,9,9,138.4,1,0,0,1,0,1,20,0,0,6,8,6,14.25,0,0,6,8,6,11.0,0,12.7,3.7,-1.7,2,1.0,1.0,1.0,0.0,-3.25,12.625,12,1.0,0,0,0,0.0,1.0,12.625,6.0,1.0,1
1,1,4,9500,1,1,135.0,1,1,19,9,7,123.5,1,0,0,1,0,1,19,0,0,7,8,7,12.285714285714286,0,0,8,10,8,11.7375,0,12.4,0.5,1.79,2,1.0,1.0,1.0,0.0,-0.5482142857142858,12.011607142857144,15,1.0,1,0,0,0.0,1.0,12.011607142857144,8.0,1.0,1
1,1,2,9070,1,1,121.0,1,19,19,3,3,116.1,1,0,0,1,0,0,22,0,0,6,7,6,11.666666666666666,0,0,6,7,5,13.2,0,12.7,3.7,-1.7,2,1.0,0.8333333333333334,0.8333333333333334,-0.16666666666666663,1.5333333333333332,12.433333333333334,11,0.9166666666666666,0,0,1,1.1666666666666665,0.9166666666666666,11.397222222222222,5.0,0.8333333333333334,1
1,1,1,9254,1,1,116.0,1,38,38,5,8,110.8,1,0,0,1,0,0,18,0,0,6,8,6,12.166666666666666,0,0,6,6,6,13.5,0,11.1,0.6,2.02,2,1.0,1.0,1.0,0.0,1.333333333333334,12.833333333333332,12,1.0,0,0,1,1.0,1.0,12.833333333333332,6.0,1.0,1
1,17,1,9853,1,1,147.0,1,37,37,9,9,142.8,1,0,0,1,0,0,23,0,0,6,11,2,10.0,0,0,6,15,2,11.0,0,7.6,2.6,0.32,0,0.3333333333333333,0.3333333333333333,0.1111111111111111,0.0,1.0,10.5,4,0.3333333333333333,0,0,1,1.6666666666666667,0.3333333333333333,3.5,2.0,1.0,1
1,17,4,9070,1,1,160.0,1,1,19,5,7,155.5,1,0,0,1,0,0,18,0,0,6,6,6,14.0,0,0,6,6,6,15.0,0,11.1,0.6,2.02,2,1.0,1.0,1.0,0.0,1.0,14.5,12,1.0,0,0,1,1.0,1.0,14.5,6.0,1.0,1
1,1,1,9853,1,1,133.0,1,37,19,7,7,126.7,1,0,0,1,0,0,18,0,0,6,9,5,11.833333333333334,0,0,6,6,4,12.0,0,15.5,2.8,-4.06,1,0.8333333333333334,0.6666666666666666,0.5555555555555556,-0.16666666666666674,0.16666666666666607,11.916666666666668,9,0.75,0,0,1,1.3333333333333335,0.75,8.9375,4.0,0.8333333333333333,1
2,39,1,9773,1,19,100.0,1,37,37,0,0,163.5,0,0,1,0,1,0,50,0,0,6,7,1,15.0,0,0,5,12,0,0.0,0,10.8,1.4,1.74,0,0.16666666666666666,0.0,0.0,-0.16666666666666666,-15.0,7.5,1,0.09090909090909091,-1,0,3,4.0,0.09090909090909091,0.6818181818181819,0.0,0.8333333333333334,1
1,1,1,171,1,1,151.0,41,3,3,2,5,161.9,1,0,0,1,0,1,19,1,0,0,0,0,0.0,0,0,0,0,0,0.0,0,13.9,-0.3,0.79,2,0.0,0.0,0.0,0.0,0.0,0.0,0,0.0,0,1,0,2.0,0.0,0.0,0.0,1.0,0
1,17,2,9254,1,1,124.0,41,19,38,9,9,123.3,1,0,0,1,0,0,22,1,0,6,7,6,10.833333333333334,0,0,6,6,6,10.666666666666666,0,13.9,-0.3,0.79,2,1.0,1.0,1.0,0.0,-0.16666666666666785,10.75,12,1.0,0,0,1,1.0,1.0,10.75,6.0,1.0,1
1,44,1,9238,1,39,140.0,41,1,1,4,6,137.5,0,0,1,1,0,1,23,1,3,6,7,6,13.142857142857142,0,2,6,6,6,14.0,0,12.4,0.5,1.79,2,1.0,1.0,1.0,0.0,0.8571428571428577,13.571428571428571,12,1.0,0,0,1,1.0,1.0,13.571428571428571,6.0,1.0,1
4,39,1,9238,1,19,133.1,1,37,37,9,10,103.5,0,0,0,0,0,0,44,0,0,6,0,0,0.0,0,0,6,0,0,0.0,0,13.9,-0.3,0.79,0,0.0,0.0,0.0,0.0,0.0,0.0,0,0.0,0,0,2,3.0,0.0,0.0,0.0,1.0,1
2,43,1,9991,0,1,100.0,1,37,37,9,9,128.2,0,0,0,1,1,0,46,0,6,10,13,9,12.2,0,4,10,12,10,12.8,0,7.6,2.6,0.32,2,0.9,1.0,0.9,0.09999999999999998,0.6000000000000014,12.5,19,0.95,0,0,1,1.0,0.95,11.875,10.0,0.9,1
1,39,1,9085,1,39,120.0,1,37,37,1,9,137.7,1,0,0,0,1,0,41,0,3,3,3,3,12.333333333333334,0,2,2,2,2,11.0,0,12.4,0.5,1.79,0,1.0,1.0,1.0,0.0,-1.333333333333334,11.666666666666668,5,1.0,-1,0,2,2.0,1.0,11.666666666666668,2.0,1.0,1
1,17,3,9500,1,1,133.0,1,38,19,9,8,128.8,1,0,0,1,1,0,18,0,0,7,8,7,11.8375,0,0,8,9,8,12.48125,0,13.9,-0.3,0.79,2,1.0,1.0,1.0,0.0,0.6437499999999989,12.159375,15,1.0,1,0,1,1.0,1.0,12.159375,8.0,1.0,1
3,39,1,9991,0,1,120.0,1,37,1,9,2,170.0,0,0,0,1,1,0,43,0,0,5,5,5,11.8,0,0,5,6,5,14.0,0,9.4,-0.8,-3.12,2,1.0,1.0,1.0,0.0,2.1999999999999993,12.9,10,1.0,0,0,1,1.0,1.0,12.9,5.0,1.0,1
4,39,2,9147,1,19,133.1,1,37,37,9,7,116.4,0,0,1,0,1,0,70,0,0,5,5,0,0.0,0,0,5,9,0,0.0,0,10.8,1.4,1.74,0,0.0,0.0,0.0,0.0,0.0,0.0,0,0.0,0,0,3,4.0,0.0,0.0,0.0,1.0,1
4,39,1,9130,1,19,133.1,1,37,38,9,4,100.9,0,0,0,1,1,0,48,0,0,6,0,0,0.0,0,0,6,0,0,0.0,0,15.5,2.8,-4.06,0,0.0,0.0,0.0,0.0,0.0,0.0,0,0.0,0,0,1,2.0,0.0,0.0,0.0,1.0,1
2,43,1,9003,1,1,133.1,1,37,37,9,7,136.0,0,0,0,1,1,0,41,0,18,19,19,19,12.68421052631579,0,12,13,13,13,12.384615384615383,0,15.5,2.8,-4.06,2,1.0,1.0,1.0,0.0,-0.29959514170040613,12.534412955465587,32,1.0,-6,0,1,1.0,1.0,12.534412955465587,13.0,1.0,1
1,1,1,9254,1,1,140.0,1,19,19,9,3,130.0,0,0,0,1,1,0,21,0,0,6,8,6,12.571428571428571,0,0,6,10,4,13.0,0,12.7,3.7,-1.7,1,1.0,0.6666666666666666,0.6666666666666666,-0.33333333333333337,0.4285714285714288,12.785714285714285,10,0.8333333333333334,0,0,1,1.3333333333333335,0.8333333333333334,10.654761904761905,4.0,0.6666666666666666,1
1,39,1,33,1,1,100.0,41,38,37,9,8,100.0,0,0,1,0,1,0,35,1,0,7,18,3,11.25,0,0,7,7,0,0.0,0,16.2,0.3,-0.92,0,0.42857142857142855,0.0,0.0,-0.42857142857142855,-11.25,5.625,3,0.21428571428571427,0,0,3,4.0,0.21428571428571427,1.2053571428571428,0.0,0.5714285714285714,1
2,39,1,9130,1,19,133.1,1,2,1,2,9,157.0,1,0,0,1,1,0,44,0,1,5,13,4,14.0,3,1,5,9,4,15.5,2,10.8,1.4,1.74,2,0.8,0.8,0.6400000000000001,0.0,1.5,14.75,8,0.8,0,0,1,1.2,0.8,11.8,4.0,1.0,1
1,1,1,9147,1,1,143.0,1,3,1,5,5,152.1,1,0,1,1,1,0,18,0,0,5,15,4,13.333333333333334,0,0,5,6,2,13.5,0,13.9,-0.3,0.79,0,0.8,0.4,0.32000000000000006,-0.4,0.16666666666666607,13.416666666666668,6,0.6,0,0,2,2.6,0.6,8.05,2.0,0.6,1
2,1,1,8014,0,1,165.0,1,37,37,0,0,162.9,1,0,0,1,1,0,45,0,0,6,7,6,13.666666666666666,0,0,6,6,6,13.666666666666666,0,7.6,2.6,0.32,2,1.0,1.0,1.0,0.0,0.0,13.666666666666666,12,1.0,0,0,1,1.0,1.0,13.666666666666666,6.0,1.0,1
1,1,1,9254,1,1,154.0,1,3,1,2,1,137.2,0,0,0,1,1,0,20,0,0,6,12,3,10.0,0,0,6,9,5,10.8,0,15.5,2.8,-4.06,1,0.5,0.8333333333333334,0.4166666666666667,0.33333333333333337,0.8000000000000007,10.4,8,0.6666666666666666,0,0,1,1.1666666666666665,0.6666666666666666,6.933333333333334,5.0,0.6666666666666666,1
1,44,1,9003,1,39,140.0,1,1,38,9,1,140.0,1,0,0,1,1,0,22,0,0,6,12,5,12.6,0,0,6,11,6,11.714285714285714,0,12.4,0.5,1.79,2,0.8333333333333334,1.0,0.8333333333333334,0.16666666666666663,-0.8857142857142861,12.157142857142857,11,0.9166666666666666,0,0,1,1.0,0.9166666666666666,11.144047619047617,6.0,0.8333333333333334,1
1,43,1,9119,1,1,140.0,1,37,38,5,7,146.5,0,0,0,1,1,0,39,0,0,5,10,3,17.333333333333332,0,0,5,11,1,17.0,0,13.9,-0.3,0.79,0,0.6,0.2,0.12,-0.39999999999999997,-0.33333333333333215,17.166666666666664,4,0.4,0,0,1,1.8,0.4,6.866666666666666,1.0,0.6000000000000001,1
2,39,1,9147,1,19,133.1,1,37,19,9,3,128.0,0,0,0,1,1,0,49,0,0,5,9,3,14.0,0,0,5,8,3,13.666666666666666,0,8.9,1.4,3.51,0,0.6,0.6,0.36,0.0,-0.3333333333333339,13.833333333333332,6,0.6,0,0,1,1.4,0.6,8.299999999999999,3.0,1.0,1
2,39,1,9991,0,1,120.0,1,37,37,9,9,133.2,1,0,0,1,1,0,32,0,0,5,5,0,0.0,0,0,5,5,0,0.0,0,7.6,2.6,0.32,0,0.0,0.0,0.0,0.0,0.0,0.0,0,0.0,0,0,1,2.0,0.0,0.0,0.0,1.0,1
1,39,1,9238,1,12,100.0,1,37,37,9,9,124.3,0,0,0,1,1,0,47,0,3,9,9,9,13.11111111111111,0,3,7,7,7,14.857142857142858,0,10.8,1.4,1.74,2,1.0,1.0,1.0,0.0,1.746031746031747,13.984126984126984,16,1.0,-2,0,1,1.0,1.0,13.984126984126984,7.0,1.0,1
2,39,1,8014,0,1,133.1,1,19,1,4,8,144.3,0,0,0,1,1,0,41,0,6,10,10,10,12.5,0,3,7,7,7,12.142857142857142,0,10.8,1.4,1.74,2,1.0,1.0,1.0,0.0,-0.35714285714285765,12.321428571428571,17,1.0,-3,0,1,1.0,1.0,12.321428571428571,7.0,1.0,1
2,39,1,9003,1,1,150.0,1,37,37,9,6,140.0,0,0,0,1,1,0,60,0,17,18,18,18,14.11111111111111,0,11,13,13,13,14.23076923076923,0,15.5,2.8,-4.06,2,1.0,1.0,1.0,0.0,0.11965811965811923,14.17094017094017,31,1.0,-5,0,1,1.0,1.0,14.17094017094017,13.0,1.0,1
2,39,1,9254,1,1,120.0,1,1,19,9,9,148.3,0,0,0,1,1,0,47,0,6,11,11,11,14.727272727272728,0,6,9,9,9,15.77777777777778,0,10.8,1.4,1.74,2,1.0,1.0,1.0,0.0,1.050505050505052,15.252525252525254,20,1.0,-2,0,1,1.0,1.0,15.252525252525254,9.0,1.0,1
1,39,1,8014,0,1,133.1,1,37,11,9,7,96.0,0,0,1,0,1,0,50,0,0,6,6,0,0.0,0,0,5,6,0,0.0,0,12.4,0.5,1.79,0,0.0,0.0,0.0,0.0,0.0,0.0,0,0.0,-1,0,3,4.0,0.0,0.0,0.0,1.0,1
2,39,1,9991,0,19,133.1,1,38,38,90,90,121.7,1,0,0,1,1,0,45,0,0,5,5,0,0.0,0,0,5,5,0,0.0,0,7.6,2.6,0.32,0,0.0,0.0,0.0,0.0,0.0,0.0,0,0.0,0,0,1,2.0,0.0,0.0,0.0,1.0,1
1,39,1,9119,1,1,100.0,1,37,37,9,8,160.0,0,0,1,0,1,0,45,0,0,5,5,0,0.0,0,0,5,5,0,0.0,0,15.5,2.8,-4.06,0,0.0,0.0,0.0,0.0,0.0,0.0,0,0.0,0,0,3,4.0,0.0,0.0,0.0,1.0,1
2,39,1,9085,1,1,133.1,1,37,37,90,90,110.3,0,0,0,1,1,0,33,0,0,5,7,4,13.5,0,0,5,6,5,11.6,0,7.6,2.6,0.32,2,0.8,1.0,0.8,0.19999999999999996,-1.9000000000000004,12.55,9,0.9,0,0,1,1.0,0.9,11.295000000000002,5.0,0.8,1
1,1,1,9500,1,1,143.0,1,3,3,2,2,129.0,0,0,0,1,1,0,18,0,0,8,8,7,13.105714285714283,0,0,8,8,7,13.105714285714283,0,10.8,1.4,1.74,2,0.875,0.875,0.765625,0.0,0.0,13.105714285714283,14,0.875,0,0,1,1.125,0.875,11.467499999999998,7.0,1.0,1
2,39,1,9085,1,1,120.0,1,37,37,6,6,150.0,0,0,0,1,1,0,43,0,0,5,8,5,13.5,2,0,5,5,5,14.4,0,9.4,-0.8,-3.12,2,1.0,1.0,1.0,0.0,0.9000000000000004,13.95,10,1.0,0,0,1,1.0,1.0,13.95,5.0,1.0,1
1,43,1,8014,0,1,161.0,1,19,37,4,10,100.0,0,0,0,1,1,0,44,0,9,13,18,13,11.846153846153848,0,9,11,11,11,12.0,0,12.7,3.7,-1.7,2,1.0,1.0,1.0,0.0,0.15384615384615152,11.923076923076923,24,1.0,-2,0,1,1.0,1.0,11.923076923076923,11.0,1.0,1
1,39,1,9130,1,9,133.1,1,34,36,0,90,107.5,0,0,0,1,1,0,29,0,0,5,5,0,0.0,0,0,5,5,0,0.0,0,7.6,2.6,0.32,0,0.0,0.0,0.0,0.0,0.0,0.0,0,0.0,0,0,1,2.0,0.0,0.0,0.0,1.0,1
4,39,1,9670,1,1,140.0,1,2,1,3,9,170.0,0,0,1,0,1,0,53,0,0,6,11,3,14.333333333333334,0,0,6,6,0,0.0,0,12.7,3.7,-1.7,0,0.5,0.0,0.0,-0.5,-14.333333333333334,7.166666666666667,3,0.25,0,0,3,4.0,0.25,1.7916666666666667,0.0,0.5,1
1,43,1,33,1,19,133.1,1,38,38,4,4,140.0,0,0,1,1,1,0,35,0,3,10,18,6,12.666666666666666,0,1,9,11,3,12.0,2,16.2,0.3,-0.92,0,0.6,0.3333333333333333,0.19999999999999998,-0.26666666666666666,-0.6666666666666661,12.333333333333332,9,0.47368421052631576,-1,0,2,2.666666666666667,0.47368421052631576,5.842105263157894,3.0,0.7333333333333334,1
1,1,1,171,1,1,156.0,1,19,38,9,5,170.0,1,0,0,1,1,0,22,0,0,0,0,0,0.0,0,0,0,0,0,0.0,0,7.6,2.6,0.32,2,0.0,0.0,0.0,0.0,0.0,0.0,0,0.0,0,1,1,3.0,0.0,0.0,0.0,1.0,0
1,39,1,8014,0,1,140.0,1,37,37,90,5,115.5,0,0,0,0,1,0,33,0,0,6,6,1,11.0,0,0,6,0,0,0.0,0,10.8,1.4,1.74,0,0.16666666666666666,0.0,0.0,-0.16666666666666666,-11.0,5.5,1,0.08333333333333333,0,0,2,3.0,0.08333333333333333,0.4583333333333333,0.0,0.8333333333333334,1
1,7,3,9130,1,3,130.0,1,37,26,90,10,130.0,0,0,0,0,1,0,41,0,0,5,9,0,0.0,4,0,5,9,0,0.0,3,10.8,1.4,1.74,0,0.0,0.0,0.0,0.0,0.0,0.0,0,0.0,0,0,2,3.0,0.0,0.0,0.0,1.0,1
4,7,1,9500,1,3,140.0,1,37,38,9,7,140.0,0,0,0,1,1,0,51,0,4,7,7,7,15.2,0,6,8,8,8,16.575,0,13.9,-0.3,0.79,2,1.0,1.0,1.0,0.0,1.375,15.8875,15,1.0,1,0,1,1.0,1.0,15.8875,8.0,1.0,1
1,51,1,9670,1,1,140.0,1,12,5,3,3,126.6,0,0,0,1,1,0,19,0,2,6,7,6,14.428571428571429,0,1,7,8,7,14.375,0,11.1,0.6,2.02,2,1.0,1.0,1.0,0.0,-0.053571428571428825,14.401785714285715,13,1.0,1,0,1,1.0,1.0,14.401785714285715,7.0,1.0,1
1,39,1,9991,0,1,133.1,1,37,37,9,9,143.2,0,0,0,1,1,0,35,0,0,5,5,0,0.0,0,0,5,5,0,0.0,0,11.1,0.6,2.02,0,0.0,0.0,0.0,0.0,0.0,0.0,0,0.0,0,0,1,2.0,0.0,0.0,0.0,1.0,1
1,1,2,171,1,1,131.0,41,19,1,4,7,131.4,1,0,0,1,1,0,20,1,0,0,0,0,0.0,0,0,0,0,0,0.0,0,7.6,2.6,0.32,2,0.0,0.0,0.0,0.0,0.0,0.0,0,0.0,0,1,1,3.0,0.0,0.0,0.0,1.0,0
1,43,1,9670,1,1,141.0,1,3,2,2,2,133.3,1,0,0,1,1,0,18,0,0,6,13,4,13.75,0,0,6,8,5,11.2,0,13.9,-0.3,0.79,1,0.6666666666666666,0.8333333333333334,0.5555555555555556,0.16666666666666674,-2.5500000000000007,12.475,9,0.75,0,0,1,1.1666666666666665,0.75,9.35625,5.0,0.8333333333333333,1
1,1,1,9773,1,1,120.0,1,19,37,9,9,118.3,0,0,1,0,1,1,18,0,0,6,11,5,12.166666666666666,0,0,6,15,3,12.0,0,13.9,-0.3,0.79,0,0.8333333333333334,0.5,0.4166666666666667,-0.33333333333333337,-0.16666666666666607,12.083333333333332,8,0.6666666666666666,0,0,2,2.5,0.6666666666666666,8.055555555555554,3.0,0.6666666666666666,1
1,44,1,9003,1,39,140.0,1,2,1,4,6,140.0,0,0,0,1,1,0,21,0,0,6,12,5,12.142857142857142,0,0,6,11,5,11.666666666666666,0,13.9,-0.3,0.79,2,0.8333333333333334,0.8333333333333334,0.6944444444444445,0.0,-0.4761904761904763,11.904761904761905,10,0.8333333333333334,0,0,1,1.1666666666666665,0.8333333333333334,9.920634920634921,5.0,1.0,1
1,1,1,9254,1,1,132.0,1,1,19,6,6,124.7,1,0,0,1,1,0,21,0,0,6,9,6,12.0,0,0,6,8,5,11.6,0,13.9,-0.3,0.79,2,1.0,0.8333333333333334,0.8333333333333334,-0.16666666666666663,-0.40000000000000036,11.8,11,0.9166666666666666,0,0,1,1.1666666666666665,0.9166666666666666,10.816666666666666,5.0,0.8333333333333334,1
4,39,1,9130,1,1,140.0,1,37,37,6,7,150.0,1,0,0,1,1,0,34,0,0,6,9,0,0.0,0,0,6,6,0,0.0,0,16.2,0.3,-0.92,0,0.0,0.0,0.0,0.0,0.0,0.0,0,0.0,0,0,1,2.0,0.0,0.0,0.0,1.0,1
1,17,2,9670,1,1,110.0,1,3,3,4,10,115.6,1,0,0,1,1,0,21,0,0,6,10,6,11.875,0,0,6,8,5,12.0,0,11.1,0.6,2.02,2,1.0,0.8333333333333334,0.8333333333333334,-0.16666666666666663,0.125,11.9375,11,0.9166666666666666,0,0,1,1.1666666666666665,0.9166666666666666,10.942708333333332,5.0,0.8333333333333334,1
1,17,2,9254,1,1,130.0,1,37,37,5,7,123.4,1,0,0,1,1,0,30,0,0,6,17,2,10.0,0,0,6,15,3,11.333333333333334,0,7.6,2.6,0.32,0,0.3333333333333333,0.5,0.16666666666666666,0.16666666666666669,1.333333333333334,10.666666666666668,5,0.4166666666666667,0,0,1,1.5,0.4166666666666667,4.4444444444444455,3.0,0.8333333333333333,1
1,1,1,171,1,1,137.0,1,1,3,3,7,146.5,1,0,1,1,1,0,19,0,6,12,13,11,12.0,0,4,11,15,10,11.181818181818182,0,8.9,1.4,3.51,1,0.9166666666666666,0.9090909090909091,0.8333333333333333,-0.007575757575757569,-0.8181818181818183,11.59090909090909,21,0.9130434782608695,-1,0,2,2.090909090909091,0.9130434782608695,10.583003952569168,10.0,0.9924242424242424,1
1,1,1,9070,1,1,124.0,1,19,19,9,7,113.9,1,0,0,1,1,0,18,0,0,6,0,0,0.0,0,0,6,0,0,0.0,0,12.4,0.5,1.79,0,0.0,0.0,0.0,0.0,0.0,0.0,0,0.0,0,0,1,2.0,0.0,0.0,0.0,1.0,1
1,1,1,9254,1,1,136.0,1,3,3,2,2,128.7,0,0,0,1,1,0,19,0,0,6,7,6,14.428571428571429,0,0,6,6,6,12.5,0,8.9,1.4,3.51,2,1.0,1.0,1.0,0.0,-1.9285714285714288,13.464285714285715,12,1.0,0,0,1,1.0,1.0,13.464285714285715,6.0,1.0,1
1,39,1,9773,1,12,120.0,1,1,1,9,9,129.8,1,0,0,1,1,0,52,0,0,6,7,5,13.0,0,0,6,6,6,15.0,0,9.4,-0.8,-3.12,2,0.8333333333333334,1.0,0.8333333333333334,0.16666666666666663,2.0,14.0,11,0.9166666666666666,0,0,1,1.0,0.9166666666666666,12.833333333333332,6.0,0.8333333333333334,1
2,43,1,9003,1,1,149.0,1,1,1,4,5,156.1,1,0,0,0,1,0,29,0,0,6,6,0,0.0,0,0,6,8,0,0.0,0,15.5,2.8,-4.06,0,0.0,0.0,0.0,0.0,0.0,0.0,0,0.0,0,0,2,3.0,0.0,0.0,0.0,1.0,1
1,51,1,9003,1,39,130.0,1,1,19,4,4,120.0,1,0,1,0,1,0,22,0,0,6,12,3,11.333333333333334,0,0,6,13,2,11.0,0,8.9,1.4,3.51,0,0.5,0.3333333333333333,0.16666666666666666,-0.16666666666666669,-0.3333333333333339,11.166666666666668,5,0.4166666666666667,0,0,3,3.666666666666667,0.4166666666666667,4.652777777777779,2.0,0.8333333333333333,1
1,43,1,9085,1,1,110.0,25,38,38,9,6,117.2,1,0,0,1,1,0,28,1,13,18,45,18,12.5,12,10,13,26,12,11.428571428571429,6,15.5,2.8,-4.06,2,1.0,0.9230769230769231,0.9230769230769231,-0.07692307692307687,-1.0714285714285712,11.964285714285715,30,0.967741935483871,-5,0,1,1.0769230769230769,0.967741935483871,11.578341013824886,12.0,0.9230769230769231,1
1,39,1,9670,1,6,133.1,1,1,1,90,3,107.0,1,0,0,1,1,0,30,0,0,5,5,0,0.0,0,0,5,5,0,0.0,0,7.6,2.6,0.32,0,0.0,0.0,0.0,0.0,0.0,0.0,0,0.0,0,0,1,2.0,0.0,0.0,0.0,1.0,1
1,1,2,9500,1,1,134.0,1,1,1,5,3,128.4,1,0,0,1,0,0,18,0,0,7,7,7,13.471428571428572,0,0,8,9,8,13.944444444444445,0,16.2,0.3,-0.92,2,1.0,1.0,1.0,0.0,0.4730158730158731,13.707936507936509,15,1.0,1,0,1,1.0,1.0,13.707936507936509,8.0,1.0,1
1,1,2,9670,1,1,130.0,1,38,37,5,5,123.4,1,0,0,1,0,0,21,0,0,5,5,4,11.75,0,0,5,5,3,13.333333333333334,0,9.4,-0.8,-3.12,2,0.8,0.6,0.48,-0.20000000000000007,1.583333333333334,12.541666666666668,7,0.7,0,0,1,1.4,0.7,8.779166666666667,3.0,0.7999999999999999,1
1,1,1,9070,1,1,141.0,1,37,37,9,9,126.7,1,0,1,1,0,1,20,0,0,6,9,6,13.333333333333334,0,0,6,10,6,14.666666666666666,0,12.7,3.7,-1.7,2,1.0,1.0,1.0,0.0,1.3333333333333321,14.0,12,1.0,0,0,1,1.0,1.0,14.0,6.0,1.0,1
1,42,1,9500,1,1,123.0,1,37,37,3,3,123.0,1,0,0,1,0,1,21,0,0,8,8,8,13.105,0,0,8,8,8,13.105,0,9.4,-0.8,-3.12,2,1.0,1.0,1.0,0.0,0.0,13.105,16,1.0,0,0,0,0.0,1.0,13.105,8.0,1.0,1
2,39,1,9991,0,19,133.1,1,19,37,7,9,137.2,0,0,1,0,0,0,32,0,0,5,5,0,0.0,0,0,5,6,0,0.0,0,10.8,1.4,1.74,0,0.0,0.0,0.0,0.0,0.0,0.0,0,0.0,0,0,3,4.0,0.0,0.0,0.0,1.0,1
1,1,3,9070,1,1,122.0,1,37,37,9,9,125.9,1,0,0,1,1,1,20,0,0,6,6,6,15.5,0,0,6,7,6,12.166666666666666,0,12.4,0.5,1.79,2,1.0,1.0,1.0,0.0,-3.333333333333334,13.833333333333332,12,1.0,0,0,0,0.0,1.0,13.833333333333332,6.0,1.0,1
1,1,4,171,1,1,132.0,1,1,19,4,5,138.0,1,0,1,0,1,0,19,0,0,0,0,0,0.0,0,0,0,0,0,0.0,0,15.5,2.8,-4.06,0,0.0,0.0,0.0,0.0,0.0,0.0,0,0.0,0,1,3,5.0,0.0,0.0,0.0,1.0,0
1,15,1,9670,1,1,133.1,41,1,1,9,5,128.2,0,0,1,0,1,0,18,1,0,6,6,4,11.25,0,0,6,7,3,12.333333333333334,0,8.9,1.4,3.51,0,0.6666666666666666,0.5,0.3333333333333333,-0.16666666666666663,1.083333333333334,11.791666666666668,7,0.5833333333333334,0,0,3,3.5,0.5833333333333334,6.878472222222223,3.0,0.8333333333333334,1
1,43,1,9991,0,1,130.0,1,37,2,9,4,126.5,1,0,0,0,1,0,23,0,10,15,24,12,11.0,0,10,14,21,11,11.363636363636363,1,7.6,2.6,0.32,0,0.8,0.7857142857142857,0.6285714285714286,-0.014285714285714346,0.3636363636363633,11.181818181818182,23,0.7931034482758621,-1,0,2,2.2142857142857144,0.7931034482758621,8.86833855799373,11.0,0.9857142857142857,1
1,1,1,9254,1,1,111.0,1,1,1,3,3,112.4,1,0,0,1,1,0,20,0,0,6,10,6,12.333333333333334,0,0,6,9,4,13.0,0,12.4,0.5,1.79,2,1.0,0.6666666666666666,0.6666666666666666,-0.33333333333333337,0.6666666666666661,12.666666666666668,10,0.8333333333333334,0,0,1,1.3333333333333335,0.8333333333333334,10.555555555555557,4.0,0.6666666666666666,1
2,43,2,9147,1,1,133.1,1,37,37,9,9,109.0,1,0,0,1,0,0,46,0,4,9,18,8,11.375,2,0,5,11,5,11.8,0,9.4,-0.8,-3.12,2,0.8888888888888888,1.0,0.8888888888888888,0.11111111111111116,0.4250000000000007,11.5875,13,0.9285714285714286,-4,0,1,1.0,0.9285714285714286,10.75982142857143,5.0,0.8888888888888888,1
1,17,1,9003,1,1,125.0,1,3,3,2,2,100.0,0,0,0,1,1,0,27,0,16,18,19,18,12.22222222222222,0,9,12,15,12,12.384615384615383,0,15.5,2.8,-4.06,2,1.0,1.0,1.0,0.0,0.1623931623931636,12.3034188034188,30,1.0,-6,0,1,1.0,1.0,12.3034188034188,12.0,1.0,1
2,43,3,8014,0,19,100.0,1,37,37,9,9,120.0,1,0,0,1,1,0,41,0,5,9,11,9,12.0,0,3,7,8,6,12.0,0,9.4,-0.8,-3.12,2,1.0,0.8571428571428571,0.8571428571428571,-0.1428571428571429,0.0,12.0,15,0.9375,-2,0,1,1.1428571428571428,0.9375,11.25,6.0,0.8571428571428571,1
2,44,1,8014,0,39,150.0,1,1,1,5,5,154.0,0,0,0,1,1,0,37,0,12,16,17,16,14.125,0,6,11,14,10,13.0,0,12.4,0.5,1.79,2,1.0,0.9090909090909091,0.9090909090909091,-0.09090909090909094,-1.125,13.5625,26,0.9629629629629629,-5,0,1,1.0909090909090908,0.9629629629629629,13.060185185185185,10.0,0.9090909090909091,1
1,7,1,9991,0,40,133.1,1,1,37,4,1,100.0,0,0,0,1,0,0,26,0,8,9,11,9,12.333333333333334,0,4,7,7,7,12.571428571428571,0,12.4,0.5,1.79,2,1.0,1.0,1.0,0.0,0.23809523809523725,12.452380952380953,16,1.0,-2,0,1,1.0,1.0,12.452380952380953,7.0,1.0,1
2,39,1,8014,0,1,133.1,1,37,37,9,7,162.5,0,0,0,1,1,0,54,0,4,9,9,9,14.333333333333334,0,2,7,7,7,13.857142857142858,0,8.9,1.4,3.51,2,1.0,1.0,1.0,0.0,-0.4761904761904763,14.095238095238095,16,1.0,-2,0,1,1.0,1.0,14.095238095238095,7.0,1.0,1
1,17,5,9670,1,1,132.0,1,19,19,5,5,134.1,1,0,0,1,1,0,21,0,0,6,6,6,15.166666666666666,0,0,6,9,6,14.0,0,10.8,1.4,1.74,2,1.0,1.0,1.0,0.0,-1.166666666666666,14.583333333333332,12,1.0,0,0,1,1.0,1.0,14.583333333333332,6.0,1.0,1
1,1,1,9085,1,1,134.0,1,1,1,9,9,133.0,1,0,0,1,0,1,20,0,0,6,8,6,15.142857142857142,0,0,6,8,6,15.142857142857142,0,11.1,0.6,2.02,2,1.0,1.0,1.0,0.0,0.0,15.142857142857142,12,1.0,0,0,0,0.0,1.0,15.142857142857142,6.0,1.0,1
1,17,6,9773,1,1,126.0,1,1,19,5,5,119.0,1,0,0,1,0,0,18,0,0,6,0,0,0.0,0,0,6,0,0,0.0,0,12.4,0.5,1.79,0,0.0,0.0,0.0,0.0,0.0,0.0,0,0.0,0,0,1,2.0,0.0,0.0,0.0,1.0,1
1,1,2,9238,1,1,129.0,1,38,1,4,10,129.4,1,0,0,1,0,0,18,0,0,6,7,6,12.333333333333334,0,0,6,7,6,12.166666666666666,0,9.4,-0.8,-3.12,2,1.0,1.0,1.0,0.0,-0.16666666666666785,12.25,12,1.0,0,0,1,1.0,1.0,12.25,6.0,1.0,1
1,1,1,9085,1,1,126.0,1,3,1,2,8,123.9,1,0,0,1,0,0,19,0,0,6,13,4,11.8,0,0,6,18,4,12.2,0,12.4,0.5,1.79,1,0.6666666666666666,0.6666666666666666,0.4444444444444444,0.0,0.3999999999999986,12.0,8,0.6666666666666666,0,0,1,1.3333333333333335,0.6666666666666666,8.0,4.0,1.0,1
1,43,1,9085,1,1,162.0,1,2,1,4,4,162.0,0,0,0,1,0,0,19,0,0,6,7,6,15.0,0,0,6,8,6,15.625,0,12.4,0.5,1.79,2,1.0,1.0,1.0,0.0,0.625,15.3125,12,1.0,0,0,1,1.0,1.0,15.3125,6.0,1.0,1
1,17,3,9773,1,1,123.0,1,1,19,5,5,117.4,1,0,0,1,0,1,18,0,0,6,6,6,12.5,0,0,6,6,6,13.833333333333334,0,16.2,0.3,-0.92,2,1.0,1.0,1.0,0.0,1.333333333333334,13.166666666666668,12,1.0,0,0,0,0.0,1.0,13.166666666666668,6.0,1.0,1
1,17,1,9773,1,1,150.0,1,38,38,7,7,137.8,1,0,0,1,0,1,18,0,0,6,6,6,15.0,0,0,6,6,6,15.5,0,8.9,1.4,3.51,2,1.0,1.0,1.0,0.0,0.5,15.25,12,1.0,0,0,0,0.0,1.0,15.25,6.0,1.0,1
1,1,1,9500,1,1,152.0,1,19,37,3,8,156.9,0,0,0,1,0,1,18,0,0,7,10,7,14.668,0,0,8,8,8,14.63375,0,15.5,2.8,-4.06,2,1.0,1.0,1.0,0.0,-0.034250000000000114,14.650875,15,1.0,1,0,0,0.0,1.0,14.650875,8.0,1.0,1
1,1,2,9773,1,1,130.0,1,1,34,9,9,124.8,1,0,0,1,0,1,20,0,0,6,7,5,12.8,0,0,6,6,6,12.333333333333334,0,12.4,0.5,1.79,2,0.8333333333333334,1.0,0.8333333333333334,0.16666666666666663,-0.4666666666666668,12.566666666666666,11,0.9166666666666666,0,0,0,0.0,0.9166666666666666,11.519444444444444,6.0,0.8333333333333334,1
1,1,1,9238,1,1,121.0,1,1,1,1,1,115.1,1,0,0,1,0,0,19,0,0,6,10,6,10.833333333333334,0,0,6,7,6,12.142857142857142,0,11.1,0.6,2.02,2,1.0,1.0,1.0,0.0,1.3095238095238084,11.488095238095237,12,1.0,0,0,1,1.0,1.0,11.488095238095237,6.0,1.0,1
1,1,1,9070,1,1,153.0,1,3,3,1,2,146.7,1,0,0,1,0,0,18,0,0,6,6,6,13.666666666666666,0,0,6,6,5,14.0,0,12.7,3.7,-1.7,2,1.0,0.8333333333333334,0.8333333333333334,-0.16666666666666663,0.3333333333333339,13.833333333333332,11,0.9166666666666666,0,0,1,1.1666666666666665,0.9166666666666666,12.680555555555554,5.0,0.8333333333333334,1
1,1,1,9500,1,1,148.0,1,3,1,4,5,132.8,0,0,0,1,0,0,18,0,0,8,8,7,14.537142857142856,0,0,8,8,7,14.537142857142856,0,10.8,1.4,1.74,2,0.875,0.875,0.765625,0.0,0.0,14.537142857142856,14,0.875,0,0,1,1.125,0.875,12.719999999999999,7.0,1.0,1
1,17,3,171,1,1,147.0,1,19,1,5,4,137.6,1,0,0,1,0,1,20,0,0,0,0,0,0.0,0,0,0,0,0,0.0,0,12.7,3.7,-1.7,2,0.0,0.0,0.0,0.0,0.0,0.0,0,0.0,0,1,0,2.0,0.0,0.0,0.0,1.0,0
1,17,1,9773,1,1,138.0,1,1,19,9,9,124.0,0,0,0,1,0,1,19,0,0,6,6,6,13.166666666666666,0,0,6,6,6,13.833333333333334,0,11.1,0.6,2.02,2,1.0,1.0,1.0,0.0,0.6666666666666679,13.5,12,1.0,0,0,0,0.0,1.0,13.5,6.0,1.0,1
1,39,1,9500,1,1,120.0,1,3,3,2,2,149.0,0,0,0,0,1,0,36,0,0,6,15,2,11.5,0,0,7,9,0,0.0,0,15.5,2.8,-4.06,0,0.3333333333333333,0.0,0.0,-0.3333333333333333,-11.5,5.75,2,0.15384615384615385,1,0,2,3.0,0.15384615384615385,0.8846153846153847,0.0,0.6666666666666667,1
1,17,1,9238,1,1,145.0,1,1,40,9,2,129.6,0,0,0,1,0,1,19,0,0,6,7,6,11.333333333333334,0,0,6,7,6,12.428571428571429,0,11.1,0.6,2.02,2,1.0,1.0,1.0,0.0,1.095238095238095,11.880952380952381,12,1.0,0,0,0,0.0,1.0,11.880952380952381,6.0,1.0,1
1,17,3,9238,1,1,118.0,1,3,1,2,5,110.0,1,0,0,1,0,0,18,0,0,6,6,6,12.0,0,0,6,6,5,13.6,0,8.9,1.4,3.51,2,1.0,0.8333333333333334,0.8333333333333334,-0.16666666666666663,1.5999999999999996,12.8,11,0.9166666666666666,0,0,1,1.1666666666666665,0.9166666666666666,11.733333333333334,5.0,0.8333333333333334,1
1,1,3,9773,1,1,121.0,1,19,19,3,3,116.1,0,0,0,1,0,1,18,0,0,6,6,6,13.166666666666666,0,0,6,6,6,12.166666666666666,0,12.4,0.5,1.79,2,1.0,1.0,1.0,0.0,-1.0,12.666666666666666,12,1.0,0,0,0,0.0,1.0,12.666666666666666,6.0,1.0,1
1,1,3,9773,1,1,135.0,1,38,38,5,8,133.3,1,0,0,1,0,1,18,0,0,6,6,6,14.833333333333334,0,0,6,6,6,14.166666666666666,0,8.9,1.4,3.51,2,1.0,1.0,1.0,0.0,-0.6666666666666679,14.5,12,1.0,0,0,0,0.0,1.0,14.5,6.0,1.0,1
1,44,1,9070,1,1,140.0,1,1,1,9,8,144.3,1,0,0,1,0,0,19,0,2,7,7,7,13.0,0,5,9,9,9,13.22222222222222,0,12.4,0.5,1.79,2,1.0,1.0,1.0,0.0,0.22222222222221966,13.11111111111111,16,1.0,2,0,1,1.0,1.0,13.11111111111111,9.0,1.0,1
1,18,3,9500,1,1,145.0,1,1,1,4,8,133.6,1,0,0,1,0,0,18,0,0,7,8,7,13.087142857142856,0,0,8,8,8,12.95,0,11.1,0.6,2.02,2,1.0,1.0,1.0,0.0,-0.137142857142857,13.018571428571427,15,1.0,1,0,1,1.0,1.0,13.018571428571427,8.0,1.0,1
1,1,1,9130,1,1,133.0,1,1,37,9,9,123.2,1,0,0,1,0,1,19,0,0,6,8,6,13.333333333333334,0,0,6,7,6,13.666666666666666,0,8.9,1.4,3.51,2,1.0,1.0,1.0,0.0,0.33333333333333215,13.5,12,1.0,0,0,0,0.0,1.0,13.5,6.0,1.0,1
1,1,2,9238,1,1,117.0,1,19,1,9,8,110.0,1,0,1,0,0,0,18,0,0,6,0,0,0.0,0,0,6,0,0,0.0,0,11.1,0.6,2.02,0,0.0,0.0,0.0,0.0,0.0,0.0,0,0.0,0,0,3,4.0,0.0,0.0,0.0,1.0,1
1,17,4,9147,1,1,125.0,1,19,19,5,5,118.0,1,0,0,1,0,0,19,0,0,5,7,5,13.6,0,0,5,6,5,12.2,0,8.9,1.4,3.51,2,1.0,1.0,1.0,0.0,-1.4000000000000004,12.899999999999999,10,1.0,0,0,1,1.0,1.0,12.899999999999999,5.0,1.0,1
1,1,1,9773,1,1,141.0,1,38,38,9,9,128.4,1,0,0,1,0,0,18,0,0,6,6,6,15.5,0,0,6,6,6,14.0,0,11.1,0.6,2.02,2,1.0,1.0,1.0,0.0,-1.5,14.75,12,1.0,0,0,1,1.0,1.0,14.75,6.0,1.0,1
1,1,3,9853,1,1,122.0,1,1,3,5,3,113.6,0,0,0,1,0,0,19,0,0,7,7,7,13.857142857142858,0,0,7,7,7,14.285714285714286,0,11.1,0.6,2.02,2,1.0,1.0,1.0,0.0,0.4285714285714288,14.071428571428573,14,1.0,0,0,1,1.0,1.0,14.071428571428573,7.0,1.0,1
1,17,2,9147,1,1,118.0,1,19,1,9,3,113.5,1,0,1,1,0,0,20,0,0,5,10,2,11.5,0,0,5,8,3,10.0,0,11.1,0.6,2.02,1,0.4,0.6,0.24,0.19999999999999996,-1.5,10.75,5,0.5,0,0,2,2.4,0.5,5.375,3.0,0.8,1
1,17,3,9070,1,1,142.0,1,1,38,3,5,146.9,1,0,0,1,0,1,18,0,0,6,6,6,13.0,0,0,6,6,6,12.166666666666666,0,16.2,0.3,-0.92,2,1.0,1.0,1.0,0.0,-0.8333333333333339,12.583333333333332,12,1.0,0,0,0,0.0,1.0,12.583333333333332,6.0,1.0,1
1,1,1,9130,1,1,143.0,1,3,3,2,10,141.3,0,0,1,0,0,0,23,0,0,6,10,6,14.0,0,0,6,11,4,13.0,0,11.1,0.6,2.02,1,1.0,0.6666666666666666,0.6666666666666666,-0.33333333333333337,-1.0,13.5,10,0.8333333333333334,0,0,3,3.3333333333333335,0.8333333333333334,11.25,4.0,0.6666666666666666,1
1,1,4,9773,1,1,143.0,1,1,3,4,7,129.7,1,0,0,1,0,0,20,0,0,4,4,0,0.0,0,0,6,0,0,0.0,0,8.9,1.4,3.51,0,0.0,0.0,0.0,0.0,0.0,0.0,0,0.0,2,0,1,2.0,0.0,0.0,0.0,1.0,1
1,1,1,9238,1,1,115.0,1,1,1,9,4,109.1,1,0,1,0,0,1,22,0,0,6,0,0,0.0,0,0,6,0,0,0.0,0,12.4,0.5,1.79,0,0.0,0.0,0.0,0.0,0.0,0.0,0,0.0,0,0,2,3.0,0.0,0.0,0.0,1.0,1
1,17,2,9853,1,1,112.0,1,19,38,5,7,107.1,1,0,0,1,0,1,18,0,0,7,8,7,12.142857142857142,0,0,7,9,6,13.666666666666666,0,11.1,0.6,2.02,2,1.0,0.8571428571428571,0.8571428571428571,-0.1428571428571429,1.5238095238095237,12.904761904761905,13,0.9285714285714286,0,0,0,0.1428571428571429,0.9285714285714286,11.982993197278912,6.0,0.8571428571428571,1
1,17,1,9500,1,1,135.0,1,19,38,9,9,129.2,0,0,0,1,0,1,18,0,0,7,7,7,14.145714285714286,0,0,8,9,8,13.627777777777778,0,11.1,0.6,2.02,2,1.0,1.0,1.0,0.0,-0.5179365079365077,13.886746031746032,15,1.0,1,0,0,0.0,1.0,13.886746031746032,8.0,1.0,1
1,1,1,9500,1,1,162.0,1,3,4,3,3,154.1,0,0,0,1,0,0,18,0,0,7,7,7,14.45,0,0,8,9,8,14.144444444444444,0,11.1,0.6,2.02,2,1.0,1.0,1.0,0.0,-0.30555555555555536,14.29722222222222,15,1.0,1,0,1,1.0,1.0,14.29722222222222,8.0,1.0,1
1,1,1,9853,1,1,143.0,1,19,3,4,4,147.2,0,0,0,1,0,0,18,0,0,7,7,7,15.714285714285714,0,0,7,7,7,15.0,0,11.1,0.6,2.02,2,1.0,1.0,1.0,0.0,-0.7142857142857135,15.357142857142858,14,1.0,0,0,1,1.0,1.0,15.357142857142858,7.0,1.0,1
1,51,1,9147,1,1,130.0,1,1,1,4,4,120.0,0,0,0,1,0,0,21,0,0,5,9,5,12.8,0,0,5,11,3,12.666666666666666,0,11.1,0.6,2.02,1,1.0,0.6,0.6,-0.4,-0.13333333333333464,12.733333333333334,8,0.8,0,0,1,1.4,0.8,10.186666666666667,3.0,0.6,1
1,16,1,9070,1,1,125.0,1,1,1,4,4,120.8,1,0,0,1,0,0,18,0,0,6,6,6,14.5,0,0,6,6,6,12.833333333333334,0,12.4,0.5,1.79,2,1.0,1.0,1.0,0.0,-1.666666666666666,13.666666666666668,12,1.0,0,0,1,1.0,1.0,13.666666666666668,6.0,1.0,1
1,1,1,8014,0,1,123.0,1,34,37,9,90,121.3,1,0,0,1,0,0,25,0,0,6,6,6,12.833333333333334,0,0,6,6,6,12.833333333333334,0,7.6,2.6,0.32,2,1.0,1.0,1.0,0.0,0.0,12.833333333333334,12,1.0,0,0,1,1.0,1.0,12.833333333333334,6.0,1.0,1
1,1,1,9147,1,1,142.0,1,19,19,9,9,127.0,1,0,0,1,0,1,18,0,0,5,10,5,12.0,0,0,5,8,4,11.6,0,13.9,-0.3,0.79,2,1.0,0.8,0.8,-0.19999999999999996,-0.40000000000000036,11.8,9,0.9,0,0,0,0.19999999999999996,0.9,10.620000000000001,4.0,0.8,1
1,1,3,171,1,1,147.0,1,12,19,9,3,151.6,1,0,0,1,0,0,19,0,0,0,0,0,0.0,0,0,0,0,0,0.0,0,13.9,-0.3,0.79,2,0.0,0.0,0.0,0.0,0.0,0.0,0,0.0,0,1,1,3.0,0.0,0.0,0.0,1.0,0
1,1,2,9238,1,1,133.1,1,19,19,9,9,106.0,1,0,0,1,0,1,20,0,0,6,7,6,12.571428571428571,0,0,6,7,6,13.285714285714286,0,12.4,0.5,1.79,2,1.0,1.0,1.0,0.0,0.7142857142857153,12.928571428571429,12,1.0,0,0,0,0.0,1.0,12.928571428571429,6.0,1.0,1
1,18,4,9773,1,1,114.0,1,1,1,9,9,111.6,1,0,0,1,0,1,21,0,0,6,6,6,12.5,0,0,6,6,6,11.5,0,11.1,0.6,2.02,2,1.0,1.0,1.0,0.0,-1.0,12.0,12,1.0,0,0,0,0.0,1.0,12.0,6.0,1.0,1
1,17,3,9670,1,1,125.0,1,1,3,4,3,117.3,1,0,0,1,0,0,18,0,0,6,8,6,14.0,0,0,6,9,5,14.0,0,8.9,1.4,3.51,2,1.0,0.8333333333333334,0.8333333333333334,-0.16666666666666663,0.0,14.0,11,0.9166666666666666,0,0,1,1.1666666666666665,0.9166666666666666,12.833333333333332,5.0,0.8333333333333334,1
1,1,3,9070,1,1,132.0,1,1,3,9,7,126.1,1,0,0,1,0,1,18,0,0,6,6,6,15.833333333333334,0,0,6,6,6,15.333333333333334,0,11.1,0.6,2.02,2,1.0,1.0,1.0,0.0,-0.5,15.583333333333334,12,1.0,0,0,0,0.0,1.0,15.583333333333334,6.0,1.0,1
1,1,4,9500,1,1,148.0,1,19,19,4,5,137.0,1,0,0,1,0,0,18,0,0,8,8,8,14.25,0,0,8,8,8,14.25,0,9.4,-0.8,-3.12,2,1.0,1.0,1.0,0.0,0.0,14.25,16,1.0,0,0,1,1.0,1.0,14.25,8.0,1.0,1
1,43,1,9670,1,1,139.0,1,3,19,3,5,120.8,0,0,0,1,0,0,19,0,0,6,0,0,0.0,0,0,6,0,0,0.0,0,15.5,2.8,-4.06,0,0.0,0.0,0.0,0.0,0.0,0.0,0,0.0,0,0,1,2.0,0.0,0.0,0.0,1.0,1
1,39,1,9238,1,9,133.1,1,34,34,0,0,118.0,0,0,0,1,0,0,47,0,0,6,12,0,0.0,0,0,5,10,0,0.0,0,7.6,2.6,0.32,0,0.0,0.0,0.0,0.0,0.0,0.0,0,0.0,-1,0,1,2.0,0.0,0.0,0.0,1.0,1
1,43,1,9130,1,1,120.0,6,1,3,9,2,120.0,0,0,1,1,0,0,21,1,2,5,9,5,13.2,2,0,5,7,2,12.5,2,10.8,1.4,1.74,1,1.0,0.4,0.4,-0.6,-0.6999999999999993,12.85,7,0.7,0,0,2,2.6,0.7,8.995,2.0,0.4,1
2,39,1,9130,1,1,130.0,1,37,37,9,6,160.0,0,0,0,1,1,0,31,0,1,6,11,2,12.0,1,1,6,12,1,10.0,1,16.2,0.3,-0.92,0,0.3333333333333333,0.16666666666666666,0.05555555555555555,-0.16666666666666666,-2.0,11.0,3,0.25,0,0,1,1.8333333333333335,0.25,2.75,1.0,0.8333333333333334,1
2,39,1,9119,1,1,110.0,1,37,37,90,5,150.0,1,0,0,1,1,0,46,0,0,5,6,0,0.0,0,0,5,5,0,0.0,0,7.6,2.6,0.32,0,0.0,0.0,0.0,0.0,0.0,0.0,0,0.0,0,0,1,2.0,0.0,0.0,0.0,1.0,1
1,1,3,9119,1,1,133.0,1,3,1,3,4,121.8,1,0,0,1,1,0,18,0,0,5,9,4,12.0,0,0,5,10,2,11.0,0,8.9,1.4,3.51,1,0.8,0.4,0.32000000000000006,-0.4,-1.0,11.5,6,0.6,0,0,1,1.6,0.6,6.8999999999999995,2.0,0.6,1
1,51,1,9556,1,1,131.0,1,1,37,152,193,126.6,1,0,0,1,1,0,23,0,0,7,11,5,12.414285714285713,0,0,7,13,2,13.5,0,8.9,1.4,3.51,1,0.7142857142857143,0.2857142857142857,0.20408163265306123,-0.4285714285714286,1.0857142857142872,12.957142857142856,7,0.5,0,0,1,1.7142857142857144,0.5,6.478571428571428,2.0,0.5714285714285714,1
1,44,1,9130,1,39,150.0,1,3,1,2,8,150.0,0,0,0,0,1,0,22,0,0,5,5,0,0.0,0,0,5,5,0,0.0,0,12.7,3.7,-1.7,0,0.0,0.0,0.0,0.0,0.0,0.0,0,0.0,0,0,2,3.0,0.0,0.0,0.0,1.0,1
1,1,1,9147,1,1,125.0,1,38,1,3,10,114.5,1,0,0,1,1,0,19,0,0,5,5,5,13.8,0,0,5,7,5,12.4,0,9.4,-0.8,-3.12,2,1.0,1.0,1.0,0.0,-1.4000000000000004,13.100000000000001,10,1.0,0,0,1,1.0,1.0,13.100000000000001,5.0,1.0,1
1,1,1,9147,1,1,108.0,41,3,3,9,9,107.0,0,0,1,0,0,0,19,1,0,5,14,0,0.0,0,0,5,5,0,0.0,0,8.9,1.4,3.51,0,0.0,0.0,0.0,0.0,0.0,0.0,0,0.0,0,0,3,4.0,0.0,0.0,0.0,1.0,1
1,17,1,9147,1,1,116.0,1,3,1,3,4,115.7,0,0,0,0,1,0,22,0,0,5,10,4,11.5,0,0,5,11,4,14.0,0,8.9,1.4,3.51,1,0.8,0.8,0.6400000000000001,0.0,2.5,12.75,8,0.8,0,0,2,2.2,0.8,10.200000000000001,4.0,1.0,1
1,39,1,9130,1,1,133.1,1,3,34,3,0,120.0,0,0,1,0,1,0,29,0,0,5,11,0,0.0,4,0,5,6,0,0.0,1,9.4,-0.8,-3.12,0,0.0,0.0,0.0,0.0,0.0,0.0,0,0.0,0,0,3,4.0,0.0,0.0,0.0,1.0,1
1,1,3,9500,1,1,147.0,1,37,38,9,5,134.8,1,0,0,1,0,0,18,0,0,7,7,6,14.016666666666666,0,0,7,7,6,14.016666666666666,0,7.6,2.6,0.32,2,0.8571428571428571,0.8571428571428571,0.7346938775510203,0.0,0.0,14.016666666666666,12,0.8571428571428571,0,0,1,1.1428571428571428,0.8571428571428571,12.014285714285712,6.0,1.0,1
1,1,1,9238,1,1,143.0,1,38,34,9,9,133.6,1,0,0,1,0,0,18,0,0,6,9,5,11.4,0,0,6,8,5,10.8,0,9.4,-0.8,-3.12,2,0.8333333333333334,0.8333333333333334,0.6944444444444445,0.0,-0.5999999999999996,11.100000000000001,10,0.8333333333333334,0,0,1,1.1666666666666665,0.8333333333333334,9.250000000000002,5.0,1.0,1
1,1,1,171,1,1,115.0,1,37,37,9,8,129.0,1,0,1,0,0,1,23,0,0,0,0,0,0.0,0,0,0,0,0,0.0,0,9.4,-0.8,-3.12,0,0.0,0.0,0.0,0.0,0.0,0.0,0,0.0,0,1,2,4.0,0.0,0.0,0.0,1.0,0
2,39,1,9991,0,1,160.0,1,1,1,194,131,128.4,0,0,0,1,0,0,34,0,0,5,12,5,10.4,0,0,5,11,5,12.0,0,12.4,0.5,1.79,2,1.0,1.0,1.0,0.0,1.5999999999999996,11.2,10,1.0,0,0,1,1.0,1.0,11.2,5.0,1.0,1
1,17,1,9147,1,1,118.0,1,19,19,9,9,122.2,0,0,0,1,0,0,19,0,0,5,11,3,10.666666666666666,0,0,5,9,4,10.25,0,11.1,0.6,2.02,2,0.6,0.8,0.48,0.20000000000000007,-0.4166666666666661,10.458333333333332,7,0.7,0,0,1,1.2,0.7,7.320833333333332,4.0,0.7999999999999999,1
1,17,6,9500,1,1,143.0,1,1,19,4,4,129.9,0,0,0,1,0,1,20,0,3,7,7,7,13.914285714285713,0,5,8,8,8,14.10625,0,11.1,0.6,2.02,2,1.0,1.0,1.0,0.0,0.19196428571428648,14.010267857142857,15,1.0,1,0,0,0.0,1.0,14.010267857142857,8.0,1.0,1
1,1,6,9500,1,1,133.0,1,3,3,1,1,126.2,1,0,0,1,0,0,19,0,0,7,9,7,13.761111111111113,0,0,8,11,7,12.82375,0,15.5,2.8,-4.06,2,1.0,0.875,0.875,-0.125,-0.9373611111111124,13.292430555555557,14,0.9333333333333333,1,0,1,1.125,0.9333333333333333,12.40626851851852,7.0,0.875,1
1,5,2,9853,1,1,122.0,1,19,19,4,5,112.6,1,0,0,1,0,0,22,0,0,6,10,5,12.6,0,0,6,9,4,11.25,0,12.7,3.7,-1.7,1,0.8333333333333334,0.6666666666666666,0.5555555555555556,-0.16666666666666674,-1.3499999999999996,11.925,9,0.75,0,0,1,1.3333333333333335,0.75,8.943750000000001,4.0,0.8333333333333333,1
1,1,1,9238,1,1,164.0,1,19,19,9,9,149.0,1,0,0,1,0,1,23,0,0,6,7,6,13.857142857142858,0,0,6,6,6,14.166666666666666,0,10.8,1.4,1.74,2,1.0,1.0,1.0,0.0,0.3095238095238084,14.011904761904763,12,1.0,0,0,0,0.0,1.0,14.011904761904763,6.0,1.0,1
2,39,1,9500,1,1,133.1,1,1,19,9,9,120.0,0,0,0,1,1,1,34,0,0,8,8,7,13.842857142857143,0,0,8,8,7,13.842857142857143,0,12.7,3.7,-1.7,2,0.875,0.875,0.765625,0.0,0.0,13.842857142857143,14,0.875,0,0,0,0.125,0.875,12.1125,7.0,1.0,1
1,1,3,9773,1,1,140.0,1,1,39,4,1,128.1,1,1,0,1,1,0,21,0,0,6,6,5,11.8,0,0,6,9,0,0.0,0,16.2,0.3,-0.92,0,0.8333333333333334,0.0,0.0,-0.8333333333333334,-11.8,5.9,5,0.4166666666666667,0,0,1,2.0,0.4166666666666667,2.4583333333333335,0.0,0.16666666666666663,1
1,39,1,9003,1,12,133.1,1,37,1,9,10,130.0,0,0,0,1,1,0,28,0,0,6,6,0,0.0,0,0,6,6,0,0.0,0,11.1,0.6,2.02,0,0.0,0.0,0.0,0.0,0.0,0.0,0,0.0,0,0,1,2.0,0.0,0.0,0.0,1.0,1
1,5,4,9119,1,1,115.0,1,19,37,4,6,113.3,1,0,0,1,1,0,23,0,0,5,7,0,0.0,0,0,5,5,0,0.0,0,7.6,2.6,0.32,0,0.0,0.0,0.0,0.0,0.0,0.0,0,0.0,0,0,1,2.0,0.0,0.0,0.0,1.0,1
1,1,1,9773,1,1,108.0,1,34,38,0,3,105.9,0,0,0,1,1,0,20,0,0,6,11,4,10.75,0,0,6,13,2,10.0,0,7.6,2.6,0.32,0,0.6666666666666666,0.3333333333333333,0.2222222222222222,-0.3333333333333333,-0.75,10.375,6,0.5,0,0,1,1.6666666666666667,0.5,5.1875,2.0,0.6666666666666667,1
1,18,2,9119,1,1,136.0,1,1,2,5,4,122.7,1,0,0,1,1,0,18,0,0,5,7,5,12.6,0,0,5,9,3,13.25,0,13.9,-0.3,0.79,0,1.0,0.6,0.6,-0.4,0.6500000000000004,12.925,8,0.8,0,0,1,1.4,0.8,10.340000000000002,3.0,0.6,1
1,39,2,9147,1,12,133.1,1,19,38,9,9,120.0,1,0,1,0,1,0,28,0,0,5,5,0,0.0,0,0,5,5,0,0.0,0,9.4,-0.8,-3.12,0,0.0,0.0,0.0,0.0,0.0,0.0,0,0.0,0,0,3,4.0,0.0,0.0,0.0,1.0,1
1,39,1,9670,1,1,133.1,1,38,19,9,8,122.9,0,0,1,0,1,0,25,0,0,6,7,3,14.0,0,0,6,9,2,14.5,0,13.9,-0.3,0.79,0,0.5,0.3333333333333333,0.16666666666666666,-0.16666666666666669,0.5,14.25,5,0.4166666666666667,0,0,3,3.666666666666667,0.4166666666666667,5.9375,2.0,0.8333333333333333,1
1,1,4,9500,1,1,128.0,1,1,1,4,10,125.2,1,0,0,1,1,1,18,0,0,7,7,7,14.682857142857143,0,0,8,9,8,15.055555555555555,0,12.4,0.5,1.79,2,1.0,1.0,1.0,0.0,0.3726984126984121,14.86920634920635,15,1.0,1,0,0,0.0,1.0,14.86920634920635,8.0,1.0,1
1,39,1,9119,1,3,130.0,1,1,38,90,90,143.4,0,0,0,1,1,0,29,0,0,3,3,0,0.0,3,0,5,0,0,0.0,0,10.8,1.4,1.74,0,0.0,0.0,0.0,0.0,0.0,0.0,0,0.0,2,0,1,2.0,0.0,0.0,0.0,1.0,1
1,39,1,9119,1,19,133.1,1,37,38,3,7,96.7,0,0,0,1,1,1,29,0,0,5,6,0,0.0,0,0,5,7,0,0.0,0,12.4,0.5,1.79,0,0.0,0.0,0.0,0.0,0.0,0.0,0,0.0,0,0,0,1.0,0.0,0.0,0.0,1.0,1
1,18,1,9254,1,1,137.0,1,19,19,4,5,126.9,0,0,0,1,1,0,20,0,0,6,7,6,13.857142857142858,0,0,6,7,5,12.8,0,16.2,0.3,-0.92,2,1.0,0.8333333333333334,0.8333333333333334,-0.16666666666666663,-1.057142857142857,13.32857142857143,11,0.9166666666666666,0,0,1,1.1666666666666665,0.9166666666666666,12.217857142857143,5.0,0.8333333333333334,1
1,1,1,171,1,1,163.0,1,19,1,9,7,143.1,0,0,0,1,1,0,18,0,0,0,0,0,0.0,0,0,0,0,0,0.0,0,9.4,-0.8,-3.12,2,0.0,0.0,0.0,0.0,0.0,0.0,0,0.0,0,1,1,3.0,0.0,0.0,0.0,1.0,0
1,1,1,9254,1,1,125.0,1,1,1,191,193,114.5,0,0,0,1,1,0,20,0,0,6,8,6,13.142857142857142,0,0,6,7,6,12.5,0,8.9,1.4,3.51,2,1.0,1.0,1.0,0.0,-0.6428571428571423,12.821428571428571,12,1.0,0,0,1,1.0,1.0,12.821428571428571,6.0,1.0,1
2,39,1,9119,1,1,120.0,1,34,34,0,0,140.0,1,0,0,1,1,0,33,0,0,5,14,1,18.0,0,0,5,9,2,13.0,0,9.4,-0.8,-3.12,0,0.2,0.4,0.08000000000000002,0.2,-5.0,15.5,3,0.3,0,0,1,1.6,0.3,4.6499999999999995,2.0,0.8,1
1,42,1,9991,0,1,150.0,1,19,19,5,5,113.7,0,0,0,1,1,0,30,0,11,15,15,13,11.461538461538462,0,6,11,15,10,11.583333333333334,1,16.2,0.3,-0.92,2,0.8666666666666667,0.9090909090909091,0.7878787878787878,0.042424242424242364,0.12179487179487225,11.522435897435898,23,0.8846153846153846,-4,0,1,1.0909090909090908,0.8846153846153846,10.19292406311637,10.0,0.9575757575757576,1
1,1,1,9003,1,1,148.0,1,1,19,194,194,143.5,0,0,1,1,1,0,18,0,0,6,6,5,15.0,0,0,6,8,4,14.5,0,8.9,1.4,3.51,2,0.8333333333333334,0.6666666666666666,0.5555555555555556,-0.16666666666666674,-0.5,14.75,9,0.75,0,0,2,2.3333333333333335,0.75,11.0625,4.0,0.8333333333333333,1
1,1,1,9500,1,1,138.0,1,38,38,9,9,126.8,0,0,0,1,1,1,19,0,0,7,9,7,14.244444444444444,0,0,8,12,8,12.233333333333333,0,15.5,2.8,-4.06,2,1.0,1.0,1.0,0.0,-2.011111111111111,13.238888888888887,15,1.0,1,0,0,0.0,1.0,13.238888888888887,8.0,1.0,1
1,39,2,9556,1,1,130.0,1,19,19,4,5,100.0,0,0,0,1,1,1,25,0,0,7,7,2,10.0,0,0,7,7,0,0.0,0,15.5,2.8,-4.06,0,0.2857142857142857,0.0,0.0,-0.2857142857142857,-10.0,5.0,2,0.14285714285714285,0,0,0,1.0,0.14285714285714285,0.7142857142857142,0.0,0.7142857142857143,1
1,1,2,9670,1,1,135.0,1,19,19,7,10,121.4,0,0,0,1,1,0,19,0,0,5,7,3,12.333333333333334,0,0,5,5,5,11.6,0,9.4,-0.8,-3.12,2,0.6,1.0,0.6,0.4,-0.7333333333333343,11.966666666666667,8,0.8,0,0,1,1.0,0.8,9.573333333333334,5.0,0.6,1
1,17,2,9070,1,1,126.0,1,38,38,9,8,129.9,1,0,0,1,1,1,19,0,0,6,6,6,13.666666666666666,0,0,6,7,5,13.2,0,12.4,0.5,1.79,2,1.0,0.8333333333333334,0.8333333333333334,-0.16666666666666663,-0.4666666666666668,13.433333333333334,11,0.9166666666666666,0,0,0,0.16666666666666663,0.9166666666666666,12.313888888888888,5.0,0.8333333333333334,1
1,1,1,171,1,1,149.0,1,3,2,2,5,151.1,1,0,0,1,1,0,19,0,0,0,0,0,0.0,0,0,0,0,0,0.0,0,9.4,-0.8,-3.12,2,0.0,0.0,0.0,0.0,0.0,0.0,0,0.0,0,1,1,3.0,0.0,0.0,0.0,1.0,0
1,39,1,9003,1,1,110.0,1,19,37,9,6,120.0,0,0,1,0,1,0,31,0,0,6,15,1,11.0,0,0,6,10,0,0.0,0,16.2,0.3,-0.92,0,0.16666666666666666,0.0,0.0,-0.16666666666666666,-11.0,5.5,1,0.08333333333333333,0,0,3,4.0,0.08333333333333333,0.4583333333333333,0.0,0.8333333333333334,1
1,39,1,9003,1,1,133.1,1,37,37,4,7,130.0,0,0,1,0,1,0,32,0,0,6,8,3,13.0,0,4,10,14,6,11.428571428571429,0,16.2,0.3,-0.92,0,0.5,0.6,0.3,0.09999999999999998,-1.5714285714285712,12.214285714285715,9,0.5625,4,0,3,3.4,0.5625,6.870535714285715,6.0,0.9,1
1,16,2,9500,1,1,127.0,1,2,38,4,9,119.0,1,0,0,1,0,1,19,0,0,8,12,7,12.599999999999998,0,0,8,12,7,12.599999999999998,0,10.8,1.4,1.74,2,0.875,0.875,0.765625,0.0,0.0,12.599999999999998,14,0.875,0,0,0,0.125,0.875,11.024999999999999,7.0,1.0,1
1,42,1,9773,1,6,120.0,1,34,34,0,0,122.0,1,0,0,1,0,0,34,0,8,10,11,10,12.2,0,5,10,12,9,12.333333333333334,0,7.6,2.6,0.32,2,1.0,0.9,0.9,-0.09999999999999998,0.13333333333333464,12.266666666666666,19,0.95,0,0,1,1.1,0.95,11.653333333333332,9.0,0.9,1
1,16,6,9773,1,1,136.0,1,38,14,0,0,129.7,1,0,0,1,0,0,21,0,0,6,6,6,13.166666666666666,0,0,6,6,6,13.0,0,7.6,2.6,0.32,2,1.0,1.0,1.0,0.0,-0.16666666666666607,13.083333333333332,12,1.0,0,0,1,1.0,1.0,13.083333333333332,6.0,1.0,1
1,43,2,9238,1,1,110.0,1,37,37,9,7,112.5,1,0,0,1,0,1,53,0,4,7,16,6,11.0,0,2,7,9,7,11.0,0,9.4,-0.8,-3.12,2,0.8571428571428571,1.0,0.8571428571428571,0.1428571428571429,0.0,11.0,13,0.9285714285714286,0,0,0,0.0,0.9285714285714286,10.214285714285715,7.0,0.8571428571428571,1
1,1,1,9500,1,1,136.0,1,19,19,4,7,136.0,0,0,0,1,0,1,19,0,0,7,7,7,14.014285714285714,0,0,8,8,8,15.35,0,13.9,-0.3,0.79,2,1.0,1.0,1.0,0.0,1.3357142857142854,14.682142857142857,15,1.0,1,0,0,0.0,1.0,14.682142857142857,8.0,1.0,1
1,1,3,9773,1,1,145.0,1,38,38,9,5,133.1,0,0,0,1,0,1,20,0,0,6,9,4,13.0,0,0,6,13,4,11.25,0,10.8,1.4,1.74,2,0.6666666666666666,0.6666666666666666,0.4444444444444444,0.0,-1.75,12.125,8,0.6666666666666666,0,0,0,0.33333333333333337,0.6666666666666666,8.083333333333332,4.0,1.0,1
1,1,2,9773,1,1,159.0,1,1,19,9,9,151.3,1,0,0,1,0,0,18,0,0,6,6,6,14.0,0,0,6,6,6,14.666666666666666,0,10.8,1.4,1.74,2,1.0,1.0,1.0,0.0,0.6666666666666661,14.333333333333332,12,1.0,0,0,1,1.0,1.0,14.333333333333332,6.0,1.0,1
1,39,1,171,1,1,147.0,1,37,38,175,193,133.3,0,0,0,0,0,0,32,0,0,0,0,0,0.0,0,0,0,0,0,0.0,0,16.2,0.3,-0.92,0,0.0,0.0,0.0,0.0,0.0,0.0,0,0.0,0,1,2,4.0,0.0,0.0,0.0,1.0,0
1,43,1,9500,1,1,150.0,1,37,37,9,9,130.8,1,0,0,1,0,1,21,0,0,8,8,7,14.428571428571429,0,0,8,8,7,14.428571428571429,0,12.7,3.7,-1.7,2,0.875,0.875,0.765625,0.0,0.0,14.428571428571429,14,0.875,0,0,0,0.125,0.875,12.625,7.0,1.0,1
1,7,1,8014,0,3,140.0,1,37,12,9,4,140.0,0,0,0,0,0,0,26,0,0,5,9,0,0.0,0,0,5,10,0,0.0,0,9.4,-0.8,-3.12,0,0.0,0.0,0.0,0.0,0.0,0.0,0,0.0,0,0,2,3.0,0.0,0.0,0.0,1.0,1
1,42,1,9085,1,39,150.0,1,1,1,4,7,150.0,1,0,0,1,0,0,26,0,11,18,45,18,11.833333333333334,10,9,13,27,13,12.461538461538462,5,15.5,2.8,-4.06,2,1.0,1.0,1.0,0.0,0.6282051282051277,12.147435897435898,31,1.0,-5,0,1,1.0,1.0,12.147435897435898,13.0,1.0,1
2,44,1,9991,0,39,130.0,1,1,37,4,9,130.0,0,0,0,0,0,0,21,0,0,5,12,3,11.333333333333334,0,0,5,10,1,13.0,0,15.5,2.8,-4.06,0,0.6,0.2,0.12,-0.39999999999999997,1.666666666666666,12.166666666666668,4,0.4,0,0,2,2.8,0.4,4.866666666666667,1.0,0.6000000000000001,1
1,17,1,9773,1,1,120.0,1,37,37,5,5,125.3,0,0,0,1,0,0,18,0,0,6,9,6,12.5,0,0,6,9,6,13.0,0,7.6,2.6,0.32,2,1.0,1.0,1.0,0.0,0.5,12.75,12,1.0,0,0,1,1.0,1.0,12.75,6.0,1.0,1
1,43,1,9070,1,39,130.0,1,19,37,5,9,124.0,1,0,0,1,0,1,21,0,4,12,12,12,13.333333333333334,0,5,12,12,11,12.545454545454543,0,15.5,2.8,-4.06,2,1.0,0.9166666666666666,0.9166666666666666,-0.08333333333333337,-0.7878787878787907,12.939393939393938,23,0.9583333333333334,0,0,0,0.08333333333333337,0.9583333333333334,12.400252525252524,11.0,0.9166666666666666,1
1,1,1,9254,1,1,112.0,1,38,19,9,5,113.8,1,0,0,1,0,0,21,0,0,6,10,6,10.833333333333334,0,0,6,10,4,11.0,0,7.6,2.6,0.32,1,1.0,0.6666666666666666,0.6666666666666666,-0.33333333333333337,0.16666666666666607,10.916666666666668,10,0.8333333333333334,0,0,1,1.3333333333333335,0.8333333333333334,9.097222222222223,4.0,0.6666666666666666,1
1,17,1,9670,1,1,128.0,1,19,19,7,7,124.4,0,0,0,1,0,1,19,0,0,6,6,6,13.0,0,0,6,6,6,14.0,0,13.9,-0.3,0.79,2,1.0,1.0,1.0,0.0,1.0,13.5,12,1.0,0,0,0,0.0,1.0,13.5,6.0,1.0,1
1,43,2,9238,1,1,118.0,1,38,38,5,5,110.0,0,0,0,1,0,1,19,0,0,6,8,6,11.428571428571429,0,0,6,11,5,11.2,0,10.8,1.4,1.74,2,1.0,0.8333333333333334,0.8333333333333334,-0.16666666666666663,-0.22857142857142954,11.314285714285713,11,0.9166666666666666,0,0,0,0.16666666666666663,0.9166666666666666,10.37142857142857,5.0,0.8333333333333334,1
1,7,1,9500,1,3,130.0,1,37,38,7,7,130.0,1,0,0,1,0,0,27,0,0,8,8,8,12.8875,0,0,8,8,8,12.8875,0,9.4,-0.8,-3.12,2,1.0,1.0,1.0,0.0,0.0,12.8875,16,1.0,0,0,1,1.0,1.0,12.8875,8.0,1.0,1
1,1,2,9500,1,1,145.0,1,37,1,9,4,138.8,1,0,0,1,0,1,18,0,0,7,7,6,12.95,0,0,7,7,6,12.95,0,7.6,2.6,0.32,2,0.8571428571428571,0.8571428571428571,0.7346938775510203,0.0,0.0,12.95,12,0.8571428571428571,0,0,0,0.1428571428571429,0.8571428571428571,11.1,6.0,1.0,1
1,1,2,9147,1,1,121.0,1,19,19,9,9,126.3,1,0,0,1,0,0,20,0,0,5,12,1,10.0,2,0,5,5,0,0.0,0,12.7,3.7,-1.7,0,0.2,0.0,0.0,-0.2,-10.0,5.0,1,0.1,0,0,1,2.0,0.1,0.5,0.0,0.8,1
1,1,3,9500,1,1,114.0,1,1,1,5,5,114.5,1,0,0,1,0,1,19,0,0,7,7,7,13.094285714285714,0,0,8,8,8,12.55,0,12.4,0.5,1.79,2,1.0,1.0,1.0,0.0,-0.5442857142857136,12.822142857142858,15,1.0,1,0,0,0.0,1.0,12.822142857142858,8.0,1.0,1
1,1,4,9670,1,1,127.0,1,1,1,7,7,116.5,1,0,0,1,0,0,20,0,0,6,7,0,0.0,0,0,6,6,0,0.0,0,16.2,0.3,-0.92,0,0.0,0.0,0.0,0.0,0.0,0.0,0,0.0,0,0,1,2.0,0.0,0.0,0.0,1.0,1
1,17,2,9238,1,1,145.0,1,19,38,7,6,128.6,1,0,0,1,0,1,19,0,0,6,12,5,11.714285714285714,0,0,6,11,6,11.0,0,12.7,3.7,-1.7,2,0.8333333333333334,1.0,0.8333333333333334,0.16666666666666663,-0.7142857142857135,11.357142857142858,11,0.9166666666666666,0,0,0,0.0,0.9166666666666666,10.410714285714286,6.0,0.8333333333333334,1
1,1,1,171,1,1,150.0,1,38,19,7,10,134.6,0,0,0,1,0,0,20,0,0,0,0,0,0.0,0,0,0,0,0,0.0,0,15.5,2.8,-4.06,0,0.0,0.0,0.0,0.0,0.0,0.0,0,0.0,0,1,1,3.0,0.0,0.0,0.0,1.0,0
1,1,1,9853,1,1,145.0,1,37,37,9,5,146.8,0,0,0,1,0,0,18,0,0,6,6,6,13.166666666666666,0,0,6,6,6,13.333333333333334,0,7.6,2.6,0.32,2,1.0,1.0,1.0,0.0,0.16666666666666785,13.25,12,1.0,0,0,1,1.0,1.0,13.25,6.0,1.0,1
1,1,1,9085,1,1,128.0,1,19,1,5,4,135.7,1,0,0,1,0,0,20,0,0,5,7,4,12.75,0,0,5,5,5,13.4,0,10.8,1.4,1.74,2,0.8,1.0,0.8,0.19999999999999996,0.6500000000000004,13.075,9,0.9,0,0,1,1.0,0.9,11.7675,5.0,0.8,1
2,39,1,9991,0,1,140.0,1,37,37,9,9,120.0,0,0,0,0,0,0,38,0,0,5,6,5,10.6,0,0,5,9,2,11.0,0,12.7,3.7,-1.7,0,1.0,0.4,0.4,-0.6,0.40000000000000036,10.8,7,0.7,0,0,2,2.6,0.7,7.56,2.0,0.4,1
4,39,1,8014,0,1,130.0,1,37,37,9,7,138.0,0,0,0,1,0,0,42,0,0,6,8,5,11.2,0,0,6,6,6,12.0,0,8.9,1.4,3.51,2,0.8333333333333334,1.0,0.8333333333333334,0.16666666666666663,0.8000000000000007,11.6,11,0.9166666666666666,0,0,1,1.0,0.9166666666666666,10.633333333333333,6.0,0.8333333333333334,1
1,39,1,9500,1,1,140.0,1,37,37,9,6,135.5,0,0,0,1,0,0,32,0,0,7,0,0,0.0,0,0,8,0,0,0.0,0,13.9,-0.3,0.79,0,0.0,0.0,0.0,0.0,0.0,0.0,0,0.0,1,0,1,2.0,0.0,0.0,0.0,1.0,1
1,15,1,9773,1,1,120.0,26,19,19,4,5,120.0,1,0,0,1,0,0,22,1,0,6,6,6,13.0,0,0,6,6,6,13.666666666666666,0,12.4,0.5,1.79,2,1.0,1.0,1.0,0.0,0.6666666666666661,13.333333333333332,12,1.0,0,0,1,1.0,1.0,13.333333333333332,6.0,1.0,1
2,39,1,9991,0,1,147.0,1,34,34,90,90,111.7,1,0,0,1,0,0,28,0,0,5,10,0,0.0,0,0,5,5,0,0.0,0,7.6,2.6,0.32,0,0.0,0.0,0.0,0.0,0.0,0.0,0,0.0,0,0,1,2.0,0.0,0.0,0.0,1.0,1
2,39,1,8014,0,9,133.1,1,37,37,8,10,100.0,1,0,0,1,0,0,37,0,0,6,0,0,0.0,0,0,6,0,0,0.0,0,9.4,-0.8,-3.12,0,0.0,0.0,0.0,0.0,0.0,0.0,0,0.0,0,0,1,2.0,0.0,0.0,0.0,1.0,1
2,44,1,9003,1,39,160.0,1,37,38,9,4,160.0,0,0,0,1,0,0,43,0,0,6,8,6,14.166666666666666,0,0,6,9,6,15.0,0,15.5,2.8,-4.06,2,1.0,1.0,1.0,0.0,0.8333333333333339,14.583333333333332,12,1.0,0,0,1,1.0,1.0,14.583333333333332,6.0,1.0,1
6,39,1,8014,0,1,133.1,1,37,1,9,7,114.8,0,0,0,1,0,1,41,0,0,6,10,5,12.833333333333334,0,0,6,6,6,12.333333333333334,0,13.9,-0.3,0.79,2,0.8333333333333334,1.0,0.8333333333333334,0.16666666666666663,-0.5,12.583333333333334,11,0.9166666666666666,0,0,0,0.0,0.9166666666666666,11.534722222222221,6.0,0.8333333333333334,1
4,39,1,8014,0,19,140.0,1,37,37,9,3,131.0,0,0,0,1,0,1,29,0,0,6,11,4,11.75,0,0,6,9,5,10.4,0,10.8,1.4,1.74,2,0.6666666666666666,0.8333333333333334,0.5555555555555556,0.16666666666666674,-1.3499999999999996,11.075,9,0.75,0,0,0,0.16666666666666663,0.75,8.306249999999999,5.0,0.8333333333333333,1
1,39,1,8014,0,1,133.1,1,37,37,9,9,97.0,0,0,0,1,0,1,35,0,0,6,8,6,10.833333333333334,0,0,6,7,6,11.5,0,10.8,1.4,1.74,2,1.0,1.0,1.0,0.0,0.6666666666666661,11.166666666666668,12,1.0,0,0,0,0.0,1.0,11.166666666666668,6.0,1.0,1
1,39,1,9500,1,19,133.1,1,37,37,9,6,120.0,0,0,0,0,0,1,39,0,0,7,14,3,11.5,0,0,7,9,2,10.5,0,16.2,0.3,-0.92,0,0.42857142857142855,0.2857142857142857,0.12244897959183672,-0.14285714285714285,-1.0,11.0,5,0.35714285714285715,0,0,1,1.7142857142857144,0.35714285714285715,3.928571428571429,2.0,0.8571428571428572,1
4,39,1,9991,0,1,120.0,1,37,37,9,9,110.0,0,0,0,1,0,0,37,0,0,5,14,2,10.0,0,0,5,7,3,11.333333333333334,0,12.7,3.7,-1.7,1,0.4,0.6,0.24,0.19999999999999996,1.333333333333334,10.666666666666668,5,0.5,0,0,1,1.4,0.5,5.333333333333334,3.0,0.8,1
1,39,1,9500,1,1,130.0,1,37,37,9,7,133.0,1,0,0,1,0,1,26,0,0,7,7,6,13.7,0,0,7,7,6,13.7,0,7.6,2.6,0.32,2,0.8571428571428571,0.8571428571428571,0.7346938775510203,0.0,0.0,13.7,12,0.8571428571428571,0,0,0,0.1428571428571429,0.8571428571428571,11.742857142857142,6.0,1.0,1
1,7,1,9085,1,3,140.0,1,19,20,4,90,140.0,1,0,0,1,0,0,32,0,0,5,8,1,14.0,2,0,5,12,0,0.0,4,10.8,1.4,1.74,0,0.2,0.0,0.0,-0.2,-14.0,7.0,1,0.1,0,0,1,2.0,0.1,0.7000000000000001,0.0,0.8,1
1,1,1,9238,1,1,133.1,1,19,37,0,0,137.0,1,0,0,1,0,0,19,0,0,6,10,0,0.0,4,0,6,0,0,0.0,0,7.6,2.6,0.32,0,0.0,0.0,0.0,0.0,0.0,0.0,0,0.0,0,0,1,2.0,0.0,0.0,0.0,1.0,1
1,1,5,9147,1,1,125.0,1,37,38,7,7,122.2,1,0,0,1,0,0,18,0,0,5,9,1,11.0,0,0,5,9,2,12.5,0,7.6,2.6,0.32,1,0.2,0.4,0.08000000000000002,0.2,1.5,11.75,3,0.3,0,0,1,1.6,0.3,3.525,2.0,0.8,1
1,1,1,9853,1,1,115.0,1,19,38,9,9,108.0,0,0,0,1,0,1,19,0,0,7,10,6,13.0,0,0,7,7,7,13.285714285714286,0,12.4,0.5,1.79,2,0.8571428571428571,1.0,0.8571428571428571,0.1428571428571429,0.2857142857142865,13.142857142857142,13,0.9285714285714286,0,0,0,0.0,0.9285714285714286,12.204081632653061,7.0,0.8571428571428571,1
2,7,1,9670,1,3,110.0,1,37,37,7,7,110.0,0,0,0,1,0,0,32,0,4,11,15,8,13.6,0,2,8,10,8,15.11111111111111,0,13.9,-0.3,0.79,2,0.7272727272727273,1.0,0.7272727272727273,0.2727272727272727,1.511111111111111,14.355555555555554,16,0.8421052631578947,-3,0,1,1.0,0.8421052631578947,12.088888888888887,8.0,0.7272727272727273,1
2,39,1,9147,1,1,140.0,1,37,37,9,9,127.7,1,0,0,1,0,0,31,0,0,5,8,3,11.0,0,0,5,9,2,11.5,0,7.6,2.6,0.32,0,0.6,0.4,0.24,-0.19999999999999996,0.5,11.25,5,0.5,0,0,1,1.6,0.5,5.625,2.0,0.8,1
1,1,3,171,1,1,145.0,1,1,1,3,3,140.1,1,0,0,1,0,0,20,0,6,12,12,12,13.25,0,4,11,14,11,14.333333333333334,0,8.9,1.4,3.51,2,1.0,1.0,1.0,0.0,1.083333333333334,13.791666666666668,23,1.0,-1,0,1,1.0,1.0,13.791666666666668,11.0,1.0,1
1,39,1,9500,1,19,133.1,1,38,38,9,9,114.8,0,0,0,1,0,0,28,0,0,7,15,1,10.75,0,0,7,10,1,10.0,0,13.9,-0.3,0.79,0,0.14285714285714285,0.14285714285714285,0.02040816326530612,0.0,-0.75,10.375,2,0.14285714285714285,0,0,1,1.8571428571428572,0.14285714285714285,1.482142857142857,1.0,1.0,1
1,44,1,9991,0,39,150.0,1,37,37,6,6,150.0,0,0,0,1,0,0,31,0,2,6,8,6,12.0,0,2,7,8,7,13.428571428571429,0,9.4,-0.8,-3.12,1,1.0,1.0,1.0,0.0,1.4285714285714288,12.714285714285715,13,1.0,1,0,1,1.0,1.0,12.714285714285715,7.0,1.0,1
1,1,1,9773,1,1,145.0,1,19,38,4,10,131.7,1,0,0,1,0,0,18,0,0,6,7,6,12.666666666666666,0,0,6,8,4,12.25,0,7.6,2.6,0.32,1,1.0,0.6666666666666666,0.6666666666666666,-0.33333333333333337,-0.4166666666666661,12.458333333333332,10,0.8333333333333334,0,0,1,1.3333333333333335,0.8333333333333334,10.381944444444445,4.0,0.6666666666666666,1
4,39,1,8014,0,19,133.1,1,37,37,90,7,110.0,0,0,0,0,0,0,31,0,0,6,8,5,11.4,0,0,6,9,3,11.0,0,9.4,-0.8,-3.12,0,0.8333333333333334,0.5,0.4166666666666667,-0.33333333333333337,-0.40000000000000036,11.2,8,0.6666666666666666,0,0,2,2.5,0.6666666666666666,7.466666666666666,3.0,0.6666666666666666,1
1,1,3,9773,1,1,110.0,1,19,19,5,5,105.5,1,0,0,1,0,0,19,0,0,6,6,6,13.0,0,0,6,8,5,12.4,0,12.4,0.5,1.79,2,1.0,0.8333333333333334,0.8333333333333334,-0.16666666666666663,-0.5999999999999996,12.7,11,0.9166666666666666,0,0,1,1.1666666666666665,0.9166666666666666,11.641666666666666,5.0,0.8333333333333334,1
1,1,1,9238,1,1,128.0,1,37,19,9,4,127.3,1,0,0,1,0,1,19,0,0,6,8,6,14.0,0,0,6,8,6,12.285714285714286,0,16.2,0.3,-0.92,2,1.0,1.0,1.0,0.0,-1.7142857142857135,13.142857142857142,12,1.0,0,0,0,0.0,1.0,13.142857142857142,6.0,1.0,1
1,7,1,9085,1,3,130.0,1,1,19,9,10,130.0,0,0,0,1,0,0,34,0,0,6,0,0,0.0,0,0,6,0,0,0.0,0,15.5,2.8,-4.06,0,0.0,0.0,0.0,0.0,0.0,0.0,0,0.0,0,0,1,2.0,0.0,0.0,0.0,1.0,1
1,16,1,9556,1,1,137.0,1,37,37,9,7,122.7,1,0,0,1,0,1,18,0,0,7,7,7,15.285714285714286,0,0,8,8,8,16.075,0,12.4,0.5,1.79,2,1.0,1.0,1.0,0.0,0.7892857142857128,15.680357142857144,15,1.0,1,0,0,0.0,1.0,15.680357142857144,8.0,1.0,1
1,17,2,9254,1,1,123.0,1,37,37,7,7,113.9,1,0,0,1,0,0,18,0,0,6,6,6,13.166666666666666,0,0,6,6,6,12.666666666666666,0,11.1,0.6,2.02,2,1.0,1.0,1.0,0.0,-0.5,12.916666666666666,12,1.0,0,0,1,1.0,1.0,12.916666666666666,6.0,1.0,1
1,1,1,9147,1,1,156.0,1,3,19,3,3,151.1,0,0,1,1,1,0,19,0,0,5,7,5,13.6,0,0,5,11,5,12.833333333333334,5,16.2,0.3,-0.92,2,1.0,1.0,1.0,0.0,-0.7666666666666657,13.216666666666667,10,1.0,0,0,2,2.0,1.0,13.216666666666667,5.0,1.0,1
1,17,2,9773,1,1,133.1,1,3,5,0,2,125.8,1,0,0,0,1,1,22,0,0,4,8,0,0.0,0,0,4,8,0,0.0,0,7.6,2.6,0.32,0,0.0,0.0,0.0,0.0,0.0,0.0,0,0.0,0,0,1,2.0,0.0,0.0,0.0,1.0,1
2,43,1,9670,1,1,100.0,1,34,34,0,0,128.2,0,0,0,1,1,0,32,0,6,10,12,10,11.4,0,4,9,9,4,11.5,0,7.6,2.6,0.32,2,1.0,0.4444444444444444,0.4444444444444444,-0.5555555555555556,0.09999999999999964,11.45,14,0.7368421052631579,-1,0,1,1.5555555555555556,0.7368421052631579,8.436842105263157,4.0,0.4444444444444444,1
1,39,1,9147,1,1,140.0,1,37,3,9,2,135.1,0,0,0,1,1,0,61,0,0,5,0,0,0.0,0,0,5,0,0,0.0,0,15.5,2.8,-4.06,0,0.0,0.0,0.0,0.0,0.0,0.0,0,0.0,0,0,1,2.0,0.0,0.0,0.0,1.0,1
1,39,1,9991,0,1,130.0,1,37,37,9,9,120.2,1,0,0,1,1,0,30,0,0,5,7,5,11.0,0,0,5,5,5,11.6,0,7.6,2.6,0.32,2,1.0,1.0,1.0,0.0,0.5999999999999996,11.3,10,1.0,0,0,1,1.0,1.0,11.3,5.0,1.0,1
2,39,1,9991,0,1,133.1,1,37,37,9,9,132.8,0,0,1,0,1,0,45,0,0,5,9,0,0.0,0,0,5,11,0,0.0,0,12.4,0.5,1.79,0,0.0,0.0,0.0,0.0,0.0,0.0,0,0.0,0,0,3,4.0,0.0,0.0,0.0,1.0,1
1,44,1,9003,1,39,140.0,1,1,19,4,8,140.0,0,0,0,1,1,0,20,0,0,6,7,6,13.571428571428571,0,0,6,6,6,12.666666666666666,0,12.4,0.5,1.79,2,1.0,1.0,1.0,0.0,-0.9047619047619051,13.119047619047619,12,1.0,0,0,1,1.0,1.0,13.119047619047619,6.0,1.0,1
1,18,5,9500,1,1,137.0,1,19,1,1,10,129.3,0,0,0,1,0,0,19,0,0,7,0,0,0.0,0,0,8,0,0,0.0,0,9.4,-0.8,-3.12,0,0.0,0.0,0.0,0.0,0.0,0.0,0,0.0,1,0,1,2.0,0.0,0.0,0.0,1.0,1
1,42,1,9119,1,1,120.0,1,3,1,2,9,108.2,1,0,0,1,1,0,26,0,4,10,14,4,11.25,0,4,11,11,4,12.0,0,7.6,2.6,0.32,0,0.4,0.36363636363636365,0.14545454545454548,-0.036363636363636376,0.75,11.625,8,0.38095238095238093,1,0,1,1.6363636363636362,0.38095238095238093,4.428571428571428,4.0,0.9636363636363636,1
1,17,1,9773,1,1,130.0,1,19,37,9,9,140.2,0,0,0,1,1,1,19,0,0,6,6,6,12.0,0,0,6,7,6,11.666666666666666,0,16.2,0.3,-0.92,2,1.0,1.0,1.0,0.0,-0.3333333333333339,11.833333333333332,12,1.0,0,0,0,0.0,1.0,11.833333333333332,6.0,1.0,1
1,1,3,9773,1,1,115.0,1,38,1,9,4,116.1,1,0,0,1,1,0,19,0,0,6,6,6,12.5,0,0,6,7,5,13.0,0,12.4,0.5,1.79,2,1.0,0.8333333333333334,0.8333333333333334,-0.16666666666666663,0.5,12.75,11,0.9166666666666666,0,0,1,1.1666666666666665,0.9166666666666666,11.6875,5.0,0.8333333333333334,1
1,1,1,9147,1,1,150.0,1,1,19,5,5,137.8,1,0,0,1,1,1,19,0,0,5,6,5,13.2,0,0,5,6,5,12.666666666666666,0,16.2,0.3,-0.92,2,1.0,1.0,1.0,0.0,-0.5333333333333332,12.933333333333334,10,1.0,0,0,0,0.0,1.0,12.933333333333334,5.0,1.0,1
1,1,3,9670,1,1,134.0,1,14,11,0,0,128.4,1,0,0,0,1,0,19,0,0,5,5,0,0.0,0,0,4,4,0,0.0,0,7.6,2.6,0.32,0,0.0,0.0,0.0,0.0,0.0,0.0,0,0.0,-1,0,2,3.0,0.0,0.0,0.0,1.0,1
1,39,1,9670,1,1,120.0,1,34,34,0,0,106.0,1,0,0,0,1,0,28,0,0,5,7,3,11.666666666666666,0,0,5,8,2,11.5,1,7.6,2.6,0.32,0,0.6,0.4,0.24,-0.19999999999999996,-0.16666666666666607,11.583333333333332,5,0.5,0,0,2,2.6,0.5,5.791666666666666,2.0,0.8,1
1,43,1,9147,1,1,141.0,1,37,37,9,9,130.2,0,0,0,1,1,0,24,0,10,15,16,15,13.466666666666669,1,10,14,14,14,13.642857142857142,0,9.4,-0.8,-3.12,2,1.0,1.0,1.0,0.0,0.1761904761904738,13.554761904761905,29,1.0,-1,0,1,1.0,1.0,13.554761904761905,14.0,1.0,1
1,1,1,9130,1,1,133.0,1,3,1,2,4,126.0,0,0,0,1,1,0,18,0,0,5,7,3,13.666666666666666,0,0,5,5,5,13.2,0,7.6,2.6,0.32,2,0.6,1.0,0.6,0.4,-0.4666666666666668,13.433333333333334,8,0.8,0,0,1,1.0,0.8,10.746666666666668,5.0,0.6,1
1,1,2,9119,1,1,149.0,1,38,38,5,5,141.0,0,0,0,1,1,0,18,0,0,5,9,2,11.666666666666666,0,0,5,9,2,12.5,2,7.6,2.6,0.32,1,0.4,0.4,0.16000000000000003,0.0,0.8333333333333339,12.083333333333332,4,0.4,0,0,1,1.6,0.4,4.833333333333333,2.0,1.0,1
1,1,1,9773,1,1,121.0,1,1,3,3,7,113.0,1,0,0,1,1,1,18,0,0,6,7,6,11.666666666666666,0,0,6,12,5,10.2,0,12.4,0.5,1.79,2,1.0,0.8333333333333334,0.8333333333333334,-0.16666666666666663,-1.4666666666666668,10.933333333333334,11,0.9166666666666666,0,0,0,0.16666666666666663,0.9166666666666666,10.022222222222222,5.0,0.8333333333333334,1
2,39,1,9991,0,1,148.0,1,19,37,9,5,130.9,0,0,0,0,1,0,28,0,0,5,5,0,0.0,0,0,5,6,0,0.0,0,12.4,0.5,1.79,0,0.0,0.0,0.0,0.0,0.0,0.0,0,0.0,0,0,2,3.0,0.0,0.0,0.0,1.0,1
1,39,1,9003,1,12,133.1,1,37,19,9,10,120.0,0,0,0,1,1,0,58,0,0,6,9,0,0.0,0,0,6,6,0,0.0,0,13.9,-0.3,0.79,0,0.0,0.0,0.0,0.0,0.0,0.0,0,0.0,0,0,1,2.0,0.0,0.0,0.0,1.0,1
2,39,1,9991,0,1,135.0,1,34,34,0,0,134.1,1,0,0,0,1,0,49,0,0,5,5,0,0.0,0,0,5,5,0,0.0,0,7.6,2.6,0.32,0,0.0,0.0,0.0,0.0,0.0,0.0,0,0.0,0,0,2,3.0,0.0,0.0,0.0,1.0,1
1,39,1,9119,1,1,150.0,1,1,38,3,5,120.0,0,0,0,1,1,0,24,0,0,5,6,3,10.666666666666666,0,0,5,9,2,10.5,0,15.5,2.8,-4.06,1,0.6,0.4,0.24,-0.19999999999999996,-0.16666666666666607,10.583333333333332,5,0.5,0,0,1,1.6,0.5,5.291666666666666,2.0,0.8,1
1,43,1,9670,1,1,130.0,1,34,34,0,0,114.8,0,0,0,1,1,0,25,0,0,5,5,4,13.75,0,0,5,5,4,14.75,0,7.6,2.6,0.32,2,0.8,0.8,0.6400000000000001,0.0,1.0,14.25,8,0.8,0,0,1,1.2,0.8,11.4,4.0,1.0,1
4,42,1,9147,1,1,133.1,1,37,38,7,3,123.0,1,0,0,1,1,0,33,0,0,5,5,1,10.0,0,0,5,5,0,0.0,0,7.6,2.6,0.32,0,0.2,0.0,0.0,-0.2,-10.0,5.0,1,0.1,0,0,1,2.0,0.1,0.5,0.0,0.8,1
2,39,2,9119,1,19,133.1,1,37,37,7,7,118.0,0,0,0,0,1,0,33,0,0,5,11,0,0.0,0,0,5,5,0,0.0,0,9.4,-0.8,-3.12,0,0.0,0.0,0.0,0.0,0.0,0.0,0,0.0,0,0,2,3.0,0.0,0.0,0.0,1.0,1
2,39,1,9991,0,1,170.0,1,37,19,9,3,151.1,0,0,0,1,1,0,48,0,0,5,9,5,12.285714285714286,0,0,5,8,5,11.125,0,16.2,0.3,-0.92,2,1.0,1.0,1.0,0.0,-1.1607142857142865,11.705357142857142,10,1.0,0,0,1,1.0,1.0,11.705357142857142,5.0,1.0,1
1,39,1,9500,1,19,133.1,1,38,38,9,8,106.0,1,0,0,1,1,0,24,0,0,7,7,6,12.666666666666666,1,0,7,7,6,12.666666666666666,1,7.6,2.6,0.32,2,0.8571428571428571,0.8571428571428571,0.7346938775510203,0.0,0.0,12.666666666666666,12,0.8571428571428571,0,0,1,1.1428571428571428,0.8571428571428571,10.857142857142856,6.0,1.0,1
2,1,1,9085,1,1,139.0,1,19,19,192,144,127.1,0,0,0,1,1,1,23,0,0,5,6,5,11.8,0,0,5,7,4,13.25,1,10.8,1.4,1.74,2,1.0,0.8,0.8,-0.19999999999999996,1.4499999999999993,12.525,9,0.9,0,0,0,0.19999999999999996,0.9,11.2725,4.0,0.8,1
1,39,1,9991,0,19,133.1,1,19,37,7,5,155.5,1,0,1,0,1,0,39,0,0,5,6,5,10.6,0,0,5,7,5,14.666666666666666,0,10.8,1.4,1.74,0,1.0,1.0,1.0,0.0,4.066666666666666,12.633333333333333,10,1.0,0,0,3,3.0,1.0,12.633333333333333,5.0,1.0,1
1,18,1,9003,1,1,133.1,1,1,38,9,6,101.0,0,0,0,1,1,0,21,0,5,11,16,9,11.9,0,3,9,14,8,12.25,0,15.5,2.8,-4.06,2,0.8181818181818182,0.8888888888888888,0.7272727272727273,0.07070707070707061,0.34999999999999964,12.075,17,0.85,-2,0,1,1.1111111111111112,0.85,10.26375,8.0,0.9292929292929294,1
1,42,1,9119,1,6,120.0,1,35,35,6,6,128.2,1,0,0,1,1,0,34,0,4,6,8,4,11.25,0,1,5,8,2,10.5,0,7.6,2.6,0.32,0,0.6666666666666666,0.4,0.26666666666666666,-0.2666666666666666,-0.75,10.875,6,0.5454545454545454,-1,0,1,1.6,0.5454545454545454,5.931818181818182,2.0,0.7333333333333334,1
1,1,1,9773,1,1,134.0,1,1,38,4,5,122.8,0,0,0,1,1,0,18,0,0,6,6,6,12.0,0,0,6,6,6,12.5,0,12.7,3.7,-1.7,2,1.0,1.0,1.0,0.0,0.5,12.25,12,1.0,0,0,1,1.0,1.0,12.25,6.0,1.0,1
2,39,1,9991,0,1,130.0,1,38,38,9,3,145.6,0,0,0,1,1,0,34,0,0,5,10,4,11.75,0,0,5,10,4,10.833333333333334,0,13.9,-0.3,0.79,1,0.8,0.8,0.6400000000000001,0.0,-0.9166666666666661,11.291666666666668,8,0.8,0,0,1,1.2,0.8,9.033333333333335,4.0,1.0,1
1,1,1,9147,1,1,128.0,1,1,1,2,10,116.5,0,0,0,1,1,0,19,0,0,5,8,2,10.0,0,0,5,8,1,16.0,0,7.6,2.6,0.32,0,0.4,0.2,0.08000000000000002,-0.2,6.0,13.0,3,0.3,0,0,1,1.8,0.3,3.9,1.0,0.8,1
1,1,1,9500,1,1,154.0,1,19,19,3,3,142.0,0,0,0,1,1,0,19,0,0,8,8,7,13.714285714285714,0,0,8,8,7,13.714285714285714,0,12.7,3.7,-1.7,2,0.875,0.875,0.765625,0.0,0.0,13.714285714285714,14,0.875,0,0,1,1.125,0.875,12.0,7.0,1.0,1
1,7,1,9003,1,4,150.0,1,1,1,4,6,150.0,0,0,0,1,1,0,28,0,0,6,14,6,14.875,0,0,6,12,6,15.8,0,16.2,0.3,-0.92,2,1.0,1.0,1.0,0.0,0.9250000000000007,15.3375,12,1.0,0,0,1,1.0,1.0,15.3375,6.0,1.0,1
1,17,1,9070,1,1,134.0,1,1,1,5,0,133.3,1,0,0,1,1,0,18,0,0,6,7,5,10.8,1,0,6,6,0,0.0,0,7.6,2.6,0.32,0,0.8333333333333334,0.0,0.0,-0.8333333333333334,-10.8,5.4,5,0.4166666666666667,0,0,1,2.0,0.4166666666666667,2.2500000000000004,0.0,0.16666666666666663,1
1,1,1,9238,1,1,127.0,1,2,2,3,4,115.8,1,0,0,1,1,0,19,0,0,6,11,3,12.0,0,0,6,12,2,10.0,0,11.1,0.6,2.02,0,0.5,0.3333333333333333,0.16666666666666666,-0.16666666666666669,-2.0,11.0,5,0.4166666666666667,0,0,1,1.6666666666666667,0.4166666666666667,4.583333333333334,2.0,0.8333333333333333,1
1,17,2,9085,1,1,133.1,1,19,38,9,1,100.0,1,0,1,0,1,0,19,0,0,6,10,5,12.5,0,0,6,19,2,13.5,0,12.4,0.5,1.79,0,0.8333333333333334,0.3333333333333333,0.2777777777777778,-0.5,1.0,13.0,7,0.5833333333333334,0,0,3,3.666666666666667,0.5833333333333334,7.583333333333334,2.0,0.5,1
1,17,1,9500,1,1,130.0,1,1,3,9,2,128.6,1,0,0,1,0,0,18,0,0,7,7,7,14.728571428571428,0,0,8,11,8,16.327272727272728,0,16.2,0.3,-0.92,2,1.0,1.0,1.0,0.0,1.5987012987013003,15.527922077922078,15,1.0,1,0,1,1.0,1.0,15.527922077922078,8.0,1.0,1
1,1,1,9130,1,1,135.0,1,3,3,2,2,137.1,1,0,0,1,0,0,18,0,0,6,8,6,12.0,0,0,6,8,5,14.8,0,12.4,0.5,1.79,2,1.0,0.8333333333333334,0.8333333333333334,-0.16666666666666663,2.8000000000000007,13.4,11,0.9166666666666666,0,0,1,1.1666666666666665,0.9166666666666666,12.283333333333333,5.0,0.8333333333333334,1
1,44,2,9238,1,39,150.0,1,3,19,4,9,147.0,1,0,0,1,0,0,19,0,3,6,6,6,14.166666666666666,0,2,6,6,6,13.5,0,12.4,0.5,1.79,2,1.0,1.0,1.0,0.0,-0.6666666666666661,13.833333333333332,12,1.0,0,0,1,1.0,1.0,13.833333333333332,6.0,1.0,1
2,7,1,9238,1,3,150.0,1,37,37,191,192,150.0,0,0,0,1,0,0,31,0,1,6,12,5,12.5,0,0,6,10,5,14.6,0,12.7,3.7,-1.7,2,0.8333333333333334,0.8333333333333334,0.6944444444444445,0.0,2.0999999999999996,13.55,10,0.8333333333333334,0,0,1,1.1666666666666665,0.8333333333333334,11.291666666666668,5.0,1.0,1
1,39,1,8014,0,1,130.0,1,37,37,9,8,103.5,0,0,0,1,0,1,33,0,0,6,6,6,14.166666666666666,0,0,6,6,6,14.333333333333334,0,12.7,3.7,-1.7,2,1.0,1.0,1.0,0.0,0.16666666666666785,14.25,12,1.0,0,0,0,0.0,1.0,14.25,6.0,1.0,1
1,1,3,9500,1,1,113.0,1,3,1,134,135,107.8,1,0,0,1,0,1,20,0,0,7,10,5,14.46,0,0,7,8,6,13.55,0,12.4,0.5,1.79,1,0.7142857142857143,0.8571428571428571,0.6122448979591837,0.1428571428571428,-0.9100000000000001,14.005,11,0.7857142857142857,0,0,0,0.1428571428571429,0.7857142857142857,11.003928571428572,6.0,0.8571428571428572,1
1,44,1,9085,1,39,130.0,6,19,1,6,4,130.0,1,0,0,1,0,0,22,1,0,6,12,5,12.8,0,0,6,19,2,11.5,0,12.4,0.5,1.79,1,0.8333333333333334,0.3333333333333333,0.2777777777777778,-0.5,-1.3000000000000007,12.15,7,0.5833333333333334,0,0,1,1.6666666666666667,0.5833333333333334,7.0875,2.0,0.5,1
1,17,1,9254,1,1,115.0,1,1,19,3,3,109.4,1,0,0,1,0,0,19,0,0,6,8,6,12.666666666666666,0,0,6,8,5,13.4,0,11.1,0.6,2.02,2,1.0,0.8333333333333334,0.8333333333333334,-0.16666666666666663,0.7333333333333343,13.033333333333333,11,0.9166666666666666,0,0,1,1.1666666666666665,0.9166666666666666,11.947222222222221,5.0,0.8333333333333334,1
1,1,3,9070,1,1,146.0,1,34,34,0,0,143.6,1,0,0,1,0,0,18,0,0,6,6,6,12.5,0,0,6,6,6,13.0,0,7.6,2.6,0.32,0,1.0,1.0,1.0,0.0,0.5,12.75,12,1.0,0,0,1,1.0,1.0,12.75,6.0,1.0,1
1,17,3,9070,1,1,132.0,1,38,1,5,5,124.3,0,1,0,1,0,0,18,0,0,6,0,0,0.0,0,0,6,0,0,0.0,0,15.5,2.8,-4.06,0,0.0,0.0,0.0,0.0,0.0,0.0,0,0.0,0,0,1,2.0,0.0,0.0,0.0,1.0,1
1,1,5,9670,1,1,116.0,1,19,38,9,9,119.5,1,0,0,0,0,0,18,0,0,6,0,0,0.0,0,0,6,0,0,0.0,0,8.9,1.4,3.51,0,0.0,0.0,0.0,0.0,0.0,0.0,0,0.0,0,0,2,3.0,0.0,0.0,0.0,1.0,1
1,1,1,171,1,1,163.0,1,3,4,2,5,175.6,1,0,0,1,0,0,18,0,0,0,0,0,0.0,0,0,0,0,0,0.0,0,11.1,0.6,2.02,2,0.0,0.0,0.0,0.0,0.0,0.0,0,0.0,0,1,1,3.0,0.0,0.0,0.0,1.0,0
1,17,2,9147,1,1,122.0,1,19,19,7,7,116.1,1,0,0,1,0,1,19,0,0,5,8,5,11.2,0,0,5,5,3,11.0,0,12.4,0.5,1.79,2,1.0,0.6,0.6,-0.4,-0.1999999999999993,11.1,8,0.8,0,0,0,0.4,0.8,8.88,3.0,0.6,1
1,17,1,9085,1,1,142.0,1,3,19,5,5,130.8,1,0,0,1,0,0,18,0,0,5,9,3,13.666666666666666,1,0,5,5,5,12.0,0,12.7,3.7,-1.7,2,0.6,1.0,0.6,0.4,-1.666666666666666,12.833333333333332,8,0.8,0,0,1,1.0,0.8,10.266666666666666,5.0,0.6,1
1,17,6,9500,1,1,139.0,1,37,37,9,6,133.5,1,0,0,1,0,1,18,0,0,8,8,7,15.228571428571428,0,0,8,8,7,15.228571428571428,0,12.7,3.7,-1.7,2,0.875,0.875,0.765625,0.0,0.0,15.228571428571428,14,0.875,0,0,0,0.125,0.875,13.325,7.0,1.0,1
1,53,1,9238,1,42,140.0,1,37,37,9,10,136.9,1,0,0,1,0,0,21,0,5,9,10,9,12.77777777777778,0,4,9,9,9,13.22222222222222,0,8.9,1.4,3.51,2,1.0,1.0,1.0,0.0,0.4444444444444393,13.0,18,1.0,0,0,1,1.0,1.0,13.0,9.0,1.0,1
1,1,1,9500,1,1,165.0,1,19,37,5,5,142.3,0,0,0,1,0,1,18,0,0,8,8,7,14.428571428571429,0,0,8,8,7,14.428571428571429,0,12.7,3.7,-1.7,2,0.875,0.875,0.765625,0.0,0.0,14.428571428571429,14,0.875,0,0,0,0.125,0.875,12.625,7.0,1.0,1
1,17,3,9670,1,1,122.0,1,1,38,3,3,114.3,1,0,0,1,0,0,18,0,0,6,8,6,13.875,0,0,6,7,6,13.714285714285714,0,11.1,0.6,2.02,2,1.0,1.0,1.0,0.0,-0.16071428571428648,13.794642857142858,12,1.0,0,0,1,1.0,1.0,13.794642857142858,6.0,1.0,1
1,1,2,9500,1,1,135.0,1,19,19,9,10,122.9,1,0,0,1,0,0,18,0,0,7,10,7,13.128,0,0,8,13,6,13.193333333333332,0,15.5,2.8,-4.06,2,1.0,0.75,0.75,-0.25,0.06533333333333147,13.160666666666666,13,0.8666666666666667,1,0,1,1.25,0.8666666666666667,11.405911111111111,6.0,0.75,1
1,17,1,9500,1,1,128.0,1,19,1,4,3,117.2,1,0,0,1,0,0,20,0,0,7,9,6,11.605,0,0,8,10,7,12.4125,0,16.2,0.3,-0.92,2,0.8571428571428571,0.875,0.75,0.017857142857142905,0.8074999999999992,12.00875,13,0.8666666666666667,1,0,1,1.125,0.8666666666666667,10.407583333333333,7.0,0.9821428571428571,1
1,17,1,9147,1,1,139.0,1,1,38,4,5,152.0,0,0,0,1,0,1,18,0,0,5,5,5,14.6,0,0,5,8,5,12.0,0,12.7,3.7,-1.7,2,1.0,1.0,1.0,0.0,-2.5999999999999996,13.3,10,1.0,0,0,0,0.0,1.0,13.3,5.0,1.0,1
1,1,2,9773,1,1,125.0,1,19,1,4,5,122.2,1,0,0,1,0,0,18,0,0,6,0,0,0.0,0,0,6,0,0,0.0,0,11.1,0.6,2.02,0,0.0,0.0,0.0,0.0,0.0,0.0,0,0.0,0,0,1,2.0,0.0,0.0,0.0,1.0,1
1,18,2,9147,1,1,102.0,1,37,38,191,143,101.7,1,0,0,1,0,1,20,0,0,5,6,5,11.8,0,0,5,6,5,11.6,0,8.9,1.4,3.51,2,1.0,1.0,1.0,0.0,-0.20000000000000107,11.7,10,1.0,0,0,0,0.0,1.0,11.7,5.0,1.0,1
1,17,1,9254,1,1,116.0,1,19,19,9,8,119.9,1,0,0,1,0,0,20,0,0,6,6,6,12.333333333333334,0,0,6,6,6,12.333333333333334,0,12.4,0.5,1.79,2,1.0,1.0,1.0,0.0,0.0,12.333333333333334,12,1.0,0,0,1,1.0,1.0,12.333333333333334,6.0,1.0,1
1,17,1,9147,1,1,138.0,1,37,1,9,9,123.7,1,0,1,1,0,1,19,0,0,5,5,4,11.0,0,0,5,5,0,0.0,0,11.1,0.6,2.02,0,0.8,0.0,0.0,-0.8,-11.0,5.5,4,0.4,0,0,1,2.0,0.4,2.2,0.0,0.19999999999999996,1
1,51,1,9070,1,1,135.0,1,3,1,3,5,121.8,0,0,0,1,0,1,19,0,5,11,11,11,13.181818181818182,0,5,11,11,11,12.909090909090908,0,11.1,0.6,2.02,2,1.0,1.0,1.0,0.0,-0.2727272727272734,13.045454545454545,22,1.0,0,0,0,0.0,1.0,13.045454545454545,11.0,1.0,1
1,17,4,9670,1,1,110.0,1,19,37,9,99,106.1,1,1,1,0,0,1,18,0,0,6,6,1,11.0,0,0,6,0,0,0.0,0,12.7,3.7,-1.7,0,0.16666666666666666,0.0,0.0,-0.16666666666666666,-11.0,5.5,1,0.08333333333333333,0,0,2,3.0,0.08333333333333333,0.4583333333333333,0.0,0.8333333333333334,1
1,17,3,9773,1,1,132.0,1,1,1,4,9,124.3,1,0,1,1,0,1,19,0,0,6,6,6,11.833333333333334,0,0,6,7,6,12.285714285714286,0,15.5,2.8,-4.06,2,1.0,1.0,1.0,0.0,0.45238095238095255,12.05952380952381,12,1.0,0,0,1,1.0,1.0,12.05952380952381,6.0,1.0,1
1,1,2,9500,1,1,126.0,1,1,38,4,7,124.3,1,0,0,1,0,1,20,0,0,8,8,8,12.98125,0,0,8,8,8,12.98125,0,9.4,-0.8,-3.12,2,1.0,1.0,1.0,0.0,0.0,12.98125,16,1.0,0,0,0,0.0,1.0,12.98125,8.0,1.0,1
1,44,1,9147,1,39,117.4,1,19,1,4,9,117.4,1,0,0,1,0,0,21,0,4,7,10,6,11.333333333333334,0,1,5,6,5,11.2,0,11.1,0.6,2.02,2,0.8571428571428571,1.0,0.8571428571428571,0.1428571428571429,-0.13333333333333464,11.266666666666666,11,0.9166666666666666,-2,0,1,1.0,0.9166666666666666,10.327777777777776,5.0,0.8571428571428571,1
1,43,2,9500,1,1,120.0,1,41,3,2,2,112.7,0,0,0,1,0,0,21,0,0,8,12,6,11.68,0,0,8,12,6,11.68,0,10.8,1.4,1.74,2,0.75,0.75,0.5625,0.0,0.0,11.68,12,0.75,0,0,1,1.25,0.75,8.76,6.0,1.0,1
1,17,1,9070,1,1,116.0,1,38,38,9,9,123.7,0,0,0,1,0,0,20,0,0,6,6,6,14.5,0,0,6,7,6,13.5,0,11.1,0.6,2.02,2,1.0,1.0,1.0,0.0,-1.0,14.0,12,1.0,0,0,1,1.0,1.0,14.0,6.0,1.0,1
1,18,2,9853,1,1,111.0,1,38,38,191,171,105.8,1,0,0,1,0,0,19,0,0,7,7,7,13.142857142857142,0,0,7,8,7,12.857142857142858,0,8.9,1.4,3.51,2,1.0,1.0,1.0,0.0,-0.2857142857142847,13.0,14,1.0,0,0,1,1.0,1.0,13.0,7.0,1.0,1
1,17,3,9085,1,1,128.0,1,1,19,4,90,124.2,0,0,0,0,0,0,21,0,0,5,8,2,11.5,0,0,5,7,2,10.5,0,7.6,2.6,0.32,0,0.4,0.4,0.16000000000000003,0.0,-1.0,11.0,4,0.4,0,0,2,2.6,0.4,4.4,2.0,1.0,1
1,1,1,9085,1,1,123.0,1,30,19,4,90,122.3,0,0,0,1,0,0,18,0,0,5,6,5,14.2,0,0,5,7,5,11.8,0,7.6,2.6,0.32,2,1.0,1.0,1.0,0.0,-2.3999999999999986,13.0,10,1.0,0,0,1,1.0,1.0,13.0,5.0,1.0,1
1,1,5,9254,1,1,131.0,1,19,37,9,9,123.7,0,0,0,1,0,1,19,0,0,6,8,5,11.666666666666666,0,0,6,7,5,12.2,0,8.9,1.4,3.51,2,0.8333333333333334,0.8333333333333334,0.6944444444444445,0.0,0.5333333333333332,11.933333333333334,10,0.8333333333333334,0,0,0,0.16666666666666663,0.8333333333333334,9.944444444444445,5.0,1.0,1
1,17,2,9500,1,1,135.0,1,19,19,9,4,129.8,1,0,0,1,0,0,18,0,0,7,8,7,13.175,0,0,8,8,8,14.875,0,13.9,-0.3,0.79,2,1.0,1.0,1.0,0.0,1.6999999999999993,14.025,15,1.0,1,0,1,1.0,1.0,14.025,8.0,1.0,1
1,1,4,9500,1,1,136.0,1,1,1,9,9,123.8,1,0,0,1,0,1,19,0,0,8,8,7,13.314285714285717,0,0,8,8,7,13.314285714285717,0,12.7,3.7,-1.7,2,0.875,0.875,0.765625,0.0,0.0,13.314285714285717,14,0.875,0,0,0,0.125,0.875,11.650000000000002,7.0,1.0,1
1,1,2,9147,1,1,132.0,1,1,19,4,3,126.4,1,0,0,1,0,1,18,0,0,5,13,3,10.6,0,0,5,12,3,10.5,0,13.9,-0.3,0.79,2,0.6,0.6,0.36,0.0,-0.09999999999999964,10.55,6,0.6,0,0,0,0.4,0.6,6.33,3.0,1.0,1
1,1,1,9853,1,1,120.0,1,19,37,5,7,115.1,0,0,0,1,0,1,18,0,0,6,11,4,12.0,0,0,6,8,4,10.75,0,15.5,2.8,-4.06,1,0.6666666666666666,0.6666666666666666,0.4444444444444444,0.0,-1.25,11.375,8,0.6666666666666666,0,0,0,0.33333333333333337,0.6666666666666666,7.583333333333333,4.0,1.0,1
1,1,1,9773,1,1,144.0,1,37,37,8,8,138.4,0,0,0,1,0,0,18,0,0,6,7,6,13.428571428571429,0,0,6,7,6,14.142857142857142,0,13.9,-0.3,0.79,2,1.0,1.0,1.0,0.0,0.7142857142857135,13.785714285714285,12,1.0,0,0,1,1.0,1.0,13.785714285714285,6.0,1.0,1
1,17,1,9085,1,1,129.0,1,1,37,9,9,118.2,1,0,0,1,0,1,18,0,0,5,7,4,13.25,0,0,5,8,5,15.571428571428571,0,10.8,1.4,1.74,2,0.8,1.0,0.8,0.19999999999999996,2.321428571428571,14.410714285714285,9,0.9,0,0,0,0.0,0.9,12.969642857142857,5.0,0.8,1
1,17,1,9070,1,1,136.0,1,38,19,7,7,121.7,1,0,0,1,0,0,18,0,0,6,6,2,13.0,0,0,6,6,0,0.0,0,12.4,0.5,1.79,0,0.3333333333333333,0.0,0.0,-0.3333333333333333,-13.0,6.5,2,0.16666666666666666,0,0,1,2.0,0.16666666666666666,1.0833333333333333,0.0,0.6666666666666667,1
1,17,1,9238,1,1,125.0,1,1,38,9,7,119.8,0,0,0,1,0,0,18,0,0,6,0,0,0.0,0,0,6,0,0,0.0,0,11.1,0.6,2.02,0,0.0,0.0,0.0,0.0,0.0,0.0,0,0.0,0,0,1,2.0,0.0,0.0,0.0,1.0,1
1,1,1,9238,1,1,154.0,1,1,3,4,2,164.9,0,0,0,1,0,0,18,0,0,6,6,6,14.0,0,0,6,6,6,13.166666666666666,0,10.8,1.4,1.74,2,1.0,1.0,1.0,0.0,-0.8333333333333339,13.583333333333332,12,1.0,0,0,1,1.0,1.0,13.583333333333332,6.0,1.0,1
1,42,1,9085,1,1,100.0,1,1,38,4,9,100.0,1,0,0,1,0,1,20,0,1,2,2,2,12.0,0,1,6,11,6,12.833333333333334,0,13.9,-0.3,0.79,2,1.0,1.0,1.0,0.0,0.8333333333333339,12.416666666666668,8,1.0,4,0,0,0.0,1.0,12.416666666666668,6.0,1.0,1
1,1,1,9853,1,1,124.0,1,3,1,2,5,121.6,0,0,0,1,0,0,18,0,0,6,9,5,12.333333333333334,0,0,6,10,5,10.6,0,15.5,2.8,-4.06,1,0.8333333333333334,0.8333333333333334,0.6944444444444445,0.0,-1.7333333333333343,11.466666666666667,10,0.8333333333333334,0,0,1,1.1666666666666665,0.8333333333333334,9.555555555555555,5.0,1.0,1
1,17,4,9070,1,1,126.0,1,1,19,4,5,120.4,1,0,0,1,0,0,18,0,0,6,8,5,11.8,0,0,6,7,5,10.4,1,16.2,0.3,-0.92,2,0.8333333333333334,0.8333333333333334,0.6944444444444445,0.0,-1.4000000000000004,11.100000000000001,10,0.8333333333333334,0,0,1,1.1666666666666665,0.8333333333333334,9.250000000000002,5.0,1.0,1
1,18,6,9500,1,1,124.0,1,37,37,9,7,117.8,0,0,0,1,0,1,20,0,0,8,8,7,12.791428571428572,1,0,8,8,7,12.791428571428572,1,10.8,1.4,1.74,2,0.875,0.875,0.765625,0.0,0.0,12.791428571428572,14,0.875,0,0,0,0.125,0.875,11.1925,7.0,1.0,1
4,43,1,9670,1,1,150.0,1,37,37,9,6,110.0,0,0,0,1,0,0,40,0,4,8,8,8,11.625,0,3,7,12,5,11.2,0,9.4,-0.8,-3.12,2,1.0,0.7142857142857143,0.7142857142857143,-0.2857142857142857,-0.4250000000000007,11.4125,13,0.8666666666666667,-1,0,1,1.2857142857142856,0.8666666666666667,9.890833333333333,5.0,0.7142857142857143,1
1,1,6,9500,1,1,133.0,1,38,38,9,9,128.8,1,0,0,1,0,1,18,0,0,7,11,6,11.994444444444444,0,0,8,11,7,12.43142857142857,0,15.5,2.8,-4.06,2,0.8571428571428571,0.875,0.75,0.017857142857142905,0.43698412698412703,12.212936507936508,13,0.8666666666666667,1,0,0,0.125,0.8666666666666667,10.584544973544974,7.0,0.9821428571428571,1
1,1,5,9254,1,1,126.0,1,19,19,4,7,116.6,1,0,0,1,0,0,19,0,0,6,9,5,11.6,0,0,6,12,5,12.2,0,13.9,-0.3,0.79,2,0.8333333333333334,0.8333333333333334,0.6944444444444445,0.0,0.5999999999999996,11.899999999999999,10,0.8333333333333334,0,0,1,1.1666666666666665,0.8333333333333334,9.916666666666666,5.0,1.0,1
1,7,1,9991,0,40,120.0,1,1,19,4,9,120.0,0,0,0,1,0,0,24,0,0,5,5,0,0.0,0,0,5,6,0,0.0,0,12.4,0.5,1.79,0,0.0,0.0,0.0,0.0,0.0,0.0,0,0.0,0,0,1,2.0,0.0,0.0,0.0,1.0,1
1,1,6,9500,1,1,141.0,1,2,1,4,4,136.3,1,0,0,1,0,0,19,0,0,8,8,7,14.1,0,0,8,8,7,14.1,0,10.8,1.4,1.74,2,0.875,0.875,0.765625,0.0,0.0,14.1,14,0.875,0,0,1,1.125,0.875,12.3375,7.0,1.0,1
1,1,1,9500,1,1,133.0,1,1,19,9,6,121.5,1,0,0,1,0,1,20,0,0,7,8,6,12.396666666666668,0,0,8,9,7,12.94285714285714,0,11.1,0.6,2.02,2,0.8571428571428571,0.875,0.75,0.017857142857142905,0.5461904761904712,12.669761904761904,13,0.8666666666666667,1,0,0,0.125,0.8666666666666667,10.980460317460317,7.0,0.9821428571428571,1
1,1,1,9500,1,1,143.0,1,38,38,5,5,133.9,0,0,0,1,0,0,18,0,0,7,7,7,15.014285714285714,0,0,8,8,8,16.0875,0,12.4,0.5,1.79,2,1.0,1.0,1.0,0.0,1.0732142857142843,15.550892857142856,15,1.0,1,0,1,1.0,1.0,15.550892857142856,8.0,1.0,1
1,1,1,171,1,1,141.0,1,1,38,4,8,136.8,1,0,0,1,0,1,18,0,0,0,0,0,0.0,0,0,0,0,0,0.0,0,13.9,-0.3,0.79,2,0.0,0.0,0.0,0.0,0.0,0.0,0,0.0,0,1,0,2.0,0.0,0.0,0.0,1.0,0
1,17,2,9500,1,1,134.0,1,19,37,4,7,133.5,1,0,0,1,0,0,19,0,0,7,8,7,14.05,0,0,8,8,8,15.1,0,13.9,-0.3,0.79,2,1.0,1.0,1.0,0.0,1.049999999999999,14.575,15,1.0,1,0,1,1.0,1.0,14.575,8.0,1.0,1
1,44,1,9085,1,39,140.0,1,3,3,2,2,140.0,1,0,0,1,0,0,19,0,0,6,10,6,13.0,0,0,6,19,5,13.0,0,12.4,0.5,1.79,2,1.0,0.8333333333333334,0.8333333333333334,-0.16666666666666663,0.0,13.0,11,0.9166666666666666,0,0,1,1.1666666666666665,0.9166666666666666,11.916666666666666,5.0,0.8333333333333334,1
1,1,2,9500,1,1,142.0,1,37,37,9,7,132.7,1,0,0,1,0,1,19,0,0,7,8,7,14.7875,0,0,8,8,8,15.8625,0,13.9,-0.3,0.79,2,1.0,1.0,1.0,0.0,1.075000000000001,15.325,15,1.0,1,0,0,0.0,1.0,15.325,8.0,1.0,1
1,1,1,9500,1,1,118.0,1,19,19,5,7,117.8,0,0,0,1,0,1,19,0,0,7,7,7,13.7,0,0,8,9,7,14.671428571428574,0,12.4,0.5,1.79,2,1.0,0.875,0.875,-0.125,0.9714285714285751,14.185714285714287,14,0.9333333333333333,1,0,0,0.125,0.9333333333333333,13.240000000000002,7.0,0.875,1
1,1,1,9500,1,1,130.0,1,1,38,1,7,120.0,0,0,0,1,0,0,19,0,0,7,7,6,14.566666666666668,0,0,7,7,6,14.566666666666668,0,7.6,2.6,0.32,2,0.8571428571428571,0.8571428571428571,0.7346938775510203,0.0,0.0,14.566666666666668,12,0.8571428571428571,0,0,1,1.1428571428571428,0.8571428571428571,12.485714285714286,6.0,1.0,1
1,39,1,9670,1,12,133.1,1,1,19,1,5,100.0,1,0,1,0,0,0,25,0,0,5,5,5,11.2,0,0,5,5,4,11.25,0,9.4,-0.8,-3.12,0,1.0,0.8,0.8,-0.19999999999999996,0.05000000000000071,11.225,9,0.9,0,0,3,3.2,0.9,10.1025,4.0,0.8,1
1,1,1,9500,1,1,130.0,1,19,19,4,10,116.8,0,0,0,1,0,0,20,0,0,8,8,7,12.685714285714283,0,0,8,8,7,12.685714285714283,0,12.7,3.7,-1.7,2,0.875,0.875,0.765625,0.0,0.0,12.685714285714283,14,0.875,0,0,1,1.125,0.875,11.099999999999998,7.0,1.0,1
1,53,1,9238,1,42,130.0,1,1,19,5,5,128.3,0,0,1,0,0,0,23,0,5,9,12,7,13.571428571428571,0,4,9,14,4,13.25,0,8.9,1.4,3.51,0,0.7777777777777778,0.4444444444444444,0.345679012345679,-0.33333333333333337,-0.3214285714285712,13.410714285714285,11,0.6111111111111112,0,0,3,3.5555555555555554,0.6111111111111112,8.195436507936508,4.0,0.6666666666666666,1
1,1,1,9070,1,1,133.1,1,19,19,7,7,117.0,0,0,0,1,0,0,20,0,0,6,0,0,0.0,0,0,6,0,0,0.0,0,15.5,2.8,-4.06,0,0.0,0.0,0.0,0.0,0.0,0.0,0,0.0,0,0,1,2.0,0.0,0.0,0.0,1.0,1
1,39,1,8014,0,1,130.0,1,37,11,9,10,131.5,0,0,0,1,0,0,27,0,0,6,8,5,11.0,0,0,6,7,6,11.166666666666666,0,11.1,0.6,2.02,2,0.8333333333333334,1.0,0.8333333333333334,0.16666666666666663,0.16666666666666607,11.083333333333332,11,0.9166666666666666,0,0,1,1.0,0.9166666666666666,10.159722222222221,6.0,0.8333333333333334,1
1,1,1,9500,1,1,149.0,1,19,1,4,4,134.8,0,0,0,1,0,0,18,0,0,8,8,8,14.445,0,0,8,8,8,14.445,0,9.4,-0.8,-3.12,2,1.0,1.0,1.0,0.0,0.0,14.445,16,1.0,0,0,1,1.0,1.0,14.445,8.0,1.0,1
1,1,6,9500,1,1,145.0,1,38,37,5,6,127.5,1,0,0,1,0,1,19,0,0,7,7,6,13.416666666666666,0,0,7,7,6,13.416666666666666,0,7.6,2.6,0.32,2,0.8571428571428571,0.8571428571428571,0.7346938775510203,0.0,0.0,13.416666666666666,12,0.8571428571428571,0,0,0,0.1428571428571429,0.8571428571428571,11.499999999999998,6.0,1.0,1
1,1,1,9147,1,1,130.0,1,37,38,3,3,123.0,0,0,0,1,0,0,18,0,0,5,8,5,12.333333333333334,2,0,5,7,5,11.4,0,15.5,2.8,-4.06,2,1.0,1.0,1.0,0.0,-0.9333333333333336,11.866666666666667,10,1.0,0,0,1,1.0,1.0,11.866666666666667,5.0,1.0,1
1,43,1,9500,1,1,128.0,1,1,19,9,8,100.0,1,0,0,1,0,0,20,0,0,7,8,7,13.1,0,0,8,8,8,14.8125,0,13.9,-0.3,0.79,2,1.0,1.0,1.0,0.0,1.7125000000000004,13.95625,15,1.0,1,0,1,1.0,1.0,13.95625,8.0,1.0,1
1,1,2,9670,1,1,111.0,1,19,19,9,9,114.2,1,0,0,1,0,0,18,0,0,6,9,4,13.2,0,0,6,10,5,12.8,0,12.4,0.5,1.79,2,0.6666666666666666,0.8333333333333334,0.5555555555555556,0.16666666666666674,-0.3999999999999986,13.0,9,0.75,0,0,1,1.1666666666666665,0.75,9.75,5.0,0.8333333333333333,1
1,1,1,9500,1,1,140.0,1,1,1,4,4,123.5,1,0,0,1,0,1,19,0,0,8,8,8,14.75,0,0,8,8,8,14.75,0,9.4,-0.8,-3.12,2,1.0,1.0,1.0,0.0,0.0,14.75,16,1.0,0,0,0,0.0,1.0,14.75,8.0,1.0,1
1,44,1,9238,1,39,140.0,1,19,19,8,8,144.3,1,0,0,1,0,1,19,0,3,6,7,6,13.142857142857142,0,2,6,6,6,14.333333333333334,0,12.4,0.5,1.79,2,1.0,1.0,1.0,0.0,1.1904761904761916,13.738095238095237,12,1.0,0,0,0,0.0,1.0,13.738095238095237,6.0,1.0,1
1,1,1,9853,1,1,145.0,1,38,37,5,5,142.2,0,0,0,1,0,0,19,0,0,6,9,4,12.5,0,0,6,9,5,12.5,0,9.4,-0.8,-3.12,1,0.6666666666666666,0.8333333333333334,0.5555555555555556,0.16666666666666674,0.0,12.5,9,0.75,0,0,1,1.1666666666666665,0.75,9.375,5.0,0.8333333333333333,1
1,1,1,9085,1,1,151.0,1,3,3,1,90,161.9,0,0,0,1,0,0,18,0,0,5,6,4,13.75,0,0,5,8,5,14.857142857142858,0,7.6,2.6,0.32,2,0.8,1.0,0.8,0.19999999999999996,1.1071428571428577,14.303571428571429,9,0.9,0,0,1,1.0,0.9,12.873214285714287,5.0,0.8,1
1,1,1,9238,1,1,132.0,1,37,37,9,5,135.9,0,0,0,1,0,0,18,0,0,6,11,5,12.4,0,0,6,7,6,13.0,0,9.4,-0.8,-3.12,2,0.8333333333333334,1.0,0.8333333333333334,0.16666666666666663,0.5999999999999996,12.7,11,0.9166666666666666,0,0,1,1.0,0.9166666666666666,11.641666666666666,6.0,0.8333333333333334,1
1,1,2,9773,1,1,116.0,1,19,19,4,7,110.1,1,0,0,1,0,0,18,0,0,6,6,6,13.333333333333334,0,0,6,6,6,12.0,0,11.1,0.6,2.02,2,1.0,1.0,1.0,0.0,-1.333333333333334,12.666666666666668,12,1.0,0,0,1,1.0,1.0,12.666666666666668,6.0,1.0,1
1,43,1,171,1,1,116.0,1,3,1,2,3,117.3,1,0,1,1,0,0,20,0,0,0,0,0,0.0,0,0,0,0,0,0.0,0,13.9,-0.3,0.79,0,0.0,0.0,0.0,0.0,0.0,0.0,0,0.0,0,1,2,4.0,0.0,0.0,0.0,1.0,0
1,1,2,9500,1,1,112.0,1,1,37,4,9,106.8,1,0,0,1,0,1,19,0,0,7,8,6,13.533333333333331,0,0,8,9,7,13.614285714285714,0,12.4,0.5,1.79,2,0.8571428571428571,0.875,0.75,0.017857142857142905,0.08095238095238244,13.573809523809523,13,0.8666666666666667,1,0,0,0.125,0.8666666666666667,11.763968253968253,7.0,0.9821428571428571,1
1,1,1,9070,1,1,126.0,1,1,19,4,0,120.1,0,1,0,1,0,1,20,0,0,6,6,6,13.166666666666666,0,0,6,6,6,12.666666666666666,0,11.1,0.6,2.02,2,1.0,1.0,1.0,0.0,-0.5,12.916666666666666,12,1.0,0,0,0,0.0,1.0,12.916666666666666,6.0,1.0,1
1,1,2,9254,1,1,120.0,1,19,19,9,9,116.5,1,0,0,1,0,1,19,0,0,6,9,5,13.2,0,0,6,8,5,11.0,0,12.4,0.5,1.79,2,0.8333333333333334,0.8333333333333334,0.6944444444444445,0.0,-2.1999999999999993,12.1,10,0.8333333333333334,0,0,0,0.16666666666666663,0.8333333333333334,10.083333333333334,5.0,1.0,1
1,1,1,9853,1,1,153.0,1,1,19,9,4,139.7,1,0,0,1,0,1,19,0,0,7,7,7,13.428571428571429,0,0,7,7,7,14.857142857142858,0,11.1,0.6,2.02,2,1.0,1.0,1.0,0.0,1.4285714285714288,14.142857142857142,14,1.0,0,0,0,0.0,1.0,14.142857142857142,7.0,1.0,1
1,1,2,9070,1,1,124.0,1,19,1,9,3,123.7,1,0,0,1,0,1,18,0,1,6,8,6,12.714285714285714,1,0,6,8,6,12.625,0,13.9,-0.3,0.79,2,1.0,1.0,1.0,0.0,-0.08928571428571352,12.669642857142858,12,1.0,0,0,0,0.0,1.0,12.669642857142858,6.0,1.0,1
1,17,2,9130,1,1,127.0,1,3,1,2,1,116.5,0,0,0,1,0,0,19,0,0,6,0,0,0.0,0,0,6,0,0,0.0,0,15.5,2.8,-4.06,0,0.0,0.0,0.0,0.0,0.0,0.0,0,0.0,0,0,1,2.0,0.0,0.0,0.0,1.0,1
1,17,1,9670,1,1,126.0,1,12,38,9,5,122.2,0,0,0,1,0,1,19,0,0,6,6,6,13.666666666666666,0,0,6,9,6,13.666666666666666,0,8.9,1.4,3.51,2,1.0,1.0,1.0,0.0,0.0,13.666666666666666,12,1.0,0,0,0,0.0,1.0,13.666666666666666,6.0,1.0,1
1,1,1,9773,1,1,133.1,1,38,19,132,103,146.0,0,0,1,1,0,0,20,0,0,6,6,5,11.0,0,0,6,6,6,13.166666666666666,0,16.2,0.3,-0.92,2,0.8333333333333334,1.0,0.8333333333333334,0.16666666666666663,2.166666666666666,12.083333333333332,11,0.9166666666666666,0,0,2,2.0,0.9166666666666666,11.076388888888888,6.0,0.8333333333333334,1
1,17,1,9130,1,1,130.0,1,1,1,4,5,123.8,0,0,0,1,0,0,18,0,0,5,7,4,12.0,0,0,5,6,5,12.0,0,7.6,2.6,0.32,2,0.8,1.0,0.8,0.19999999999999996,0.0,12.0,9,0.9,0,0,1,1.0,0.9,10.8,5.0,0.8,1
1,17,3,9773,1,1,127.0,1,19,19,5,8,120.0,0,0,0,1,0,0,18,0,0,6,6,0,0.0,0,0,6,0,0,0.0,0,8.9,1.4,3.51,0,0.0,0.0,0.0,0.0,0.0,0.0,0,0.0,0,0,1,2.0,0.0,0.0,0.0,1.0,1
1,17,3,9238,1,1,143.0,1,37,38,0,7,126.9,1,0,0,1,0,0,18,0,0,6,14,5,11.0,0,0,6,6,6,11.666666666666666,0,7.6,2.6,0.32,2,0.8333333333333334,1.0,0.8333333333333334,0.16666666666666663,0.6666666666666661,11.333333333333332,11,0.9166666666666666,0,0,1,1.0,0.9166666666666666,10.388888888888888,6.0,0.8333333333333334,1
1,17,3,9500,1,1,136.0,1,19,1,9,9,129.0,1,0,0,1,0,1,19,0,0,7,7,7,13.308571428571428,0,0,8,10,8,12.55,0,12.4,0.5,1.79,2,1.0,1.0,1.0,0.0,-0.7585714285714271,12.929285714285715,15,1.0,1,0,0,0.0,1.0,12.929285714285715,8.0,1.0,1
1,1,1,9853,1,1,125.0,1,37,37,9,9,114.9,1,0,1,0,0,0,21,0,0,6,8,3,13.666666666666666,0,0,6,7,3,10.666666666666666,0,15.5,2.8,-4.06,0,0.5,0.5,0.25,0.0,-3.0,12.166666666666666,6,0.5,0,0,3,3.5,0.5,6.083333333333333,3.0,1.0,1
1,17,1,9670,1,3,110.0,1,12,3,5,8,106.5,1,0,1,0,0,0,20,0,0,6,6,0,0.0,0,0,6,9,0,0.0,0,10.8,1.4,1.74,0,0.0,0.0,0.0,0.0,0.0,0.0,0,0.0,0,0,3,4.0,0.0,0.0,0.0,1.0,1
1,1,1,9254,1,1,130.0,1,37,38,9,9,133.9,1,0,0,1,0,0,18,0,0,6,10,5,12.2,0,0,6,8,4,11.25,0,9.4,-0.8,-3.12,2,0.8333333333333334,0.6666666666666666,0.5555555555555556,-0.16666666666666674,-0.9499999999999993,11.725,9,0.75,0,0,1,1.3333333333333335,0.75,8.79375,4.0,0.8333333333333333,1
1,1,1,9773,1,1,135.0,1,1,4,5,3,124.9,0,0,0,1,0,1,20,0,0,6,7,6,12.666666666666666,0,0,6,6,6,12.833333333333334,0,10.8,1.4,1.74,2,1.0,1.0,1.0,0.0,0.16666666666666785,12.75,12,1.0,0,0,0,0.0,1.0,12.75,6.0,1.0,1
1,1,2,9500,1,1,133.0,1,19,37,1,9,128.5,1,0,0,1,0,1,19,0,0,8,8,8,14.07125,0,0,8,8,8,14.07125,0,9.4,-0.8,-3.12,2,1.0,1.0,1.0,0.0,0.0,14.07125,16,1.0,0,0,0,0.0,1.0,14.07125,8.0,1.0,1
1,17,1,9130,1,1,122.0,1,19,19,9,9,121.7,1,0,0,0,0,0,22,0,0,6,0,0,0.0,0,0,2,2,0,0.0,2,9.4,-0.8,-3.12,0,0.0,0.0,0.0,0.0,0.0,0.0,0,0.0,-4,0,2,3.0,0.0,0.0,0.0,1.0,1
1,1,2,9853,1,1,121.0,1,38,38,7,5,120.0,1,0,0,1,0,0,18,0,0,6,10,3,12.0,0,0,6,8,4,10.25,0,10.8,1.4,1.74,1,0.5,0.6666666666666666,0.3333333333333333,0.16666666666666663,-1.75,11.125,7,0.5833333333333334,0,0,1,1.3333333333333335,0.5833333333333334,6.489583333333334,4.0,0.8333333333333334,1
1,43,1,9147,1,1,123.0,1,3,19,9,9,113.2,0,0,0,1,0,0,21,0,3,10,18,6,11.166666666666666,2,4,10,16,7,10.571428571428571,0,7.6,2.6,0.32,1,0.6,0.7,0.42,0.09999999999999998,-0.5952380952380949,10.869047619047619,13,0.65,0,0,1,1.3,0.65,7.064880952380952,7.0,0.9,1
1,1,1,9238,1,1,128.0,1,19,19,0,5,120.3,1,0,0,1,0,0,19,0,0,6,12,2,13.0,0,0,6,8,5,11.6,0,7.6,2.6,0.32,2,0.3333333333333333,0.8333333333333334,0.2777777777777778,0.5,-1.4000000000000004,12.3,7,0.5833333333333334,0,0,1,1.1666666666666665,0.5833333333333334,7.175000000000001,5.0,0.5,1
1,1,2,9500,1,1,124.0,1,34,34,0,0,123.3,1,0,0,1,0,1,20,0,0,8,8,7,14.901428571428571,1,0,8,8,7,14.901428571428571,1,9.4,-0.8,-3.12,0,0.875,0.875,0.765625,0.0,0.0,14.901428571428571,14,0.875,0,0,0,0.125,0.875,13.03875,7.0,1.0,1
1,1,3,9500,1,1,135.0,1,38,19,8,8,126.3,1,0,1,1,0,1,18,0,0,7,8,7,12.65,0,0,8,9,8,12.445555555555554,0,15.5,2.8,-4.06,2,1.0,1.0,1.0,0.0,-0.2044444444444462,12.547777777777778,15,1.0,1,0,1,1.0,1.0,12.547777777777778,8.0,1.0,1
1,51,1,9991,0,42,110.0,1,19,37,5,9,128.2,0,0,0,0,0,0,22,0,7,12,12,7,11.0,0,5,5,5,5,10.6,0,8.9,1.4,3.51,0,0.5833333333333334,1.0,0.5833333333333334,0.41666666666666663,-0.40000000000000036,10.8,12,0.7058823529411765,-7,0,2,2.0,0.7058823529411765,7.623529411764707,5.0,0.5833333333333334,1
1,17,4,9085,1,1,138.0,1,19,36,90,7,134.9,1,0,0,1,0,0,20,0,0,5,7,4,12.4,0,0,5,9,5,12.666666666666666,0,7.6,2.6,0.32,2,0.8,1.0,0.8,0.19999999999999996,0.2666666666666657,12.533333333333333,9,0.9,0,0,1,1.0,0.9,11.28,5.0,0.8,1
1,44,1,9003,1,39,140.0,1,38,38,6,6,140.0,0,0,0,1,0,0,19,0,0,6,7,6,12.0,0,0,6,7,6,12.666666666666666,0,12.4,0.5,1.79,2,1.0,1.0,1.0,0.0,0.6666666666666661,12.333333333333332,12,1.0,0,0,1,1.0,1.0,12.333333333333332,6.0,1.0,1
1,1,5,9500,1,1,126.0,1,1,19,6,7,115.5,1,0,0,1,0,1,19,0,0,7,8,7,12.135714285714286,0,0,8,10,7,13.328571428571427,0,12.4,0.5,1.79,2,1.0,0.875,0.875,-0.125,1.1928571428571413,12.732142857142858,14,0.9333333333333333,1,0,0,0.125,0.9333333333333333,11.883333333333335,7.0,0.875,1
1,1,2,9500,1,1,113.0,1,38,19,9,7,106.7,1,0,0,1,0,1,20,0,0,7,10,5,12.62,0,0,7,8,6,12.5,0,11.1,0.6,2.02,1,0.7142857142857143,0.8571428571428571,0.6122448979591837,0.1428571428571428,-0.11999999999999922,12.559999999999999,11,0.7857142857142857,0,0,0,0.1428571428571429,0.7857142857142857,9.868571428571427,6.0,0.8571428571428572,1
1,39,1,9991,0,1,120.0,1,38,38,3,3,140.0,0,0,0,1,0,0,25,0,0,5,11,3,10.666666666666666,0,0,5,11,3,11.333333333333334,0,15.5,2.8,-4.06,1,0.6,0.6,0.36,0.0,0.6666666666666679,11.0,6,0.6,0,0,1,1.4,0.6,6.6,3.0,1.0,1
1,1,1,9500,1,1,145.0,1,19,19,9,7,136.6,0,0,0,1,0,1,19,0,0,7,12,6,13.766666666666666,0,0,8,10,7,14.051428571428572,0,15.5,2.8,-4.06,2,0.8571428571428571,0.875,0.75,0.017857142857142905,0.2847619047619059,13.90904761904762,13,0.8666666666666667,1,0,0,0.125,0.8666666666666667,12.054507936507937,7.0,0.9821428571428571,1
1,18,1,9500,1,1,124.0,1,38,37,9,7,119.3,1,0,0,1,0,0,19,0,0,8,8,8,13.11625,0,0,8,8,8,13.11625,0,9.4,-0.8,-3.12,2,1.0,1.0,1.0,0.0,0.0,13.11625,16,1.0,0,0,1,1.0,1.0,13.11625,8.0,1.0,1
1,1,1,9070,1,1,160.0,1,3,38,1,9,152.0,1,0,0,0,0,0,19,0,0,5,5,0,0.0,0,0,6,0,0,0.0,0,10.8,1.4,1.74,0,0.0,0.0,0.0,0.0,0.0,0.0,0,0.0,1,0,2,3.0,0.0,0.0,0.0,1.0,1
1,1,1,9500,1,1,138.0,1,38,19,9,5,144.3,0,0,0,1,0,0,20,0,0,7,9,6,12.7,0,0,8,8,7,13.571428571428571,0,13.9,-0.3,0.79,2,0.8571428571428571,0.875,0.75,0.017857142857142905,0.8714285714285719,13.135714285714286,13,0.8666666666666667,1,0,1,1.125,0.8666666666666667,11.384285714285715,7.0,0.9821428571428571,1
1,39,2,9556,1,1,130.0,1,37,37,9,9,159.0,1,0,0,1,0,0,25,0,0,7,11,7,11.857142857142858,0,0,8,21,5,11.7,0,12.4,0.5,1.79,1,1.0,0.625,0.625,-0.375,-0.15714285714285836,11.778571428571428,12,0.8,1,0,1,1.375,0.8,9.422857142857143,5.0,0.625,1
1,17,1,9500,1,1,127.0,1,19,38,5,9,129.5,1,0,0,1,0,1,20,0,0,7,7,6,12.333333333333334,0,0,7,7,6,12.333333333333334,0,7.6,2.6,0.32,2,0.8571428571428571,0.8571428571428571,0.7346938775510203,0.0,0.0,12.333333333333334,12,0.8571428571428571,0,0,0,0.1428571428571429,0.8571428571428571,10.571428571428571,6.0,1.0,1
1,1,3,9670,1,1,111.0,1,1,1,5,5,105.4,0,0,0,1,0,0,20,0,0,5,6,5,13.333333333333334,0,0,5,6,5,13.2,0,7.6,2.6,0.32,2,1.0,1.0,1.0,0.0,-0.13333333333333464,13.266666666666666,10,1.0,0,0,1,1.0,1.0,13.266666666666666,5.0,1.0,1
1,42,1,9500,1,1,100.0,1,1,19,4,8,136.0,1,0,0,1,0,0,21,0,4,7,9,7,14.355555555555554,0,5,8,8,8,13.49375,0,15.5,2.8,-4.06,2,1.0,1.0,1.0,0.0,-0.8618055555555539,13.924652777777776,15,1.0,1,0,1,1.0,1.0,13.924652777777776,8.0,1.0,1
1,44,1,9003,1,39,160.0,1,37,38,9,9,160.0,0,0,1,1,0,1,19,0,0,6,8,6,13.0,0,0,6,11,5,13.0,0,15.5,2.8,-4.06,2,1.0,0.8333333333333334,0.8333333333333334,-0.16666666666666663,0.0,13.0,11,0.9166666666666666,0,0,1,1.1666666666666665,0.9166666666666666,11.916666666666666,5.0,0.8333333333333334,1
1,1,1,9773,1,1,152.0,1,38,37,9,9,139.1,0,0,0,1,0,1,19,0,0,6,6,6,12.833333333333334,0,0,6,6,6,13.5,0,16.2,0.3,-0.92,2,1.0,1.0,1.0,0.0,0.6666666666666661,13.166666666666668,12,1.0,0,0,0,0.0,1.0,13.166666666666668,6.0,1.0,1
1,1,2,9670,1,1,144.0,1,37,38,9,9,126.9,0,0,0,1,0,1,21,0,0,5,5,5,13.2,0,0,5,5,4,13.0,0,9.4,-0.8,-3.12,2,1.0,0.8,0.8,-0.19999999999999996,-0.1999999999999993,13.1,9,0.9,0,0,0,0.19999999999999996,0.9,11.79,4.0,0.8,1
1,39,1,9500,1,3,133.8,1,3,37,2,10,184.0,0,0,0,1,0,0,28,0,0,7,9,7,17.005555555555556,0,1,8,9,8,16.582222222222224,0,15.5,2.8,-4.06,2,1.0,1.0,1.0,0.0,-0.423333333333332,16.79388888888889,15,1.0,1,0,1,1.0,1.0,16.79388888888889,8.0,1.0,1
1,1,1,9147,1,1,150.0,1,37,37,9,6,138.5,0,0,0,1,0,1,18,0,0,5,5,5,14.0,0,0,5,6,5,13.6,0,12.4,0.5,1.79,2,1.0,1.0,1.0,0.0,-0.40000000000000036,13.8,10,1.0,0,0,0,0.0,1.0,13.8,5.0,1.0,1
5,17,5,9500,1,1,143.0,1,37,38,5,8,133.5,1,0,0,1,0,1,18,0,0,8,8,7,12.114285714285714,0,0,8,8,7,12.114285714285714,0,12.7,3.7,-1.7,2,0.875,0.875,0.765625,0.0,0.0,12.114285714285714,14,0.875,0,0,0,0.125,0.875,10.6,7.0,1.0,1
1,1,3,9500,1,1,145.0,1,19,37,7,7,141.5,1,0,0,1,0,1,18,0,0,8,8,8,13.05875,0,0,8,8,8,13.05875,0,9.4,-0.8,-3.12,2,1.0,1.0,1.0,0.0,0.0,13.05875,16,1.0,0,0,0,0.0,1.0,13.05875,8.0,1.0,1
1,42,1,9500,1,1,120.0,1,1,2,9,3,130.0,1,0,0,1,0,0,22,0,4,8,8,7,13.285714285714286,0,4,8,8,7,13.285714285714286,0,12.7,3.7,-1.7,2,0.875,0.875,0.765625,0.0,0.0,13.285714285714286,14,0.875,0,0,1,1.125,0.875,11.625,7.0,1.0,1
1,1,1,9147,1,1,138.0,1,37,37,194,171,131.0,1,0,0,1,0,0,19,0,0,5,9,4,11.0,0,0,5,8,3,10.666666666666666,0,12.4,0.5,1.79,1,0.8,0.6,0.48,-0.20000000000000007,-0.3333333333333339,10.833333333333332,7,0.7,0,0,1,1.4,0.7,7.583333333333332,3.0,0.7999999999999999,1
1,1,1,9500,1,1,145.0,1,19,1,9,5,145.0,0,0,0,1,0,1,18,0,0,7,7,7,14.071428571428571,0,0,8,8,8,15.1625,0,13.9,-0.3,0.79,2,1.0,1.0,1.0,0.0,1.0910714285714285,14.616964285714285,15,1.0,1,0,0,0.0,1.0,14.616964285714285,8.0,1.0,1
1,17,1,9254,1,1,122.0,1,37,37,5,6,114.3,0,0,0,0,0,0,20,0,0,6,0,0,0.0,0,0,6,0,0,0.0,0,15.5,2.8,-4.06,0,0.0,0.0,0.0,0.0,0.0,0.0,0,0.0,0,0,2,3.0,0.0,0.0,0.0,1.0,1
1,44,1,171,1,39,110.0,1,37,37,5,6,108.3,0,0,0,0,0,0,26,0,4,9,9,4,11.25,0,3,10,12,3,11.0,0,12.4,0.5,1.79,0,0.4444444444444444,0.3,0.13333333333333333,-0.14444444444444443,-0.25,11.125,7,0.3684210526315789,1,0,2,2.7,0.3684210526315789,4.098684210526316,3.0,0.8555555555555556,1
1,1,3,9070,1,1,136.0,1,37,38,9,9,125.2,1,0,0,1,0,1,18,0,0,6,6,6,14.0,0,0,6,8,6,13.625,0,10.8,1.4,1.74,2,1.0,1.0,1.0,0.0,-0.375,13.8125,12,1.0,0,0,0,0.0,1.0,13.8125,6.0,1.0,1
1,17,4,9500,1,1,141.0,1,38,37,3,3,126.3,1,0,0,1,0,0,18,0,0,8,8,7,13.297142857142855,0,0,8,8,7,13.297142857142855,0,10.8,1.4,1.74,2,0.875,0.875,0.765625,0.0,0.0,13.297142857142855,14,0.875,0,0,1,1.125,0.875,11.634999999999998,7.0,1.0,1
1,1,1,9085,1,1,149.0,1,19,19,4,6,147.6,1,0,0,1,0,0,20,0,0,6,14,6,13.923076923076923,0,0,6,9,6,14.25,0,15.5,2.8,-4.06,2,1.0,1.0,1.0,0.0,0.32692307692307665,14.086538461538462,12,1.0,0,0,1,1.0,1.0,14.086538461538462,6.0,1.0,1
1,1,6,9500,1,1,130.0,1,38,19,5,6,125.1,1,0,0,1,0,0,18,0,0,7,11,7,13.37,0,0,8,13,7,12.833333333333334,0,15.5,2.8,-4.06,2,1.0,0.875,0.875,-0.125,-0.5366666666666653,13.101666666666667,14,0.9333333333333333,1,0,1,1.125,0.9333333333333333,12.228222222222222,7.0,0.875,1
1,17,6,9147,1,1,121.0,1,19,38,7,9,123.8,0,0,0,1,0,1,19,0,0,5,5,5,12.4,0,0,5,8,3,11.0,0,12.7,3.7,-1.7,1,1.0,0.6,0.6,-0.4,-1.4000000000000004,11.7,8,0.8,0,0,0,0.4,0.8,9.36,3.0,0.6,1
1,1,1,9853,1,1,152.0,1,19,19,9,5,154.1,0,0,1,1,0,1,18,0,0,6,6,6,13.333333333333334,0,0,6,7,6,12.571428571428571,0,12.7,3.7,-1.7,2,1.0,1.0,1.0,0.0,-0.7619047619047628,12.952380952380953,12,1.0,0,0,1,1.0,1.0,12.952380952380953,6.0,1.0,1
1,16,2,9147,1,1,132.0,1,37,37,9,9,122.6,1,0,0,1,0,1,20,0,0,5,8,3,12.0,0,0,5,9,4,12.625,0,10.8,1.4,1.74,1,0.6,0.8,0.48,0.20000000000000007,0.625,12.3125,7,0.7,0,0,0,0.19999999999999996,0.7,8.618749999999999,4.0,0.7999999999999999,1
1,1,2,8014,0,1,107.0,1,19,11,0,0,103.5,1,0,0,1,0,0,22,0,0,6,7,5,13.4,0,0,6,9,5,12.2,0,7.6,2.6,0.32,2,0.8333333333333334,0.8333333333333334,0.6944444444444445,0.0,-1.200000000000001,12.8,10,0.8333333333333334,0,0,1,1.1666666666666665,0.8333333333333334,10.666666666666668,5.0,1.0,1
1,51,1,9991,0,1,141.0,1,19,38,5,7,100.0,0,0,0,1,0,0,21,0,1,5,9,4,11.5,0,1,5,5,5,11.4,0,8.9,1.4,3.51,2,0.8,1.0,0.8,0.19999999999999996,-0.09999999999999964,11.45,9,0.9,0,0,1,1.0,0.9,10.305,5.0,0.8,1
1,1,1,9500,1,1,148.0,1,19,19,4,4,133.8,0,0,0,1,0,0,18,0,0,8,8,7,13.485714285714284,0,0,8,8,7,13.485714285714284,0,12.7,3.7,-1.7,2,0.875,0.875,0.765625,0.0,0.0,13.485714285714284,14,0.875,0,0,1,1.125,0.875,11.799999999999999,7.0,1.0,1
1,1,1,9070,1,1,130.0,1,12,19,4,5,118.5,0,1,0,1,0,1,18,0,0,6,6,6,12.0,0,0,6,8,6,11.285714285714286,0,8.9,1.4,3.51,2,1.0,1.0,1.0,0.0,-0.7142857142857135,11.642857142857142,12,1.0,0,0,0,0.0,1.0,11.642857142857142,6.0,1.0,1
1,17,1,171,1,1,145.0,1,37,37,9,1,150.3,1,0,0,1,0,0,19,0,0,0,0,0,0.0,0,0,0,0,0,0.0,0,15.5,2.8,-4.06,0,0.0,0.0,0.0,0.0,0.0,0.0,0,0.0,0,1,1,3.0,0.0,0.0,0.0,1.0,0
1,17,3,9147,1,1,112.0,1,1,19,3,5,107.8,1,0,0,1,0,0,19,0,0,5,7,3,10.333333333333334,0,0,5,11,3,14.428571428571429,0,10.8,1.4,1.74,1,0.6,0.6,0.36,0.0,4.095238095238095,12.380952380952381,6,0.6,0,0,1,1.4,0.6,7.428571428571429,3.0,1.0,1
1,1,3,9500,1,1,135.0,1,1,37,7,7,120.5,1,0,0,1,0,0,19,0,0,8,11,7,13.258571428571427,0,0,8,11,7,13.258571428571427,0,10.8,1.4,1.74,2,0.875,0.875,0.765625,0.0,0.0,13.258571428571427,14,0.875,0,0,1,1.125,0.875,11.601249999999999,7.0,1.0,1
1,1,1,9147,1,1,118.0,1,1,2,10,10,117.3,1,0,0,1,0,0,19,0,0,5,9,4,12.25,0,0,5,10,4,12.0,0,8.9,1.4,3.51,1,0.8,0.8,0.6400000000000001,0.0,-0.25,12.125,8,0.8,0,0,1,1.2,0.8,9.700000000000001,4.0,1.0,1
1,17,1,9254,1,1,123.0,1,38,37,9,7,120.6,1,0,0,0,0,0,19,0,0,6,9,3,11.666666666666666,0,0,6,15,1,10.0,0,10.8,1.4,1.74,0,0.5,0.16666666666666666,0.08333333333333333,-0.33333333333333337,-1.666666666666666,10.833333333333332,4,0.3333333333333333,0,0,2,2.8333333333333335,0.3333333333333333,3.6111111111111107,1.0,0.6666666666666666,1
1,16,4,9254,1,1,126.0,1,38,37,9,7,118.7,1,0,0,1,0,1,21,0,0,6,7,6,13.571428571428571,0,0,6,6,6,12.5,0,8.9,1.4,3.51,2,1.0,1.0,1.0,0.0,-1.0714285714285712,13.035714285714285,12,1.0,0,0,0,0.0,1.0,13.035714285714285,6.0,1.0,1
1,1,2,9773,1,1,150.0,41,1,37,9,7,130.8,0,0,0,1,0,1,20,1,0,6,9,5,11.8,0,0,6,9,5,11.833333333333334,0,15.5,2.8,-4.06,2,0.8333333333333334,0.8333333333333334,0.6944444444444445,0.0,0.033333333333333215,11.816666666666666,10,0.8333333333333334,0,0,0,0.16666666666666663,0.8333333333333334,9.847222222222223,5.0,1.0,1
1,1,1,9147,1,1,121.0,1,19,19,3,9,112.6,1,0,0,1,0,1,20,0,0,5,7,5,14.2,0,0,5,7,5,13.285714285714286,0,11.1,0.6,2.02,2,1.0,1.0,1.0,0.0,-0.9142857142857128,13.742857142857144,10,1.0,0,0,0,0.0,1.0,13.742857142857144,5.0,1.0,1
1,39,1,9991,0,19,133.1,1,37,37,9,9,117.2,0,0,0,1,0,0,41,0,0,5,8,5,11.0,0,0,5,6,5,11.8,1,7.6,2.6,0.32,2,1.0,1.0,1.0,0.0,0.8000000000000007,11.4,10,1.0,0,0,1,1.0,1.0,11.4,5.0,1.0,1
4,7,1,9500,1,40,130.0,1,37,37,3,3,130.0,1,0,0,1,0,0,32,0,0,7,16,4,13.625,0,0,7,8,7,12.6375,0,12.4,0.5,1.79,1,0.5714285714285714,1.0,0.5714285714285714,0.4285714285714286,-0.9875000000000007,13.13125,11,0.7857142857142857,0,0,1,1.0,0.7857142857142857,10.317410714285714,7.0,0.5714285714285714,1
1,17,3,9500,1,1,139.0,1,38,1,9,5,131.8,1,0,0,1,0,0,18,0,0,8,8,7,14.652857142857142,0,0,8,8,7,14.652857142857142,0,10.8,1.4,1.74,2,0.875,0.875,0.765625,0.0,0.0,14.652857142857142,14,0.875,0,0,1,1.125,0.875,12.82125,7.0,1.0,1
4,39,1,8014,0,1,160.0,1,37,37,3,4,97.0,0,0,0,1,0,1,35,0,0,6,9,6,11.333333333333334,0,0,6,6,6,11.333333333333334,0,15.5,2.8,-4.06,2,1.0,1.0,1.0,0.0,0.0,11.333333333333334,12,1.0,0,0,0,0.0,1.0,11.333333333333334,6.0,1.0,1
1,39,1,9500,1,1,110.0,1,37,37,9,9,130.0,0,0,1,0,0,0,32,0,0,7,12,4,13.7,0,0,7,7,0,0.0,0,16.2,0.3,-0.92,0,0.5714285714285714,0.0,0.0,-0.5714285714285714,-13.7,6.85,4,0.2857142857142857,0,0,3,4.0,0.2857142857142857,1.9571428571428569,0.0,0.4285714285714286,1
1,39,1,8014,0,40,140.0,1,19,37,5,9,148.0,0,0,0,1,0,0,37,0,7,11,11,11,13.727272727272728,0,4,8,8,8,14.75,0,12.4,0.5,1.79,2,1.0,1.0,1.0,0.0,1.0227272727272716,14.238636363636363,19,1.0,-3,0,1,1.0,1.0,14.238636363636363,8.0,1.0,1
1,43,2,9773,1,1,132.0,1,19,19,0,0,127.1,0,0,0,1,1,0,23,0,0,6,9,6,12.333333333333334,0,0,6,11,5,13.0,0,7.6,2.6,0.32,2,1.0,0.8333333333333334,0.8333333333333334,-0.16666666666666663,0.6666666666666661,12.666666666666668,11,0.9166666666666666,0,0,1,1.1666666666666665,0.9166666666666666,11.611111111111112,5.0,0.8333333333333334,1
1,1,1,9670,1,1,135.0,1,19,37,5,7,121.4,0,0,0,1,1,0,21,0,0,5,7,4,11.5,0,0,5,6,4,11.75,0,9.4,-0.8,-3.12,2,0.8,0.8,0.6400000000000001,0.0,0.25,11.625,8,0.8,0,0,1,1.2,0.8,9.3,4.0,1.0,1
1,1,1,9147,1,1,117.0,1,38,19,5,7,118.1,0,0,0,1,1,0,19,0,0,5,6,5,11.2,0,0,5,5,5,13.2,0,12.4,0.5,1.79,2,1.0,1.0,1.0,0.0,2.0,12.2,10,1.0,0,0,1,1.0,1.0,12.2,5.0,1.0,1
1,17,4,9500,1,1,137.0,1,1,19,4,3,121.3,1,0,0,1,1,1,18,0,0,8,8,7,15.07,0,0,8,8,7,15.07,0,10.8,1.4,1.74,2,0.875,0.875,0.765625,0.0,0.0,15.07,14,0.875,0,0,0,0.125,0.875,13.186250000000001,7.0,1.0,1
1,42,1,9119,1,1,144.0,1,34,34,0,0,119.5,0,0,0,1,1,0,18,0,0,5,6,1,10.0,0,0,5,7,1,12.0,0,10.8,1.4,1.74,0,0.2,0.2,0.04000000000000001,0.0,2.0,11.0,2,0.2,0,0,1,1.8,0.2,2.2,1.0,1.0,1
1,17,4,9254,1,1,130.0,1,19,1,5,5,130.0,1,0,0,1,1,0,18,0,0,6,7,4,11.0,0,0,6,7,3,11.25,0,16.2,0.3,-0.92,0,0.6666666666666666,0.5,0.3333333333333333,-0.16666666666666663,0.25,11.125,7,0.5833333333333334,0,0,1,1.5,0.5833333333333334,6.489583333333334,3.0,0.8333333333333334,1
1,16,2,9238,1,1,130.0,1,37,37,5,6,126.9,1,0,0,1,0,0,18,0,0,6,8,6,13.571428571428571,0,0,6,11,5,12.166666666666666,0,9.4,-0.8,-3.12,2,1.0,0.8333333333333334,0.8333333333333334,-0.16666666666666663,-1.404761904761905,12.869047619047619,11,0.9166666666666666,0,0,1,1.1666666666666665,0.9166666666666666,11.796626984126982,5.0,0.8333333333333334,1
1,1,2,9070,1,1,152.0,101,2,1,9,1,168.5,1,0,0,1,1,0,21,1,0,6,7,5,14.6,0,0,6,6,5,14.2,0,16.2,0.3,-0.92,2,0.8333333333333334,0.8333333333333334,0.6944444444444445,0.0,-0.40000000000000036,14.399999999999999,10,0.8333333333333334,0,0,1,1.1666666666666665,0.8333333333333334,12.0,5.0,1.0,1
4,39,1,9500,1,1,133.1,1,37,37,9,9,130.0,0,0,1,1,0,0,38,0,0,7,13,3,11.833333333333334,0,0,7,14,2,10.0,0,16.2,0.3,-0.92,0,0.42857142857142855,0.2857142857142857,0.12244897959183672,-0.14285714285714285,-1.833333333333334,10.916666666666668,5,0.35714285714285715,0,0,2,2.7142857142857144,0.35714285714285715,3.898809523809524,2.0,0.8571428571428572,1
1,18,1,9556,1,1,140.0,1,38,37,9,9,122.8,0,0,0,1,0,1,19,0,0,7,11,7,12.625,0,0,8,11,8,12.5125,0,12.7,3.7,-1.7,2,1.0,1.0,1.0,0.0,-0.11250000000000071,12.56875,15,1.0,1,0,0,0.0,1.0,12.56875,8.0,1.0,1
6,39,1,9500,1,1,133.1,1,37,37,9,9,110.0,0,0,0,1,0,0,36,0,0,7,12,4,11.5,0,0,7,14,3,12.333333333333334,0,16.2,0.3,-0.92,0,0.5714285714285714,0.42857142857142855,0.24489795918367344,-0.14285714285714285,0.8333333333333339,11.916666666666668,7,0.5,0,0,1,1.5714285714285714,0.5,5.958333333333334,3.0,0.8571428571428572,1
1,16,1,9085,1,1,140.0,1,1,1,9,9,127.1,1,0,0,1,0,0,18,0,0,5,8,4,13.25,1,0,5,10,4,10.5,0,12.7,3.7,-1.7,2,0.8,0.8,0.6400000000000001,0.0,-2.75,11.875,8,0.8,0,0,1,1.2,0.8,9.5,4.0,1.0,1
1,1,3,9500,1,1,133.1,1,19,19,5,5,108.5,1,0,0,1,0,0,19,0,0,7,9,7,12.60625,0,0,8,12,6,11.9,0,12.4,0.5,1.79,2,1.0,0.75,0.75,-0.25,-0.7062499999999989,12.253125,13,0.8666666666666667,1,0,1,1.25,0.8666666666666667,10.619375000000002,6.0,0.75,1
1,1,1,9238,1,1,135.0,1,19,19,9,9,124.5,0,0,0,1,0,1,18,0,0,6,11,5,11.142857142857142,0,0,6,8,6,12.285714285714286,0,16.2,0.3,-0.92,2,0.8333333333333334,1.0,0.8333333333333334,0.16666666666666663,1.1428571428571441,11.714285714285715,11,0.9166666666666666,0,0,0,0.0,0.9166666666666666,10.738095238095239,6.0,0.8333333333333334,1
1,17,1,9147,1,1,140.0,1,37,37,9,7,132.3,1,0,0,1,0,0,20,0,0,5,9,1,10.0,0,0,5,10,1,11.0,0,7.6,2.6,0.32,0,0.2,0.2,0.04000000000000001,0.0,1.0,10.5,2,0.2,0,0,1,1.8,0.2,2.1,1.0,1.0,1
1,1,1,9670,1,1,141.0,1,1,19,4,4,132.6,0,0,0,1,0,1,18,0,0,6,8,6,14.0,0,0,6,7,6,13.142857142857142,0,11.1,0.6,2.02,2,1.0,1.0,1.0,0.0,-0.8571428571428577,13.571428571428571,12,1.0,0,0,0,0.0,1.0,13.571428571428571,6.0,1.0,1
1,7,2,9130,1,3,140.0,1,34,34,0,0,140.0,0,0,0,1,0,0,25,0,0,5,9,0,0.0,4,0,5,9,0,0.0,3,10.8,1.4,1.74,0,0.0,0.0,0.0,0.0,0.0,0.0,0,0.0,0,0,1,2.0,0.0,0.0,0.0,1.0,1
1,1,6,9500,1,1,139.0,1,1,1,4,4,124.5,1,0,0,1,0,0,19,0,0,8,9,7,12.04142857142857,0,0,8,9,7,12.04142857142857,0,10.8,1.4,1.74,2,0.875,0.875,0.765625,0.0,0.0,12.04142857142857,14,0.875,0,0,1,1.125,0.875,10.536249999999999,7.0,1.0,1
1,1,1,171,1,1,142.0,1,19,19,7,7,142.0,1,0,0,1,0,1,18,0,0,0,0,0,0.0,0,0,0,0,0,0.0,0,13.9,-0.3,0.79,2,0.0,0.0,0.0,0.0,0.0,0.0,0,0.0,0,1,0,2.0,0.0,0.0,0.0,1.0,0
1,7,1,9254,1,40,130.0,1,1,1,3,6,130.0,0,0,0,1,0,0,39,0,12,13,14,13,13.76923076923077,0,9,12,16,12,14.583333333333334,0,13.9,-0.3,0.79,2,1.0,1.0,1.0,0.0,0.8141025641025639,14.176282051282051,25,1.0,-1,0,1,1.0,1.0,14.176282051282051,12.0,1.0,1
2,39,1,9003,1,1,130.0,1,38,37,9,9,144.0,0,0,0,1,0,0,29,0,13,18,20,18,15.444444444444445,0,11,13,13,13,15.307692307692308,0,15.5,2.8,-4.06,2,1.0,1.0,1.0,0.0,-0.13675213675213627,15.376068376068377,31,1.0,-5,0,1,1.0,1.0,15.376068376068377,13.0,1.0,1
1,7,1,9070,1,3,140.0,1,37,2,9,3,140.0,0,0,0,0,0,0,23,0,0,3,3,2,10.0,0,0,6,0,0,0.0,0,10.8,1.4,1.74,0,0.6666666666666666,0.0,0.0,-0.6666666666666666,-10.0,5.0,2,0.2222222222222222,3,0,2,3.0,0.2222222222222222,1.1111111111111112,0.0,0.33333333333333337,1
1,42,1,9853,1,1,120.0,1,1,37,5,5,113.9,1,0,0,1,0,0,21,0,0,6,8,4,12.25,0,0,6,13,3,10.333333333333334,0,12.7,3.7,-1.7,0,0.6666666666666666,0.5,0.3333333333333333,-0.16666666666666663,-1.916666666666666,11.291666666666668,7,0.5833333333333334,0,0,1,1.5,0.5833333333333334,6.586805555555556,3.0,0.8333333333333334,1
1,1,1,9238,1,1,147.0,1,1,19,4,4,137.2,0,0,0,0,0,0,18,0,0,6,6,6,14.5,0,0,6,6,6,15.166666666666666,0,10.8,1.4,1.74,2,1.0,1.0,1.0,0.0,0.6666666666666661,14.833333333333332,12,1.0,0,0,2,2.0,1.0,14.833333333333332,6.0,1.0,1
1,7,1,9085,1,40,140.0,1,1,19,5,5,140.0,1,0,0,1,0,0,23,0,0,6,7,6,15.571428571428571,0,0,6,8,6,16.375,0,12.4,0.5,1.79,2,1.0,1.0,1.0,0.0,0.8035714285714288,15.973214285714285,12,1.0,0,0,1,1.0,1.0,15.973214285714285,6.0,1.0,1
1,1,1,9130,1,1,161.0,1,1,19,4,4,152.3,0,0,0,1,0,0,18,0,0,6,7,6,15.571428571428571,0,0,6,7,6,14.714285714285714,0,11.1,0.6,2.02,2,1.0,1.0,1.0,0.0,-0.8571428571428577,15.142857142857142,12,1.0,0,0,1,1.0,1.0,15.142857142857142,6.0,1.0,1
2,39,1,8014,0,19,133.1,1,37,37,4,8,112.5,0,0,0,1,0,0,32,0,0,6,8,5,13.8,0,0,6,7,6,12.166666666666666,0,9.4,-0.8,-3.12,2,0.8333333333333334,1.0,0.8333333333333334,0.16666666666666663,-1.6333333333333346,12.983333333333334,11,0.9166666666666666,0,0,1,1.0,0.9166666666666666,11.901388888888889,6.0,0.8333333333333334,1
2,39,2,9147,1,1,150.0,1,19,37,9,7,101.0,0,0,1,0,0,0,29,0,0,5,8,3,10.666666666666666,0,0,5,14,2,14.8,0,10.8,1.4,1.74,0,0.6,0.4,0.24,-0.19999999999999996,4.133333333333335,12.733333333333334,5,0.5,0,0,3,3.6,0.5,6.366666666666667,2.0,0.8,1
1,1,6,9238,1,1,113.0,1,1,38,194,163,112.3,1,0,1,1,0,1,20,0,0,6,8,5,11.6,0,0,6,8,4,11.75,0,8.9,1.4,3.51,2,0.8333333333333334,0.6666666666666666,0.5555555555555556,-0.16666666666666674,0.15000000000000036,11.675,9,0.75,0,0,1,1.3333333333333335,0.75,8.756250000000001,4.0,0.8333333333333333,1
1,39,1,9238,1,1,140.0,1,34,34,0,0,114.0,1,0,0,0,0,0,28,0,0,6,11,1,13.0,0,0,6,12,0,0.0,0,9.4,-0.8,-3.12,0,0.16666666666666666,0.0,0.0,-0.16666666666666666,-13.0,6.5,1,0.08333333333333333,0,0,2,3.0,0.08333333333333333,0.5416666666666666,0.0,0.8333333333333334,1
1,7,1,9147,1,3,130.0,1,38,38,1,9,130.0,0,0,0,1,0,0,27,0,0,5,9,3,12.0,0,0,5,11,4,13.625,0,10.8,1.4,1.74,2,0.6,0.8,0.48,0.20000000000000007,1.625,12.8125,7,0.7,0,0,1,1.2,0.7,8.96875,4.0,0.7999999999999999,1
1,43,2,9500,1,1,120.0,1,37,34,90,0,121.5,0,0,1,1,0,0,22,0,11,14,14,12,12.333333333333334,2,11,14,14,12,12.333333333333334,2,7.6,2.6,0.32,2,0.8571428571428571,0.8571428571428571,0.7346938775510203,0.0,0.0,12.333333333333334,24,0.8571428571428571,0,0,2,2.142857142857143,0.8571428571428571,10.571428571428571,12.0,1.0,1
1,7,1,8014,0,3,130.0,1,37,38,0,5,130.0,0,0,0,0,0,0,28,0,0,6,12,1,11.0,0,0,6,0,0,0.0,0,12.7,3.7,-1.7,0,0.16666666666666666,0.0,0.0,-0.16666666666666666,-11.0,5.5,1,0.08333333333333333,0,0,2,3.0,0.08333333333333333,0.4583333333333333,0.0,0.8333333333333334,1
2,39,1,9003,1,1,120.0,1,37,37,9,9,125.7,0,0,1,0,0,0,43,0,0,6,10,4,12.25,0,0,6,13,4,10.5,0,8.9,1.4,3.51,0,0.6666666666666666,0.6666666666666666,0.4444444444444444,0.0,-1.75,11.375,8,0.6666666666666666,0,0,3,3.3333333333333335,0.6666666666666666,7.583333333333333,4.0,1.0,1
1,43,1,9556,1,1,140.0,1,37,37,9,9,128.0,1,0,0,0,0,0,32,0,0,7,7,0,0.0,7,0,8,8,0,0.0,7,10.8,1.4,1.74,0,0.0,0.0,0.0,0.0,0.0,0.0,0,0.0,1,0,2,3.0,0.0,0.0,0.0,1.0,1
4,39,1,9500,1,19,133.1,1,38,1,9,4,120.0,0,0,0,1,0,1,35,0,0,8,9,8,13.63,1,0,8,9,8,13.63,1,9.4,-0.8,-3.12,2,1.0,1.0,1.0,0.0,0.0,13.63,16,1.0,0,0,0,0.0,1.0,13.63,8.0,1.0,1
1,1,1,9670,1,1,130.0,1,37,37,0,0,117.8,1,0,0,1,0,0,21,0,0,5,8,3,13.0,0,0,5,7,4,11.5,1,7.6,2.6,0.32,2,0.6,0.8,0.48,0.20000000000000007,-1.5,12.25,7,0.7,0,0,1,1.2,0.7,8.575,4.0,0.7999999999999999,1
1,1,1,9500,1,1,176.0,1,3,38,3,7,169.7,0,0,0,1,0,1,18,0,0,7,7,7,16.9,0,0,8,9,8,16.37777777777778,0,16.2,0.3,-0.92,2,1.0,1.0,1.0,0.0,-0.5222222222222186,16.63888888888889,15,1.0,1,0,0,0.0,1.0,16.63888888888889,8.0,1.0,1
1,17,4,9238,1,1,124.0,1,19,19,5,8,117.7,1,0,0,1,0,0,18,0,0,6,10,5,12.0,0,0,6,11,4,12.0,0,16.2,0.3,-0.92,2,0.8333333333333334,0.6666666666666666,0.5555555555555556,-0.16666666666666674,0.0,12.0,9,0.75,0,0,1,1.3333333333333335,0.75,9.0,4.0,0.8333333333333333,1
1,44,1,8014,0,39,120.0,1,19,37,7,6,121.8,1,0,0,1,0,0,22,0,3,6,6,6,12.5,0,2,6,7,6,13.285714285714286,0,12.4,0.5,1.79,2,1.0,1.0,1.0,0.0,0.7857142857142865,12.892857142857142,12,1.0,0,0,1,1.0,1.0,12.892857142857142,6.0,1.0,1
1,1,2,9500,1,1,140.0,1,1,1,4,10,128.3,1,0,0,1,0,0,19,0,0,8,8,7,12.764285714285714,0,0,8,8,7,12.764285714285714,0,10.8,1.4,1.74,2,0.875,0.875,0.765625,0.0,0.0,12.764285714285714,14,0.875,0,0,1,1.125,0.875,11.16875,7.0,1.0,1
1,18,2,9147,1,1,143.0,1,19,38,9,7,132.2,1,0,0,1,0,1,18,0,0,5,8,5,13.75,0,0,5,6,5,12.166666666666666,0,13.9,-0.3,0.79,2,1.0,1.0,1.0,0.0,-1.583333333333334,12.958333333333332,10,1.0,0,0,0,0.0,1.0,12.958333333333332,5.0,1.0,1
1,1,2,171,1,1,136.0,1,39,1,3,4,134.3,1,0,1,1,0,0,19,0,0,0,0,0,0.0,0,0,0,0,0,0.0,0,12.4,0.5,1.79,0,0.0,0.0,0.0,0.0,0.0,0.0,0,0.0,0,1,2,4.0,0.0,0.0,0.0,1.0,0
1,1,1,9500,1,1,132.0,1,19,1,9,5,123.4,0,0,0,1,0,1,18,0,0,7,7,7,14.604285714285712,0,0,8,9,8,15.68333333333333,0,11.1,0.6,2.02,2,1.0,1.0,1.0,0.0,1.0790476190476177,15.143809523809521,15,1.0,1,0,0,0.0,1.0,15.143809523809521,8.0,1.0,1
2,39,1,9991,0,19,133.1,1,19,39,5,3,121.7,0,0,1,0,0,0,31,0,0,5,7,0,0.0,0,0,5,7,0,0.0,0,16.2,0.3,-0.92,0,0.0,0.0,0.0,0.0,0.0,0.0,0,0.0,0,0,3,4.0,0.0,0.0,0.0,1.0,1
2,39,1,8014,0,19,100.0,1,1,19,1,5,130.0,0,0,1,1,0,1,33,0,0,6,9,5,13.833333333333334,0,0,6,7,6,12.5,0,9.4,-0.8,-3.12,2,0.8333333333333334,1.0,0.8333333333333334,0.16666666666666663,-1.333333333333334,13.166666666666668,11,0.9166666666666666,0,0,1,1.0,0.9166666666666666,12.069444444444445,6.0,0.8333333333333334,1
1,1,3,9500,1,1,137.0,1,19,38,7,7,126.5,1,0,0,1,0,1,19,0,0,8,8,8,13.57625,0,0,8,8,8,13.57625,0,9.4,-0.8,-3.12,2,1.0,1.0,1.0,0.0,0.0,13.57625,16,1.0,0,0,0,0.0,1.0,13.57625,8.0,1.0,1
1,17,1,9238,1,1,153.0,1,38,38,7,7,159.7,1,0,0,1,0,1,18,0,0,6,7,6,15.142857142857142,0,0,6,6,6,15.833333333333334,0,12.7,3.7,-1.7,2,1.0,1.0,1.0,0.0,0.6904761904761916,15.488095238095237,12,1.0,0,0,0,0.0,1.0,15.488095238095237,6.0,1.0,1
1,1,1,9147,1,1,160.0,1,9,19,4,3,151.3,0,0,0,1,0,0,23,0,0,5,8,3,10.666666666666666,0,0,5,8,5,11.6,0,7.6,2.6,0.32,2,0.6,1.0,0.6,0.4,0.9333333333333336,11.133333333333333,8,0.8,0,0,1,1.0,0.8,8.906666666666666,5.0,0.6,1
1,17,1,9238,1,1,145.0,1,38,38,5,7,138.0,1,0,0,1,0,0,20,0,0,6,11,5,11.2,0,0,6,6,6,12.0,0,9.4,-0.8,-3.12,2,0.8333333333333334,1.0,0.8333333333333334,0.16666666666666663,0.8000000000000007,11.6,11,0.9166666666666666,0,0,1,1.0,0.9166666666666666,10.633333333333333,6.0,0.8333333333333334,1
1,1,5,9500,1,1,137.0,1,38,38,4,8,126.5,1,0,0,1,0,0,18,0,0,8,8,8,13.76375,0,0,8,8,8,13.76375,0,9.4,-0.8,-3.12,2,1.0,1.0,1.0,0.0,0.0,13.76375,16,1.0,0,0,1,1.0,1.0,13.76375,8.0,1.0,1
1,53,1,9085,1,42,140.0,1,1,1,4,3,140.0,1,0,1,1,0,0,21,0,7,9,10,8,13.25,0,4,9,14,5,12.2,0,8.9,1.4,3.51,1,0.8888888888888888,0.5555555555555556,0.49382716049382713,-0.33333333333333326,-1.0500000000000007,12.725,13,0.7222222222222222,0,0,2,2.4444444444444446,0.7222222222222222,9.190277777777778,5.0,0.6666666666666667,1
1,1,1,9238,1,1,120.0,1,19,38,5,6,112.3,0,0,0,1,0,1,22,0,0,6,10,5,10.714285714285714,0,0,6,10,5,12.2,0,12.7,3.7,-1.7,2,0.8333333333333334,0.8333333333333334,0.6944444444444445,0.0,1.4857142857142858,11.457142857142856,10,0.8333333333333334,0,0,0,0.16666666666666663,0.8333333333333334,9.547619047619047,5.0,1.0,1
1,1,1,9238,1,1,122.0,1,1,19,4,4,127.3,1,0,1,1,0,0,20,0,0,6,6,6,12.166666666666666,0,0,6,7,6,11.666666666666666,0,9.4,-0.8,-3.12,2,1.0,1.0,1.0,0.0,-0.5,11.916666666666666,12,1.0,0,0,2,2.0,1.0,11.916666666666666,6.0,1.0,1
1,7,1,9500,1,3,130.0,1,19,38,4,10,130.0,1,0,0,1,0,0,23,0,1,7,8,6,14.357142857142858,0,1,7,8,6,14.357142857142858,0,7.6,2.6,0.32,2,0.8571428571428571,0.8571428571428571,0.7346938775510203,0.0,0.0,14.357142857142858,12,0.8571428571428571,0,0,1,1.1428571428571428,0.8571428571428571,12.306122448979592,6.0,1.0,1
1,17,2,9773,1,1,133.1,1,3,1,4,5,115.0,1,0,0,1,0,0,19,0,0,6,6,6,12.833333333333334,0,0,6,6,6,12.666666666666666,0,16.2,0.3,-0.92,2,1.0,1.0,1.0,0.0,-0.16666666666666785,12.75,12,1.0,0,0,1,1.0,1.0,12.75,6.0,1.0,1
1,17,6,9500,1,1,150.0,1,1,37,1,1,131.5,1,0,0,1,0,0,19,0,0,8,8,7,13.925714285714283,0,0,8,8,7,13.925714285714283,0,10.8,1.4,1.74,2,0.875,0.875,0.765625,0.0,0.0,13.925714285714283,14,0.875,0,0,1,1.125,0.875,12.184999999999999,7.0,1.0,1
1,1,6,9500,1,1,141.0,1,1,37,4,3,126.8,1,0,0,1,0,0,18,0,0,7,7,7,13.44285714285714,0,0,8,9,8,13.744444444444444,0,16.2,0.3,-0.92,2,1.0,1.0,1.0,0.0,0.30158730158730407,13.593650793650792,15,1.0,1,0,1,1.0,1.0,13.593650793650792,8.0,1.0,1
1,18,1,9119,1,1,146.0,1,1,37,7,7,132.4,1,0,0,1,1,0,18,0,0,5,5,1,16.0,0,0,5,5,0,0.0,0,9.4,-0.8,-3.12,0,0.2,0.0,0.0,-0.2,-16.0,8.0,1,0.1,0,0,1,2.0,0.1,0.8,0.0,0.8,1
1,44,1,9003,1,39,150.0,1,38,37,9,9,150.0,1,0,0,1,1,0,20,0,0,6,8,6,13.125,0,0,6,10,6,13.2,0,16.2,0.3,-0.92,2,1.0,1.0,1.0,0.0,0.07499999999999929,13.1625,12,1.0,0,0,1,1.0,1.0,13.1625,6.0,1.0,1
1,1,1,9670,1,1,133.1,1,3,1,4,4,95.0,0,0,0,1,1,0,19,0,0,6,7,0,0.0,0,0,6,6,0,0.0,0,15.5,2.8,-4.06,0,0.0,0.0,0.0,0.0,0.0,0.0,0,0.0,0,0,1,2.0,0.0,0.0,0.0,1.0,1
1,43,1,9991,0,1,120.0,1,37,37,9,9,128.2,0,0,0,0,1,0,32,0,5,9,9,5,11.4,0,4,4,4,4,11.0,0,10.8,1.4,1.74,0,0.5555555555555556,1.0,0.5555555555555556,0.4444444444444444,-0.40000000000000036,11.2,9,0.6923076923076923,-5,0,2,2.0,0.6923076923076923,7.753846153846153,4.0,0.5555555555555556,1
2,39,1,9130,1,1,150.0,1,19,19,4,4,130.0,0,0,0,0,1,0,31,0,0,4,12,2,11.0,2,0,5,9,3,11.666666666666666,0,9.4,-0.8,-3.12,0,0.5,0.6,0.3,0.09999999999999998,0.6666666666666661,11.333333333333332,5,0.5555555555555556,1,0,2,2.4,0.5555555555555556,6.296296296296296,3.0,0.9,1
1,42,1,9085,1,39,140.0,1,19,3,9,1,159.9,1,0,0,1,0,0,21,0,2,6,14,5,13.666666666666666,0,2,6,10,5,13.0,0,16.2,0.3,-0.92,2,0.8333333333333334,0.8333333333333334,0.6944444444444445,0.0,-0.6666666666666661,13.333333333333332,10,0.8333333333333334,0,0,1,1.1666666666666665,0.8333333333333334,11.11111111111111,5.0,1.0,1
2,43,1,9991,0,1,140.0,1,37,37,4,9,100.0,0,0,0,0,0,0,31,0,2,6,10,4,11.75,0,0,5,6,1,10.0,0,12.7,3.7,-1.7,0,0.6666666666666666,0.2,0.13333333333333333,-0.4666666666666666,-1.75,10.875,5,0.45454545454545453,-1,0,2,2.8,0.45454545454545453,4.943181818181818,1.0,0.5333333333333334,1
2,39,1,9853,1,1,133.1,1,37,37,5,5,116.5,0,0,0,1,0,0,34,0,0,7,11,1,10.0,0,0,7,7,1,13.0,0,16.2,0.3,-0.92,0,0.14285714285714285,0.14285714285714285,0.02040816326530612,0.0,3.0,11.5,2,0.14285714285714285,0,0,1,1.8571428571428572,0.14285714285714285,1.6428571428571428,1.0,1.0,1
1,1,1,9238,1,1,128.0,1,19,19,9,9,120.0,0,0,0,1,0,1,18,0,0,6,8,6,13.5,0,0,6,9,6,12.833333333333334,0,11.1,0.6,2.02,2,1.0,1.0,1.0,0.0,-0.6666666666666661,13.166666666666668,12,1.0,0,0,0,0.0,1.0,13.166666666666668,6.0,1.0,1
1,1,3,9238,1,1,117.0,1,19,19,9,9,117.0,1,0,1,1,0,0,19,0,0,6,0,0,0.0,0,0,6,0,0,0.0,0,12.4,0.5,1.79,0,0.0,0.0,0.0,0.0,0.0,0.0,0,0.0,0,0,2,3.0,0.0,0.0,0.0,1.0,1
1,53,1,9670,1,42,140.0,1,19,37,3,6,140.0,1,0,1,1,0,0,21,0,0,6,12,1,12.0,0,0,6,11,1,11.0,0,8.9,1.4,3.51,1,0.16666666666666666,0.16666666666666666,0.027777777777777776,0.0,-1.0,11.5,2,0.16666666666666666,0,0,2,2.8333333333333335,0.16666666666666666,1.9166666666666665,1.0,1.0,1
1,1,2,9853,1,1,124.0,1,38,37,5,3,118.1,1,0,0,0,0,0,18,0,0,6,11,3,13.0,0,0,6,10,5,11.8,0,9.4,-0.8,-3.12,0,0.5,0.8333333333333334,0.4166666666666667,0.33333333333333337,-1.1999999999999993,12.4,8,0.6666666666666666,0,0,2,2.1666666666666665,0.6666666666666666,8.266666666666666,5.0,0.6666666666666666,1
1,1,1,9254,1,1,158.0,1,19,39,4,8,153.5,1,0,0,1,0,0,20,0,0,6,7,6,14.833333333333334,0,0,6,6,6,16.0,0,11.1,0.6,2.02,2,1.0,1.0,1.0,0.0,1.166666666666666,15.416666666666668,12,1.0,0,0,1,1.0,1.0,15.416666666666668,6.0,1.0,1
1,43,1,9773,1,1,137.0,1,38,37,9,5,127.9,1,0,0,1,0,0,20,0,0,6,6,6,11.833333333333334,0,0,6,7,6,12.857142857142858,0,15.5,2.8,-4.06,2,1.0,1.0,1.0,0.0,1.0238095238095237,12.345238095238095,12,1.0,0,0,1,1.0,1.0,12.345238095238095,6.0,1.0,1
1,17,3,9670,1,1,123.0,1,38,38,7,8,118.8,1,1,0,1,0,1,18,0,0,6,10,5,12.0,0,0,6,11,5,12.333333333333334,0,11.1,0.6,2.02,2,0.8333333333333334,0.8333333333333334,0.6944444444444445,0.0,0.3333333333333339,12.166666666666668,10,0.8333333333333334,0,0,0,0.16666666666666663,0.8333333333333334,10.138888888888891,5.0,1.0,1
1,1,1,9238,1,1,126.0,1,38,38,7,8,126.7,1,0,0,1,0,0,19,0,0,6,11,4,12.75,0,0,6,7,6,11.333333333333334,0,7.6,2.6,0.32,2,0.6666666666666666,1.0,0.6666666666666666,0.33333333333333337,-1.416666666666666,12.041666666666668,10,0.8333333333333334,0,0,1,1.0,0.8333333333333334,10.034722222222223,6.0,0.6666666666666666,1
1,43,1,9085,1,1,170.0,1,19,19,5,1,170.0,1,0,0,1,0,0,19,0,0,5,5,0,0.0,5,0,5,7,4,14.75,1,12.7,3.7,-1.7,1,0.0,0.8,0.0,0.8,14.75,7.375,4,0.4,0,0,1,1.2,0.4,2.95,4.0,0.19999999999999996,1
4,39,1,9130,1,1,133.1,1,3,1,5,5,110.0,1,0,0,1,0,1,30,0,0,6,7,0,0.0,0,0,6,16,1,10.0,0,11.1,0.6,2.02,0,0.0,0.16666666666666666,0.0,0.16666666666666666,10.0,5.0,1,0.08333333333333333,0,0,0,0.8333333333333334,0.08333333333333333,0.41666666666666663,1.0,0.8333333333333334,1
1,17,1,9238,1,1,115.0,1,19,38,5,5,115.0,1,0,0,1,0,0,19,0,0,6,6,6,12.0,0,0,6,7,6,12.857142857142858,0,11.1,0.6,2.02,2,1.0,1.0,1.0,0.0,0.8571428571428577,12.428571428571429,12,1.0,0,0,1,1.0,1.0,12.428571428571429,6.0,1.0,1
1,1,3,9556,1,1,132.0,1,38,37,7,7,119.0,1,0,0,1,0,0,19,0,0,7,9,7,11.677777777777775,0,0,8,8,8,13.8,0,12.7,3.7,-1.7,2,1.0,1.0,1.0,0.0,2.1222222222222253,12.738888888888887,15,1.0,1,0,1,1.0,1.0,12.738888888888887,8.0,1.0,1
1,1,4,9500,1,1,132.0,1,1,37,4,7,121.8,1,0,0,1,0,1,19,0,0,8,8,7,13.6,0,0,8,8,7,13.6,0,12.7,3.7,-1.7,2,0.875,0.875,0.765625,0.0,0.0,13.6,14,0.875,0,0,0,0.125,0.875,11.9,7.0,1.0,1
1,1,1,9085,1,1,143.0,1,19,38,9,9,133.4,1,0,0,1,0,0,19,0,0,6,7,6,16.0,0,0,6,8,6,15.875,0,12.4,0.5,1.79,2,1.0,1.0,1.0,0.0,-0.125,15.9375,12,1.0,0,0,1,1.0,1.0,15.9375,6.0,1.0,1
1,1,3,9238,1,1,137.0,1,1,1,3,3,131.4,1,0,0,1,0,0,20,0,0,6,9,5,11.8,0,0,6,7,6,11.5,0,7.6,2.6,0.32,2,0.8333333333333334,1.0,0.8333333333333334,0.16666666666666663,-0.3000000000000007,11.65,11,0.9166666666666666,0,0,1,1.0,0.9166666666666666,10.679166666666667,6.0,0.8333333333333334,1
1,42,1,9119,1,1,130.0,1,19,37,9,3,135.0,0,0,1,1,1,0,25,0,0,5,5,0,0.0,0,2,6,7,2,14.0,0,13.9,-0.3,0.79,0,0.0,0.3333333333333333,0.0,0.3333333333333333,14.0,7.0,2,0.18181818181818182,1,0,2,2.666666666666667,0.18181818181818182,1.2727272727272727,2.0,0.6666666666666667,1
1,1,2,9773,1,1,121.0,1,19,19,9,9,122.8,0,0,0,1,1,0,19,0,0,6,0,0,0.0,0,0,6,0,0,0.0,0,12.4,0.5,1.79,0,0.0,0.0,0.0,0.0,0.0,0.0,0,0.0,0,0,1,2.0,0.0,0.0,0.0,1.0,1
2,39,1,9853,1,1,130.0,1,37,19,7,3,140.0,0,0,1,1,0,1,34,0,0,6,7,6,16.142857142857142,0,0,6,10,6,16.2,0,9.4,-0.8,-3.12,2,1.0,1.0,1.0,0.0,0.05714285714285694,16.17142857142857,12,1.0,0,0,1,1.0,1.0,16.17142857142857,6.0,1.0,1
1,18,2,9500,1,1,135.0,1,38,37,9,5,125.3,1,0,0,1,0,1,18,0,0,8,8,7,11.785714285714286,0,0,8,8,7,11.785714285714286,0,12.7,3.7,-1.7,2,0.875,0.875,0.765625,0.0,0.0,11.785714285714286,14,0.875,0,0,0,0.125,0.875,10.3125,7.0,1.0,1
1,1,6,9500,1,1,137.0,1,1,1,4,5,126.3,1,0,0,1,0,1,18,0,0,8,8,8,13.42375,0,0,8,8,8,13.42375,0,9.4,-0.8,-3.12,2,1.0,1.0,1.0,0.0,0.0,13.42375,16,1.0,0,0,0,0.0,1.0,13.42375,8.0,1.0,1
1,1,1,9670,1,1,100.0,1,38,38,9,10,100.0,0,0,0,1,0,0,20,0,0,6,8,6,12.5,0,0,6,10,5,14.166666666666666,0,11.1,0.6,2.02,2,1.0,0.8333333333333334,0.8333333333333334,-0.16666666666666663,1.666666666666666,13.333333333333332,11,0.9166666666666666,0,0,1,1.1666666666666665,0.9166666666666666,12.222222222222221,5.0,0.8333333333333334,1
1,17,2,9500,1,1,127.0,1,19,37,9,7,121.3,1,0,0,1,0,1,20,0,0,8,8,7,12.464285714285714,0,0,8,8,7,12.464285714285714,0,10.8,1.4,1.74,2,0.875,0.875,0.765625,0.0,0.0,12.464285714285714,14,0.875,0,0,0,0.125,0.875,10.90625,7.0,1.0,1
1,53,1,9991,0,1,140.0,1,38,38,191,193,135.0,0,0,1,1,0,0,23,0,6,11,18,8,12.375,0,3,9,15,5,12.6,0,8.9,1.4,3.51,1,0.7272727272727273,0.5555555555555556,0.4040404040404041,-0.1717171717171717,0.22499999999999964,12.4875,13,0.65,-2,0,2,2.4444444444444446,0.65,8.116875,5.0,0.8282828282828283,1
1,39,1,9670,1,1,140.0,1,37,37,6,6,120.0,0,0,0,1,0,0,28,0,0,6,8,1,10.0,0,0,6,9,0,0.0,0,10.8,1.4,1.74,0,0.16666666666666666,0.0,0.0,-0.16666666666666666,-10.0,5.0,1,0.08333333333333333,0,0,1,2.0,0.08333333333333333,0.41666666666666663,0.0,0.8333333333333334,1
1,17,1,9773,1,1,121.0,1,37,19,9,10,113.7,0,0,0,1,0,0,18,0,0,6,8,5,12.6,0,0,6,10,6,12.428571428571429,0,15.5,2.8,-4.06,1,0.8333333333333334,1.0,0.8333333333333334,0.16666666666666663,-0.17142857142857082,12.514285714285714,11,0.9166666666666666,0,0,1,1.0,0.9166666666666666,11.471428571428572,6.0,0.8333333333333334,1
1,43,1,9147,1,1,131.0,1,19,38,9,9,129.7,1,0,0,1,0,0,19,0,0,5,5,5,12.6,0,0,5,6,4,12.4,0,16.2,0.3,-0.92,2,1.0,0.8,0.8,-0.19999999999999996,-0.1999999999999993,12.5,9,0.9,0,0,1,1.2,0.9,11.25,4.0,0.8,1
2,51,1,9853,1,1,130.0,1,37,37,7,8,120.3,0,0,0,1,0,0,35,0,0,7,7,0,0.0,0,0,6,0,0,0.0,0,8.9,1.4,3.51,0,0.0,0.0,0.0,0.0,0.0,0.0,0,0.0,-1,0,1,2.0,0.0,0.0,0.0,1.0,1
1,7,1,9991,0,40,120.0,1,37,37,9,7,120.0,0,0,0,1,0,0,32,0,0,5,7,5,11.6,0,0,5,8,5,12.333333333333334,0,12.4,0.5,1.79,2,1.0,1.0,1.0,0.0,0.7333333333333343,11.966666666666667,10,1.0,0,0,1,1.0,1.0,11.966666666666667,5.0,1.0,1
1,17,2,9254,1,1,136.0,1,19,19,4,7,123.1,1,0,0,1,0,0,19,0,0,6,8,6,12.166666666666666,0,0,6,6,6,13.5,0,11.1,0.6,2.02,2,1.0,1.0,1.0,0.0,1.333333333333334,12.833333333333332,12,1.0,0,0,1,1.0,1.0,12.833333333333332,6.0,1.0,1
1,17,5,9670,1,1,125.0,1,1,19,9,7,119.4,1,0,0,1,0,0,18,0,0,6,10,4,13.6,0,0,6,7,5,12.666666666666666,0,11.1,0.6,2.02,2,0.6666666666666666,0.8333333333333334,0.5555555555555556,0.16666666666666674,-0.9333333333333336,13.133333333333333,9,0.75,0,0,1,1.1666666666666665,0.75,9.85,5.0,0.8333333333333333,1
1,17,1,9238,1,1,120.0,1,19,37,9,9,113.0,1,0,0,1,0,1,20,0,0,6,7,6,11.714285714285714,0,0,6,8,6,12.625,0,13.9,-0.3,0.79,2,1.0,1.0,1.0,0.0,0.9107142857142865,12.169642857142858,12,1.0,0,0,0,0.0,1.0,12.169642857142858,6.0,1.0,1
1,1,3,9773,1,1,143.0,11,19,19,4,9,133.9,1,0,0,1,1,1,18,1,0,6,7,6,13.5,0,0,6,7,6,13.0,0,16.2,0.3,-0.92,2,1.0,1.0,1.0,0.0,-0.5,13.25,12,1.0,0,0,0,0.0,1.0,13.25,6.0,1.0,1
1,1,3,9500,1,1,133.1,1,38,19,7,9,115.5,1,0,0,1,1,1,20,0,0,8,8,7,13.024285714285714,0,0,8,8,7,13.024285714285714,0,10.8,1.4,1.74,2,0.875,0.875,0.765625,0.0,0.0,13.024285714285714,14,0.875,0,0,0,0.125,0.875,11.39625,7.0,1.0,1
1,17,5,9254,1,1,121.0,1,1,19,4,7,116.5,1,0,0,0,1,0,18,0,0,6,12,0,0.0,0,0,6,0,0,0.0,0,9.4,-0.8,-3.12,0,0.0,0.0,0.0,0.0,0.0,0.0,0,0.0,0,0,2,3.0,0.0,0.0,0.0,1.0,1
1,1,1,9119,1,1,168.0,1,19,19,4,4,171.2,0,0,0,1,1,1,18,0,0,5,6,5,17.333333333333332,0,0,5,8,5,18.571428571428573,0,12.4,0.5,1.79,2,1.0,1.0,1.0,0.0,1.2380952380952408,17.952380952380953,10,1.0,0,0,0,0.0,1.0,17.952380952380953,5.0,1.0,1
1,1,1,9670,1,1,124.0,1,19,37,5,7,119.1,0,0,0,1,1,1,20,0,0,5,7,4,11.0,0,0,5,7,4,11.5,0,9.4,-0.8,-3.12,2,0.8,0.8,0.6400000000000001,0.0,0.5,11.25,8,0.8,0,0,0,0.19999999999999996,0.8,9.0,4.0,1.0,1
1,1,1,9238,1,1,137.0,1,19,1,9,9,132.8,0,0,0,1,1,0,19,0,0,6,6,6,12.833333333333334,0,0,6,8,6,11.833333333333334,0,10.8,1.4,1.74,2,1.0,1.0,1.0,0.0,-1.0,12.333333333333334,12,1.0,0,0,1,1.0,1.0,12.333333333333334,6.0,1.0,1
1,1,1,9773,1,1,120.0,1,36,37,0,0,126.7,1,0,0,1,1,0,20,0,0,6,9,5,12.6,0,0,6,11,4,11.5,0,7.6,2.6,0.32,2,0.8333333333333334,0.6666666666666666,0.5555555555555556,-0.16666666666666674,-1.0999999999999996,12.05,9,0.75,0,0,1,1.3333333333333335,0.75,9.037500000000001,4.0,0.8333333333333333,1
1,1,1,9500,1,1,110.0,1,19,19,9,7,105.8,1,0,0,1,1,0,22,0,0,7,8,6,14.333333333333334,0,0,8,9,7,13.771428571428572,0,11.1,0.6,2.02,2,0.8571428571428571,0.875,0.75,0.017857142857142905,-0.5619047619047617,14.052380952380954,13,0.8666666666666667,1,0,1,1.125,0.8666666666666667,12.178730158730161,7.0,0.9821428571428571,1
1,1,1,9500,1,1,143.0,1,38,38,9,9,140.0,0,0,0,1,1,0,19,0,0,8,8,7,14.285714285714286,0,0,8,8,7,14.285714285714286,0,12.7,3.7,-1.7,2,0.875,0.875,0.765625,0.0,0.0,14.285714285714286,14,0.875,0,0,1,1.125,0.875,12.5,7.0,1.0,1
1,44,1,9003,1,39,120.0,1,1,19,9,7,120.0,0,0,0,1,1,0,22,0,2,6,15,3,11.75,0,0,6,12,2,10.0,0,13.9,-0.3,0.79,0,0.5,0.3333333333333333,0.16666666666666666,-0.16666666666666669,-1.75,10.875,5,0.4166666666666667,0,0,1,1.6666666666666667,0.4166666666666667,4.53125,2.0,0.8333333333333333,1
1,17,5,9119,1,1,124.0,11,4,12,2,9,119.5,1,0,0,1,1,0,20,1,0,5,5,5,14.8,0,0,5,5,5,17.6,0,8.9,1.4,3.51,2,1.0,1.0,1.0,0.0,2.8000000000000007,16.200000000000003,10,1.0,0,0,1,1.0,1.0,16.200000000000003,5.0,1.0,1
2,39,1,9003,1,1,168.0,1,1,41,9,3,153.9,0,0,1,0,1,0,34,0,0,6,7,0,0.0,0,0,6,0,0,0.0,0,12.4,0.5,1.79,0,0.0,0.0,0.0,0.0,0.0,0.0,0,0.0,0,0,3,4.0,0.0,0.0,0.0,1.0,1
2,39,1,8014,0,19,133.1,1,1,1,4,4,130.0,0,0,0,1,1,0,24,0,0,6,14,1,10.0,0,0,5,5,0,0.0,0,16.2,0.3,-0.92,0,0.16666666666666666,0.0,0.0,-0.16666666666666666,-10.0,5.0,1,0.09090909090909091,-1,0,1,2.0,0.09090909090909091,0.4545454545454546,0.0,0.8333333333333334,1
1,39,2,9670,1,1,150.0,1,34,34,0,0,107.0,1,0,0,1,1,0,26,0,0,5,5,0,0.0,0,0,5,5,0,0.0,0,7.6,2.6,0.32,0,0.0,0.0,0.0,0.0,0.0,0.0,0,0.0,0,0,1,2.0,0.0,0.0,0.0,1.0,1
1,39,1,9500,1,1,140.0,1,37,37,9,6,132.8,0,0,0,1,1,0,35,0,0,7,10,4,12.6,0,0,7,9,5,12.38,0,12.4,0.5,1.79,0,0.5714285714285714,0.7142857142857143,0.40816326530612246,0.1428571428571429,-0.21999999999999886,12.49,9,0.6428571428571429,0,0,1,1.2857142857142856,0.6428571428571429,8.029285714285715,5.0,0.8571428571428571,1
1,1,1,9991,0,1,145.0,1,2,37,4,9,127.5,1,0,0,1,1,0,22,0,0,5,9,5,12.428571428571429,1,0,5,7,5,11.8,0,7.6,2.6,0.32,2,1.0,1.0,1.0,0.0,-0.6285714285714281,12.114285714285714,10,1.0,0,0,1,1.0,1.0,12.114285714285714,5.0,1.0,1
1,18,1,9254,1,1,118.0,1,38,38,5,5,123.3,1,0,0,1,1,0,26,0,0,6,10,4,10.0,0,0,6,11,3,12.0,0,9.4,-0.8,-3.12,1,0.6666666666666666,0.5,0.3333333333333333,-0.16666666666666663,2.0,11.0,7,0.5833333333333334,0,0,1,1.5,0.5833333333333334,6.416666666666667,3.0,0.8333333333333334,1
1,17,1,9147,1,1,123.0,1,1,19,3,4,122.0,0,0,0,1,1,0,19,0,0,5,7,3,12.333333333333334,0,0,5,5,0,0.0,0,8.9,1.4,3.51,0,0.6,0.0,0.0,-0.6,-12.333333333333334,6.166666666666667,3,0.3,0,0,1,2.0,0.3,1.85,0.0,0.4,1
1,1,5,9254,1,1,120.0,1,3,19,3,9,114.8,1,0,0,0,1,0,19,0,0,6,0,0,0.0,0,0,6,0,0,0.0,0,8.9,1.4,3.51,0,0.0,0.0,0.0,0.0,0.0,0.0,0,0.0,0,0,2,3.0,0.0,0.0,0.0,1.0,1
1,51,1,9670,1,1,126.0,1,3,3,1,10,111.0,0,0,1,1,1,0,21,0,5,11,12,10,12.1,0,2,8,9,8,13.333333333333334,0,11.1,0.6,2.02,2,0.9090909090909091,1.0,0.9090909090909091,0.09090909090909094,1.2333333333333343,12.716666666666667,18,0.9473684210526315,-3,0,2,2.0,0.9473684210526315,12.047368421052632,8.0,0.9090909090909091,1
1,1,2,9773,1,1,137.0,1,1,19,7,7,133.2,1,0,0,1,0,1,19,0,0,6,7,6,14.714285714285714,0,0,6,6,6,15.0,0,13.9,-0.3,0.79,2,1.0,1.0,1.0,0.0,0.2857142857142865,14.857142857142858,12,1.0,0,0,0,0.0,1.0,14.857142857142858,6.0,1.0,1
1,1,3,9773,1,1,130.0,1,19,19,9,9,123.0,1,0,0,1,0,0,18,0,0,6,6,6,12.666666666666666,0,0,6,7,6,12.833333333333334,0,12.7,3.7,-1.7,2,1.0,1.0,1.0,0.0,0.16666666666666785,12.75,12,1.0,0,0,1,1.0,1.0,12.75,6.0,1.0,1
1,53,1,9003,1,42,150.0,1,1,38,8,8,150.0,0,0,0,1,0,1,23,0,7,12,14,12,14.384615384615383,0,5,10,12,10,13.3,0,8.9,1.4,3.51,2,1.0,1.0,1.0,0.0,-1.0846153846153825,13.842307692307692,22,1.0,-2,0,0,0.0,1.0,13.842307692307692,10.0,1.0,1
1,17,3,9147,1,1,147.0,1,19,38,5,7,132.3,1,0,0,1,0,1,18,0,0,5,5,5,13.4,0,0,5,6,5,12.2,0,12.7,3.7,-1.7,2,1.0,1.0,1.0,0.0,-1.200000000000001,12.8,10,1.0,0,0,0,0.0,1.0,12.8,5.0,1.0,1
1,18,1,9500,1,1,140.0,1,37,38,5,7,126.0,1,0,0,1,0,0,18,0,0,8,8,7,13.314285714285717,0,0,8,8,7,13.314285714285717,0,12.7,3.7,-1.7,2,0.875,0.875,0.765625,0.0,0.0,13.314285714285717,14,0.875,0,0,1,1.125,0.875,11.650000000000002,7.0,1.0,1
1,1,3,9500,1,1,132.0,1,38,38,9,9,119.3,1,0,0,1,0,0,19,0,0,8,8,7,11.98857142857143,0,0,8,8,7,11.98857142857143,0,10.8,1.4,1.74,2,0.875,0.875,0.765625,0.0,0.0,11.98857142857143,14,0.875,0,0,1,1.125,0.875,10.49,7.0,1.0,1
1,53,1,9147,1,42,130.0,1,1,19,143,172,133.8,1,0,0,1,0,0,21,0,6,11,17,11,11.545454545454543,0,3,9,13,8,12.88888888888889,0,8.9,1.4,3.51,2,1.0,0.8888888888888888,0.8888888888888888,-0.11111111111111116,1.343434343434346,12.217171717171716,19,0.95,-2,0,1,1.1111111111111112,0.95,11.60631313131313,8.0,0.8888888888888888,1
1,1,1,9085,1,1,130.0,1,37,37,9,6,126.5,1,0,0,1,0,1,18,0,0,6,13,6,16.46153846153846,0,0,6,8,6,13.875,0,15.5,2.8,-4.06,2,1.0,1.0,1.0,0.0,-2.58653846153846,15.16826923076923,12,1.0,0,0,0,0.0,1.0,15.16826923076923,6.0,1.0,1
1,1,1,9773,1,1,151.0,1,38,37,9,5,138.4,1,0,0,1,0,1,24,0,0,6,7,6,13.666666666666666,0,0,6,6,6,12.833333333333334,0,10.8,1.4,1.74,2,1.0,1.0,1.0,0.0,-0.8333333333333321,13.25,12,1.0,0,0,0,0.0,1.0,13.25,6.0,1.0,1
1,1,1,9670,1,1,127.0,1,19,1,5,7,118.3,1,0,0,1,0,0,18,0,0,6,7,6,12.333333333333334,0,0,6,10,3,12.0,0,13.9,-0.3,0.79,1,1.0,0.5,0.5,-0.5,-0.3333333333333339,12.166666666666668,9,0.75,0,0,1,1.5,0.75,9.125,3.0,0.5,1
1,17,2,9500,1,1,131.0,1,19,37,9,7,129.8,1,0,0,1,0,0,20,0,0,7,8,6,14.37,0,0,8,10,7,14.65,0,12.4,0.5,1.79,2,0.8571428571428571,0.875,0.75,0.017857142857142905,0.28000000000000114,14.51,13,0.8666666666666667,1,0,1,1.125,0.8666666666666667,12.575333333333333,7.0,0.9821428571428571,1
1,17,2,9085,1,1,123.0,1,1,19,4,9,113.6,1,0,0,1,0,0,19,0,0,5,13,3,12.0,2,0,5,8,4,11.75,0,9.4,-0.8,-3.12,1,0.6,0.8,0.48,0.20000000000000007,-0.25,11.875,7,0.7,0,0,1,1.2,0.7,8.3125,4.0,0.7999999999999999,1
1,1,5,9773,1,1,130.0,1,34,38,0,8,128.3,1,0,0,0,0,1,18,0,0,6,12,3,12.0,0,0,6,15,3,10.666666666666666,0,7.6,2.6,0.32,0,0.5,0.5,0.25,0.0,-1.333333333333334,11.333333333333332,6,0.5,0,0,1,1.5,0.5,5.666666666666666,3.0,1.0,1
1,1,5,9238,1,3,135.0,1,1,38,9,3,129.4,0,0,1,1,0,0,18,0,0,6,6,6,12.166666666666666,0,0,6,6,6,12.333333333333334,0,10.8,1.4,1.74,2,1.0,1.0,1.0,0.0,0.16666666666666785,12.25,12,1.0,0,0,2,2.0,1.0,12.25,6.0,1.0,1
1,1,5,9500,1,1,145.0,1,38,38,9,9,125.5,1,0,0,1,0,1,18,0,0,8,8,8,13.76375,0,0,8,8,8,13.76375,0,9.4,-0.8,-3.12,2,1.0,1.0,1.0,0.0,0.0,13.76375,16,1.0,0,0,0,0.0,1.0,13.76375,8.0,1.0,1
1,17,6,9556,1,1,118.0,1,38,38,5,5,117.8,1,0,0,1,0,1,19,0,0,7,11,6,12.4,0,0,7,8,6,12.8,0,11.1,0.6,2.02,2,0.8571428571428571,0.8571428571428571,0.7346938775510203,0.0,0.40000000000000036,12.600000000000001,12,0.8571428571428571,0,0,0,0.1428571428571429,0.8571428571428571,10.8,6.0,1.0,1
1,17,3,9147,1,1,125.0,1,3,38,2,10,118.7,1,0,0,1,0,0,18,0,0,5,16,4,10.666666666666666,0,0,5,11,2,12.0,0,13.9,-0.3,0.79,1,0.8,0.4,0.32000000000000006,-0.4,1.333333333333334,11.333333333333332,6,0.6,0,0,1,1.6,0.6,6.799999999999999,2.0,0.6,1
1,1,2,9500,1,1,152.0,1,37,37,9,9,139.0,1,0,0,1,0,0,18,0,0,7,7,6,14.333333333333334,0,0,7,7,6,14.333333333333334,0,7.6,2.6,0.32,2,0.8571428571428571,0.8571428571428571,0.7346938775510203,0.0,0.0,14.333333333333334,12,0.8571428571428571,0,0,1,1.1428571428571428,0.8571428571428571,12.285714285714285,6.0,1.0,1
1,1,1,9085,1,1,101.0,1,1,37,4,9,98.9,1,0,0,1,0,0,21,0,0,6,12,4,12.5,0,0,6,13,2,12.666666666666666,0,11.1,0.6,2.02,1,0.6666666666666666,0.3333333333333333,0.2222222222222222,-0.3333333333333333,0.16666666666666607,12.583333333333332,6,0.5,0,0,1,1.6666666666666667,0.5,6.291666666666666,2.0,0.6666666666666667,1
1,17,1,9254,1,1,137.0,1,34,38,0,7,137.7,1,0,1,0,0,0,19,0,0,6,14,1,10.0,0,0,6,13,0,0.0,0,7.6,2.6,0.32,0,0.16666666666666666,0.0,0.0,-0.16666666666666666,-10.0,5.0,1,0.08333333333333333,0,0,3,4.0,0.08333333333333333,0.41666666666666663,0.0,0.8333333333333334,1
1,1,4,9500,1,1,123.0,1,1,1,3,3,113.6,1,0,0,1,0,0,21,0,0,7,8,7,14.69625,0,0,8,9,8,14.622222222222224,0,12.4,0.5,1.79,2,1.0,1.0,1.0,0.0,-0.07402777777777558,14.659236111111111,15,1.0,1,0,1,1.0,1.0,14.659236111111111,8.0,1.0,1
1,1,1,9085,1,1,120.0,1,4,1,2,9,113.4,0,0,0,1,0,0,18,0,0,6,14,4,11.5,0,0,6,17,3,13.75,0,11.1,0.6,2.02,1,0.6666666666666666,0.5,0.3333333333333333,-0.16666666666666663,2.25,12.625,7,0.5833333333333334,0,0,1,1.5,0.5833333333333334,7.364583333333334,3.0,0.8333333333333334,1
1,17,3,9556,1,1,131.0,1,19,38,9,7,128.5,0,0,0,1,0,1,18,0,0,7,9,7,12.855555555555556,0,0,8,8,8,13.9125,0,12.7,3.7,-1.7,2,1.0,1.0,1.0,0.0,1.0569444444444436,13.384027777777778,15,1.0,1,0,0,0.0,1.0,13.384027777777778,8.0,1.0,1
1,1,1,9500,1,1,141.0,1,1,1,3,10,142.8,0,0,0,1,0,0,18,0,0,7,7,7,13.7,0,0,8,9,8,13.994444444444444,0,11.1,0.6,2.02,2,1.0,1.0,1.0,0.0,0.2944444444444443,13.847222222222221,15,1.0,1,0,1,1.0,1.0,13.847222222222221,8.0,1.0,1
1,1,1,9130,1,1,144.0,1,3,1,1,3,137.7,0,0,0,0,0,0,23,0,0,5,9,0,0.0,3,1,5,10,1,12.0,3,10.8,1.4,1.74,0,0.0,0.2,0.0,0.2,12.0,6.0,1,0.1,0,0,2,2.8,0.1,0.6000000000000001,1.0,0.8,1
1,1,1,9238,1,1,107.0,1,19,37,7,7,103.5,1,0,0,1,0,0,20,0,0,6,13,3,11.2,0,0,6,9,4,12.0,0,16.2,0.3,-0.92,1,0.5,0.6666666666666666,0.3333333333333333,0.16666666666666663,0.8000000000000007,11.6,7,0.5833333333333334,0,0,1,1.3333333333333335,0.5833333333333334,6.766666666666667,4.0,0.8333333333333334,1
1,1,1,9500,1,1,133.0,1,38,38,5,5,123.2,0,0,0,1,0,0,18,0,0,7,7,7,13.285714285714286,0,0,8,9,8,13.333333333333334,0,16.2,0.3,-0.92,2,1.0,1.0,1.0,0.0,0.04761904761904745,13.30952380952381,15,1.0,1,0,1,1.0,1.0,13.30952380952381,8.0,1.0,1
1,17,2,9853,1,1,126.0,1,1,19,2,10,126.0,1,0,0,1,0,0,19,0,0,6,9,5,13.0,0,0,6,8,5,10.4,0,7.6,2.6,0.32,1,0.8333333333333334,0.8333333333333334,0.6944444444444445,0.0,-2.5999999999999996,11.7,10,0.8333333333333334,0,0,1,1.1666666666666665,0.8333333333333334,9.75,5.0,1.0,1
1,18,1,9500,1,1,130.0,1,37,38,7,8,119.3,1,0,0,1,0,1,19,0,0,8,8,7,11.4,0,0,8,8,7,11.4,0,10.8,1.4,1.74,2,0.875,0.875,0.765625,0.0,0.0,11.4,14,0.875,0,0,0,0.125,0.875,9.975,7.0,1.0,1
1,44,1,9238,1,1,120.0,1,37,37,6,9,121.0,0,0,0,1,0,1,21,0,3,6,6,6,12.333333333333334,0,2,6,8,6,11.333333333333334,0,13.9,-0.3,0.79,2,1.0,1.0,1.0,0.0,-1.0,11.833333333333334,12,1.0,0,0,0,0.0,1.0,11.833333333333334,6.0,1.0,1
1,1,5,9773,1,1,138.0,1,19,19,9,9,139.4,1,0,0,1,0,0,18,0,0,6,7,5,12.8,0,0,6,10,4,12.2,0,10.8,1.4,1.74,2,0.8333333333333334,0.6666666666666666,0.5555555555555556,-0.16666666666666674,-0.6000000000000014,12.5,9,0.75,0,0,1,1.3333333333333335,0.75,9.375,4.0,0.8333333333333333,1
1,17,1,9085,1,1,124.0,1,19,38,7,7,113.9,1,0,0,1,0,1,20,0,0,5,8,5,12.0,1,0,5,8,4,15.0,1,12.7,3.7,-1.7,2,1.0,0.8,0.8,-0.19999999999999996,3.0,13.5,9,0.9,0,0,0,0.19999999999999996,0.9,12.15,4.0,0.8,1
1,1,1,9853,1,1,133.0,1,37,37,9,7,124.6,1,0,0,1,0,1,18,0,0,6,8,5,13.0,0,0,6,9,5,13.5,0,9.4,-0.8,-3.12,2,0.8333333333333334,0.8333333333333334,0.6944444444444445,0.0,0.5,13.25,10,0.8333333333333334,0,0,0,0.16666666666666663,0.8333333333333334,11.041666666666668,5.0,1.0,1
1,1,3,9085,1,1,138.0,1,1,3,4,4,126.3,1,0,0,1,0,0,18,0,0,6,8,6,14.0,0,0,6,9,6,13.333333333333334,0,8.9,1.4,3.51,2,1.0,1.0,1.0,0.0,-0.6666666666666661,13.666666666666668,12,1.0,0,0,1,1.0,1.0,13.666666666666668,6.0,1.0,1
1,17,4,9773,1,1,134.0,1,1,1,3,3,120.4,1,0,0,1,0,1,18,0,0,6,6,6,12.333333333333334,0,0,6,6,6,13.5,0,16.2,0.3,-0.92,2,1.0,1.0,1.0,0.0,1.166666666666666,12.916666666666668,12,1.0,0,0,0,0.0,1.0,12.916666666666668,6.0,1.0,1
1,1,3,9500,1,1,128.0,1,1,1,7,7,120.5,1,0,0,1,0,1,19,0,0,7,10,5,13.04,0,0,7,7,7,12.5,0,12.4,0.5,1.79,1,0.7142857142857143,1.0,0.7142857142857143,0.2857142857142857,-0.5399999999999991,12.77,12,0.8571428571428571,0,0,0,0.0,0.8571428571428571,10.945714285714285,7.0,0.7142857142857143,1
1,53,1,9085,1,42,140.0,1,19,38,8,9,144.9,1,0,1,0,0,0,23,0,7,11,18,11,13.166666666666666,0,4,9,15,8,13.333333333333334,0,8.9,1.4,3.51,1,1.0,0.8888888888888888,0.8888888888888888,-0.11111111111111116,0.16666666666666785,13.25,19,0.95,-2,0,3,3.111111111111111,0.95,12.587499999999999,8.0,0.8888888888888888,1
1,39,1,9085,1,19,133.1,1,19,19,4,9,139.9,1,0,0,1,0,1,24,0,1,6,7,6,12.5,0,0,6,11,6,12.833333333333334,0,8.9,1.4,3.51,2,1.0,1.0,1.0,0.0,0.3333333333333339,12.666666666666668,12,1.0,0,0,0,0.0,1.0,12.666666666666668,6.0,1.0,1
1,1,1,171,1,1,142.0,1,1,1,3,3,133.3,1,0,0,1,0,0,19,0,0,0,0,0,0.0,0,0,0,0,0,0.0,0,10.8,1.4,1.74,2,0.0,0.0,0.0,0.0,0.0,0.0,0,0.0,0,1,1,3.0,0.0,0.0,0.0,1.0,0
1,1,3,9500,1,1,141.0,1,19,19,9,9,126.0,1,0,0,1,0,0,18,0,0,8,8,7,15.657142857142857,0,0,8,8,7,15.657142857142857,0,12.7,3.7,-1.7,2,0.875,0.875,0.765625,0.0,0.0,15.657142857142857,14,0.875,0,0,1,1.125,0.875,13.7,7.0,1.0,1
1,1,2,9070,1,1,145.0,1,1,19,4,3,133.5,0,0,0,1,0,0,19,0,0,6,6,6,12.166666666666666,0,0,6,6,6,11.333333333333334,0,12.7,3.7,-1.7,2,1.0,1.0,1.0,0.0,-0.8333333333333321,11.75,12,1.0,0,0,1,1.0,1.0,11.75,6.0,1.0,1
1,17,2,9853,1,1,145.0,1,38,19,4,9,127.9,1,0,0,1,0,0,19,0,0,6,0,0,0.0,0,0,6,0,0,0.0,0,10.8,1.4,1.74,0,0.0,0.0,0.0,0.0,0.0,0.0,0,0.0,0,0,1,2.0,0.0,0.0,0.0,1.0,1
1,39,1,9773,1,1,140.0,1,34,37,0,0,102.5,0,0,0,1,0,0,26,0,0,6,8,4,11.75,0,0,6,12,0,0.0,0,7.6,2.6,0.32,0,0.6666666666666666,0.0,0.0,-0.6666666666666666,-11.75,5.875,4,0.3333333333333333,0,0,1,2.0,0.3333333333333333,1.9583333333333333,0.0,0.33333333333333337,1
1,39,1,9254,1,19,133.1,1,19,1,9,5,97.0,0,0,1,0,1,0,36,0,0,5,10,0,0.0,0,0,5,5,0,0.0,0,15.5,2.8,-4.06,0,0.0,0.0,0.0,0.0,0.0,0.0,0,0.0,0,0,3,4.0,0.0,0.0,0.0,1.0,1
1,17,1,171,1,1,128.0,1,1,1,4,10,134.7,0,0,0,0,1,0,19,0,0,0,0,0,0.0,0,0,0,0,0,0.0,0,10.8,1.4,1.74,0,0.0,0.0,0.0,0.0,0.0,0.0,0,0.0,0,1,2,4.0,0.0,0.0,0.0,1.0,0
1,42,1,9119,1,1,120.0,1,19,37,9,9,113.8,0,0,0,0,1,0,27,0,0,5,0,0,0.0,0,0,5,0,0,0.0,0,15.5,2.8,-4.06,0,0.0,0.0,0.0,0.0,0.0,0.0,0,0.0,0,0,2,3.0,0.0,0.0,0.0,1.0,1
1,1,4,9119,1,1,120.0,1,3,1,123,152,116.9,0,0,0,1,1,0,18,0,0,5,9,1,13.0,0,0,5,5,0,0.0,0,8.9,1.4,3.51,0,0.2,0.0,0.0,-0.2,-13.0,6.5,1,0.1,0,0,1,2.0,0.1,0.65,0.0,0.8,1
1,1,4,9500,1,1,139.0,1,37,38,9,9,124.0,1,0,0,1,1,1,18,0,0,8,8,7,13.331428571428573,0,0,8,8,7,13.331428571428573,0,10.8,1.4,1.74,2,0.875,0.875,0.765625,0.0,0.0,13.331428571428573,14,0.875,0,0,0,0.125,0.875,11.665000000000001,7.0,1.0,1
1,39,1,9070,1,1,139.3,1,38,38,5,5,117.5,0,0,0,1,1,0,28,0,0,6,0,0,0.0,0,0,6,0,0,0.0,0,12.4,0.5,1.79,0,0.0,0.0,0.0,0.0,0.0,0.0,0,0.0,0,0,1,2.0,0.0,0.0,0.0,1.0,1
1,44,1,171,1,39,150.0,1,19,1,9,9,154.8,1,0,0,1,1,0,21,0,0,0,0,0,0.0,0,0,0,0,0,0.0,0,12.4,0.5,1.79,2,0.0,0.0,0.0,0.0,0.0,0.0,0,0.0,0,1,1,3.0,0.0,0.0,0.0,1.0,0
1,1,1,9500,1,1,138.0,1,19,37,4,9,141.0,0,0,0,1,1,0,19,0,0,7,7,6,13.7,0,0,7,7,6,13.7,0,7.6,2.6,0.32,2,0.8571428571428571,0.8571428571428571,0.7346938775510203,0.0,0.0,13.7,12,0.8571428571428571,0,0,1,1.1428571428571428,0.8571428571428571,11.742857142857142,6.0,1.0,1
1,39,1,9670,1,9,133.1,1,6,22,3,3,120.0,0,0,1,0,1,0,26,0,0,5,5,0,0.0,0,0,5,5,0,0.0,5,9.4,-0.8,-3.12,0,0.0,0.0,0.0,0.0,0.0,0.0,0,0.0,0,0,3,4.0,0.0,0.0,0.0,1.0,1
1,51,1,9119,1,1,136.0,1,1,19,3,5,133.6,1,0,0,1,1,0,20,0,4,9,12,9,13.454545454545457,0,2,7,9,6,13.875,0,11.1,0.6,2.02,0,1.0,0.8571428571428571,0.8571428571428571,-0.1428571428571429,0.4204545454545432,13.664772727272728,15,0.9375,-2,0,1,1.1428571428571428,0.9375,12.810724431818183,6.0,0.8571428571428571,1
1,1,6,9500,1,1,134.0,1,38,38,9,9,122.0,1,0,0,1,1,0,19,0,0,8,8,7,12.2,0,0,8,8,7,12.2,0,12.7,3.7,-1.7,2,0.875,0.875,0.765625,0.0,0.0,12.2,14,0.875,0,0,1,1.125,0.875,10.674999999999999,7.0,1.0,1
1,53,1,9670,1,42,110.0,1,1,19,9,9,114.2,0,0,0,1,1,1,23,0,0,6,7,5,13.0,0,0,6,7,6,12.857142857142858,0,8.9,1.4,3.51,2,0.8333333333333334,1.0,0.8333333333333334,0.16666666666666663,-0.14285714285714235,12.928571428571429,11,0.9166666666666666,0,0,0,0.0,0.9166666666666666,11.851190476190476,6.0,0.8333333333333334,1
1,39,1,8014,0,38,133.1,1,38,37,4,8,95.5,0,0,0,1,1,0,29,0,0,6,11,6,12.0,0,0,6,6,6,14.0,0,11.1,0.6,2.02,2,1.0,1.0,1.0,0.0,2.0,13.0,12,1.0,0,0,1,1.0,1.0,13.0,6.0,1.0,1
1,1,1,9500,1,1,129.0,1,1,1,9,9,120.0,0,0,0,1,1,0,20,0,0,8,8,7,15.028571428571428,0,0,8,8,7,15.028571428571428,0,12.7,3.7,-1.7,2,0.875,0.875,0.765625,0.0,0.0,15.028571428571428,14,0.875,0,0,1,1.125,0.875,13.15,7.0,1.0,1
1,1,1,9238,1,1,116.0,1,1,19,5,9,111.1,0,0,0,1,1,0,18,0,0,6,8,6,12.0,0,0,6,7,6,11.714285714285714,0,15.5,2.8,-4.06,2,1.0,1.0,1.0,0.0,-0.2857142857142865,11.857142857142858,12,1.0,0,0,1,1.0,1.0,11.857142857142858,6.0,1.0,1
1,1,1,9773,1,1,130.0,1,1,38,3,5,128.6,1,0,0,1,1,0,19,0,0,6,8,5,12.0,0,0,6,8,5,12.4,0,9.4,-0.8,-3.12,2,0.8333333333333334,0.8333333333333334,0.6944444444444445,0.0,0.40000000000000036,12.2,10,0.8333333333333334,0,0,1,1.1666666666666665,0.8333333333333334,10.166666666666666,5.0,1.0,1
1,7,1,9556,1,3,130.0,1,1,37,4,8,130.0,0,0,0,0,1,0,23,0,3,7,7,3,13.666666666666666,0,3,8,8,3,11.333333333333334,4,10.8,1.4,1.74,0,0.42857142857142855,0.375,0.1607142857142857,-0.05357142857142855,-2.333333333333332,12.5,6,0.4,1,0,2,2.625,0.4,5.0,3.0,0.9464285714285714,1
1,1,1,171,1,1,116.0,1,38,1,5,1,111.1,0,0,0,1,1,0,21,0,0,0,0,0,0.0,0,0,0,0,0,0.0,0,13.9,-0.3,0.79,0,0.0,0.0,0.0,0.0,0.0,0.0,0,0.0,0,1,1,3.0,0.0,0.0,0.0,1.0,0
1,17,1,9147,1,1,136.0,1,1,1,9,3,122.7,1,0,0,1,1,0,18,0,0,5,6,5,12.0,0,0,5,7,4,12.5,0,15.5,2.8,-4.06,1,1.0,0.8,0.8,-0.19999999999999996,0.5,12.25,9,0.9,0,0,1,1.2,0.9,11.025,4.0,0.8,1
1,1,1,171,1,1,147.0,1,37,19,7,7,134.4,1,0,0,1,1,1,18,0,0,0,0,0,0.0,0,0,0,0,0,0.0,0,10.8,1.4,1.74,2,0.0,0.0,0.0,0.0,0.0,0.0,0,0.0,0,1,0,2.0,0.0,0.0,0.0,1.0,0
1,1,5,9070,1,1,117.0,1,19,37,5,5,131.0,1,0,1,0,1,0,21,0,0,6,6,1,14.0,0,0,6,7,0,0.0,7,9.4,-0.8,-3.12,0,0.16666666666666666,0.0,0.0,-0.16666666666666666,-14.0,7.0,1,0.08333333333333333,0,0,3,4.0,0.08333333333333333,0.5833333333333333,0.0,0.8333333333333334,1
1,51,1,9238,1,1,141.0,1,1,1,5,9,125.0,0,0,0,1,1,0,22,0,0,6,6,0,0.0,0,0,6,7,0,0.0,0,11.1,0.6,2.02,0,0.0,0.0,0.0,0.0,0.0,0.0,0,0.0,0,0,1,2.0,0.0,0.0,0.0,1.0,1
1,18,1,9556,1,1,133.1,1,3,19,2,8,106.0,1,0,0,1,1,0,21,0,0,7,8,7,12.375,0,0,7,11,5,12.583333333333334,0,8.9,1.4,3.51,2,1.0,0.7142857142857143,0.7142857142857143,-0.2857142857142857,0.20833333333333393,12.479166666666668,12,0.8571428571428571,0,0,1,1.2857142857142856,0.8571428571428571,10.696428571428571,5.0,0.7142857142857143,1
1,39,1,9500,1,1,133.1,1,38,19,9,9,128.0,1,0,0,0,1,0,32,0,0,7,0,0,0.0,0,0,8,0,0,0.0,0,16.2,0.3,-0.92,0,0.0,0.0,0.0,0.0,0.0,0.0,0,0.0,1,0,2,3.0,0.0,0.0,0.0,1.0,1
1,7,1,9003,1,3,120.0,1,1,19,4,1,120.0,1,0,0,1,1,0,27,0,14,18,21,18,11.421052631578949,0,10,13,16,13,11.076923076923077,1,15.5,2.8,-4.06,2,1.0,1.0,1.0,0.0,-0.344129554655872,11.248987854251013,31,1.0,-5,0,1,1.0,1.0,11.248987854251013,13.0,1.0,1
1,1,1,9500,1,1,148.0,1,19,38,9,8,134.8,1,0,0,1,1,0,18,0,0,7,7,6,13.35,0,0,7,7,6,13.35,0,7.6,2.6,0.32,2,0.8571428571428571,0.8571428571428571,0.7346938775510203,0.0,0.0,13.35,12,0.8571428571428571,0,0,1,1.1428571428571428,0.8571428571428571,11.442857142857141,6.0,1.0,1
1,39,1,9070,1,1,130.0,1,1,1,5,3,112.0,1,0,0,1,1,1,24,0,0,6,6,6,15.0,0,0,6,6,2,16.0,0,15.5,2.8,-4.06,2,1.0,0.3333333333333333,0.3333333333333333,-0.6666666666666667,1.0,15.5,8,0.6666666666666666,0,0,0,0.6666666666666667,0.6666666666666666,10.333333333333332,2.0,0.33333333333333326,1
1,1,1,9130,1,1,120.0,1,19,37,1,9,116.1,1,0,0,1,1,0,22,0,0,5,9,2,10.5,0,0,5,5,0,0.0,0,12.7,3.7,-1.7,0,0.4,0.0,0.0,-0.4,-10.5,5.25,2,0.2,0,0,1,2.0,0.2,1.05,0.0,0.6,1
1,43,1,9130,1,1,120.0,1,2,3,3,2,120.0,1,0,0,0,1,0,22,0,0,6,0,0,0.0,0,0,4,6,0,0.0,2,10.8,1.4,1.74,0,0.0,0.0,0.0,0.0,0.0,0.0,0,0.0,-2,0,2,3.0,0.0,0.0,0.0,1.0,1
1,1,3,9147,1,1,133.0,1,37,37,9,5,119.7,1,0,0,1,1,0,19,0,0,5,8,5,13.25,0,0,5,6,5,11.833333333333334,0,13.9,-0.3,0.79,2,1.0,1.0,1.0,0.0,-1.416666666666666,12.541666666666668,10,1.0,0,0,1,1.0,1.0,12.541666666666668,5.0,1.0,1
1,17,6,9119,1,1,129.0,1,37,13,4,90,117.1,1,0,0,1,1,0,19,0,0,5,10,0,0.0,0,0,5,5,0,0.0,0,7.6,2.6,0.32,0,0.0,0.0,0.0,0.0,0.0,0.0,0,0.0,0,0,1,2.0,0.0,0.0,0.0,1.0,1
1,1,2,9085,1,1,118.0,1,1,19,3,3,112.4,1,0,0,1,1,0,21,0,0,5,7,4,11.5,0,0,5,15,3,10.6,4,10.8,1.4,1.74,1,0.8,0.6,0.48,-0.20000000000000007,-0.9000000000000004,11.05,7,0.7,0,0,1,1.4,0.7,7.735,3.0,0.7999999999999999,1
1,1,2,9500,1,1,140.0,1,1,1,2,7,131.0,1,0,0,1,0,1,18,0,0,8,8,8,13.88125,0,0,8,8,8,13.88125,0,9.4,-0.8,-3.12,2,1.0,1.0,1.0,0.0,0.0,13.88125,16,1.0,0,0,0,0.0,1.0,13.88125,8.0,1.0,1
1,1,2,9254,1,1,127.0,1,3,19,3,10,130.9,1,0,0,1,0,0,18,0,0,6,8,6,11.333333333333334,0,0,6,8,5,12.6,0,9.4,-0.8,-3.12,2,1.0,0.8333333333333334,0.8333333333333334,-0.16666666666666663,1.2666666666666657,11.966666666666667,11,0.9166666666666666,0,0,1,1.1666666666666665,0.9166666666666666,10.969444444444445,5.0,0.8333333333333334,1
1,1,1,171,1,1,131.0,1,19,19,9,9,134.9,1,0,1,1,0,0,20,0,0,0,0,0,0.0,0,0,0,0,0,0.0,0,16.2,0.3,-0.92,0,0.0,0.0,0.0,0.0,0.0,0.0,0,0.0,0,1,2,4.0,0.0,0.0,0.0,1.0,0
1,17,1,9238,1,1,132.0,1,1,19,4,9,127.1,1,0,0,1,0,0,19,0,0,6,7,6,12.857142857142858,0,0,6,7,6,13.666666666666666,0,13.9,-0.3,0.79,2,1.0,1.0,1.0,0.0,0.8095238095238084,13.261904761904763,12,1.0,0,0,1,1.0,1.0,13.261904761904763,6.0,1.0,1
1,17,5,9773,1,1,113.0,1,38,38,191,175,110.2,1,0,1,1,0,0,19,0,0,6,6,5,11.6,0,0,6,6,6,12.5,0,8.9,1.4,3.51,2,0.8333333333333334,1.0,0.8333333333333334,0.16666666666666663,0.9000000000000004,12.05,11,0.9166666666666666,0,0,2,2.0,0.9166666666666666,11.045833333333334,6.0,0.8333333333333334,1
1,17,1,9254,1,1,115.0,1,12,1,9,3,108.7,1,0,0,1,0,1,18,0,0,6,9,5,11.4,0,0,6,6,6,11.333333333333334,0,12.4,0.5,1.79,2,0.8333333333333334,1.0,0.8333333333333334,0.16666666666666663,-0.06666666666666643,11.366666666666667,11,0.9166666666666666,0,0,0,0.0,0.9166666666666666,10.419444444444444,6.0,0.8333333333333334,1
1,44,1,9070,1,39,150.0,1,12,37,3,9,147.7,0,0,1,1,0,1,22,0,2,7,7,7,13.571428571428571,0,5,9,9,9,13.77777777777778,0,12.4,0.5,1.79,2,1.0,1.0,1.0,0.0,0.20634920634920917,13.674603174603176,16,1.0,2,0,1,1.0,1.0,13.674603174603176,9.0,1.0,1
2,39,1,9556,1,19,133.1,1,37,38,9,9,123.0,0,0,0,1,0,0,31,0,0,7,13,6,11.833333333333334,0,0,7,8,7,12.228571428571428,0,12.4,0.5,1.79,2,0.8571428571428571,1.0,0.8571428571428571,0.1428571428571429,0.39523809523809383,12.030952380952382,13,0.9285714285714286,0,0,1,1.0,0.9285714285714286,11.171598639455784,7.0,0.8571428571428571,1
1,17,1,9853,1,1,141.0,1,19,19,9,8,142.8,0,0,0,1,0,1,19,0,0,7,7,7,14.428571428571429,0,0,7,7,7,14.142857142857142,0,16.2,0.3,-0.92,2,1.0,1.0,1.0,0.0,-0.2857142857142865,14.285714285714285,14,1.0,0,0,0,0.0,1.0,14.285714285714285,7.0,1.0,1
1,1,2,9254,1,1,136.0,1,38,38,9,7,125.2,1,0,0,1,0,1,18,0,0,6,8,6,12.285714285714286,0,0,6,9,5,12.4,0,8.9,1.4,3.51,2,1.0,0.8333333333333334,0.8333333333333334,-0.16666666666666663,0.11428571428571388,12.342857142857143,11,0.9166666666666666,0,0,0,0.16666666666666663,0.9166666666666666,11.314285714285715,5.0,0.8333333333333334,1
1,1,1,9085,1,1,140.0,1,12,1,1,90,141.8,0,0,0,1,0,0,21,0,0,5,7,5,14.4,0,0,5,5,5,13.8,0,7.6,2.6,0.32,2,1.0,1.0,1.0,0.0,-0.5999999999999996,14.100000000000001,10,1.0,0,0,1,1.0,1.0,14.100000000000001,5.0,1.0,1
1,17,5,9500,1,1,143.0,1,38,1,9,7,130.6,1,0,0,1,0,1,18,0,0,7,8,7,13.15,0,0,8,9,8,15.06875,0,13.9,-0.3,0.79,2,1.0,1.0,1.0,0.0,1.9187499999999993,14.109375,15,1.0,1,0,0,0.0,1.0,14.109375,8.0,1.0,1
1,44,1,9147,1,39,130.0,22,2,37,2,8,130.0,0,0,1,0,1,0,25,1,0,5,6,0,0.0,0,0,5,5,0,0.0,0,15.5,2.8,-4.06,0,0.0,0.0,0.0,0.0,0.0,0.0,0,0.0,0,0,3,4.0,0.0,0.0,0.0,1.0,1
1,15,1,9119,1,1,133.1,41,1,3,5,8,100.0,0,0,1,1,1,0,21,1,0,5,5,0,0.0,0,0,6,8,0,0.0,0,11.1,0.6,2.02,0,0.0,0.0,0.0,0.0,0.0,0.0,0,0.0,1,0,2,3.0,0.0,0.0,0.0,1.0,1
1,18,2,9500,1,1,129.0,1,38,37,5,5,119.0,1,0,0,1,0,1,19,0,0,8,8,7,12.342857142857143,0,0,8,8,7,12.342857142857143,0,10.8,1.4,1.74,2,0.875,0.875,0.765625,0.0,0.0,12.342857142857143,14,0.875,0,0,0,0.125,0.875,10.8,7.0,1.0,1
1,17,1,9254,1,1,118.0,1,11,34,5,0,122.2,1,0,0,1,0,0,22,0,0,6,10,4,10.5,0,0,6,14,1,11.0,0,7.6,2.6,0.32,0,0.6666666666666666,0.16666666666666666,0.1111111111111111,-0.5,0.5,10.75,5,0.4166666666666667,0,0,1,1.8333333333333335,0.4166666666666667,4.479166666666667,1.0,0.5,1
1,15,1,9147,1,1,150.0,1,38,1,9,1,150.0,0,0,0,1,1,0,19,0,0,5,5,5,10.6,0,0,5,8,5,11.6,0,12.4,0.5,1.79,2,1.0,1.0,1.0,0.0,1.0,11.1,10,1.0,0,0,1,1.0,1.0,11.1,5.0,1.0,1
1,39,1,8014,0,19,133.1,1,37,37,9,5,135.5,0,0,0,1,0,0,58,0,0,6,6,0,0.0,0,0,6,6,0,0.0,0,11.1,0.6,2.02,0,0.0,0.0,0.0,0.0,0.0,0.0,0,0.0,0,0,1,2.0,0.0,0.0,0.0,1.0,1
1,16,2,9238,1,1,122.0,1,19,37,9,7,127.3,1,0,0,1,0,1,19,0,0,6,8,4,11.25,0,0,6,6,6,12.0,0,10.8,1.4,1.74,2,0.6666666666666666,1.0,0.6666666666666666,0.33333333333333337,0.75,11.625,10,0.8333333333333334,0,0,0,0.0,0.8333333333333334,9.6875,6.0,0.6666666666666666,1
1,43,1,9670,1,1,127.0,22,37,37,9,9,127.0,1,0,0,1,1,0,23,1,3,9,11,6,10.5,0,4,10,10,10,11.7,0,9.4,-0.8,-3.12,2,0.6666666666666666,1.0,0.6666666666666666,0.33333333333333337,1.1999999999999993,11.1,16,0.8421052631578947,1,0,1,1.0,0.8421052631578947,9.34736842105263,10.0,0.6666666666666666,1
1,18,3,9500,1,1,131.0,1,19,1,4,7,127.5,1,0,0,1,0,0,18,0,0,7,7,7,13.457142857142856,0,0,8,8,8,14.5125,0,13.9,-0.3,0.79,2,1.0,1.0,1.0,0.0,1.0553571428571438,13.984821428571427,15,1.0,1,0,1,1.0,1.0,13.984821428571427,8.0,1.0,1
1,1,2,9085,1,1,130.0,1,19,19,90,90,122.0,0,0,0,1,0,0,20,0,0,5,6,5,12.6,0,0,5,8,4,12.333333333333334,0,7.6,2.6,0.32,2,1.0,0.8,0.8,-0.19999999999999996,-0.2666666666666657,12.466666666666667,9,0.9,0,0,1,1.2,0.9,11.22,4.0,0.8,1
1,17,5,9085,1,1,130.0,1,19,19,90,7,115.8,0,0,0,0,0,0,18,0,0,6,0,0,0.0,0,0,6,0,0,0.0,0,12.7,3.7,-1.7,0,0.0,0.0,0.0,0.0,0.0,0.0,0,0.0,0,0,2,3.0,0.0,0.0,0.0,1.0,1
1,17,1,9670,1,1,130.0,1,3,19,5,5,121.6,0,0,0,1,0,0,18,0,0,6,6,6,13.666666666666666,0,0,6,8,5,13.6,0,8.9,1.4,3.51,2,1.0,0.8333333333333334,0.8333333333333334,-0.16666666666666663,-0.06666666666666643,13.633333333333333,11,0.9166666666666666,0,0,1,1.1666666666666665,0.9166666666666666,12.497222222222222,5.0,0.8333333333333334,1
1,17,4,9147,1,1,122.0,1,19,19,5,7,116.4,1,0,1,1,0,1,18,0,0,5,5,5,11.6,0,0,5,5,5,11.8,0,11.1,0.6,2.02,2,1.0,1.0,1.0,0.0,0.20000000000000107,11.7,10,1.0,0,0,1,1.0,1.0,11.7,5.0,1.0,1
1,17,3,9238,1,1,141.0,1,19,38,9,7,125.6,1,0,0,1,0,1,19,0,0,6,8,6,11.333333333333334,0,0,6,6,6,11.833333333333334,0,8.9,1.4,3.51,2,1.0,1.0,1.0,0.0,0.5,11.583333333333334,12,1.0,0,0,0,0.0,1.0,11.583333333333334,6.0,1.0,1
1,1,1,9254,1,1,129.0,1,38,38,6,6,118.5,1,0,0,1,0,0,18,0,0,6,6,6,10.666666666666666,0,0,6,6,6,11.5,0,7.6,2.6,0.32,2,1.0,1.0,1.0,0.0,0.8333333333333339,11.083333333333332,12,1.0,0,0,1,1.0,1.0,11.083333333333332,6.0,1.0,1
1,1,1,171,1,1,137.0,1,19,19,5,5,134.6,1,0,0,1,0,1,19,0,0,0,0,0,0.0,0,0,0,0,0,0.0,0,10.8,1.4,1.74,2,0.0,0.0,0.0,0.0,0.0,0.0,0,0.0,0,1,0,2.0,0.0,0.0,0.0,1.0,0
1,1,1,9254,1,1,143.0,1,2,37,1,1,133.2,1,0,0,1,0,0,19,0,0,6,9,5,13.4,0,0,6,16,2,13.5,0,10.8,1.4,1.74,1,0.8333333333333334,0.3333333333333333,0.2777777777777778,-0.5,0.09999999999999964,13.45,7,0.5833333333333334,0,0,1,1.6666666666666667,0.5833333333333334,7.845833333333333,2.0,0.5,1
3,17,1,9238,1,1,138.0,1,37,37,9,9,133.5,1,0,0,1,0,1,21,0,0,6,8,3,10.2,0,0,6,13,4,12.25,0,12.7,3.7,-1.7,1,0.5,0.6666666666666666,0.3333333333333333,0.16666666666666663,2.0500000000000007,11.225,7,0.5833333333333334,0,0,0,0.33333333333333337,0.5833333333333334,6.547916666666667,4.0,0.8333333333333334,1
1,17,1,9773,1,1,120.0,1,19,38,9,7,117.9,1,0,0,1,0,1,21,0,0,6,6,5,13.0,0,0,6,7,6,12.833333333333334,0,8.9,1.4,3.51,2,0.8333333333333334,1.0,0.8333333333333334,0.16666666666666663,-0.16666666666666607,12.916666666666668,11,0.9166666666666666,0,0,0,0.0,0.9166666666666666,11.840277777777779,6.0,0.8333333333333334,1
1,1,3,9500,1,1,144.0,1,38,38,5,7,128.0,1,0,0,1,0,1,18,0,0,8,11,7,12.90857142857143,0,0,8,11,7,12.90857142857143,0,10.8,1.4,1.74,2,0.875,0.875,0.765625,0.0,0.0,12.90857142857143,14,0.875,0,0,0,0.125,0.875,11.295,7.0,1.0,1
1,1,5,9853,1,1,123.0,1,1,12,4,9,113.2,1,0,0,1,0,0,20,0,0,6,12,4,12.0,0,0,6,11,1,10.0,0,10.8,1.4,1.74,0,0.6666666666666666,0.16666666666666666,0.1111111111111111,-0.5,-2.0,11.0,5,0.4166666666666667,0,0,1,1.8333333333333335,0.4166666666666667,4.583333333333334,1.0,0.5,1
1,16,3,9070,1,1,152.0,1,1,38,4,8,156.9,1,0,0,1,0,0,19,0,0,6,6,6,15.333333333333334,0,0,6,9,6,15.833333333333334,0,12.7,3.7,-1.7,2,1.0,1.0,1.0,0.0,0.5,15.583333333333334,12,1.0,0,0,1,1.0,1.0,15.583333333333334,6.0,1.0,1
1,15,1,9147,1,1,133.1,41,41,1,3,4,100.0,0,0,1,0,1,0,26,1,6,7,7,6,13.0,0,2,6,6,2,14.0,0,11.1,0.6,2.02,0,0.8571428571428571,0.3333333333333333,0.2857142857142857,-0.5238095238095237,1.0,13.5,8,0.6153846153846154,-1,0,3,3.666666666666667,0.6153846153846154,8.307692307692308,2.0,0.4761904761904763,1
1,15,1,9119,1,1,160.0,32,1,3,143,152,160.0,0,0,1,1,0,0,19,1,0,6,11,2,13.5,1,0,5,11,2,11.0,0,8.9,1.4,3.51,1,0.3333333333333333,0.4,0.13333333333333333,0.06666666666666671,-2.5,12.25,4,0.36363636363636365,-1,0,2,2.6,0.36363636363636365,4.454545454545455,2.0,0.9333333333333333,1
2,39,1,8014,0,1,140.0,1,37,37,9,9,101.0,0,0,0,1,0,0,35,0,0,6,7,6,12.5,0,0,6,6,6,12.166666666666666,0,15.5,2.8,-4.06,2,1.0,1.0,1.0,0.0,-0.3333333333333339,12.333333333333332,12,1.0,0,0,1,1.0,1.0,12.333333333333332,6.0,1.0,1
1,18,1,9670,1,1,133.0,1,1,1,9,9,121.5,1,0,0,1,0,1,19,0,0,6,7,6,13.0,0,0,6,6,6,14.333333333333334,0,12.4,0.5,1.79,2,1.0,1.0,1.0,0.0,1.333333333333334,13.666666666666668,12,1.0,0,0,0,0.0,1.0,13.666666666666668,6.0,1.0,1
1,1,1,9085,1,1,138.0,1,38,37,9,6,126.8,1,0,0,1,1,0,18,0,0,5,6,4,11.75,0,0,5,10,5,12.571428571428571,1,10.8,1.4,1.74,2,0.8,1.0,0.8,0.19999999999999996,0.8214285714285712,12.160714285714285,9,0.9,0,0,1,1.0,0.9,10.944642857142856,5.0,0.8,1
1,1,5,9670,1,1,142.0,1,19,19,7,3,132.9,0,0,0,1,1,0,19,0,0,5,5,4,12.5,0,0,5,5,4,14.25,0,7.6,2.6,0.32,2,0.8,0.8,0.6400000000000001,0.0,1.75,13.375,8,0.8,0,0,1,1.2,0.8,10.700000000000001,4.0,1.0,1
1,1,1,171,1,1,115.0,1,1,1,9,9,134.3,1,0,0,1,1,0,25,0,16,17,19,17,11.61111111111111,0,14,17,22,17,12.055555555555555,0,12.4,0.5,1.79,2,1.0,1.0,1.0,0.0,0.44444444444444464,11.833333333333332,34,1.0,0,0,1,1.0,1.0,11.833333333333332,17.0,1.0,1
1,17,6,9254,1,1,125.0,1,1,1,4,3,120.5,1,0,0,1,1,0,18,0,0,6,6,6,14.0,0,0,6,6,6,14.666666666666666,0,11.1,0.6,2.02,2,1.0,1.0,1.0,0.0,0.6666666666666661,14.333333333333332,12,1.0,0,0,1,1.0,1.0,14.333333333333332,6.0,1.0,1
1,17,1,9003,1,1,170.0,1,1,4,9,5,144.1,1,0,1,0,1,0,26,0,0,6,8,0,0.0,0,0,6,10,0,0.0,0,16.2,0.3,-0.92,0,0.0,0.0,0.0,0.0,0.0,0.0,0,0.0,0,0,3,4.0,0.0,0.0,0.0,1.0,1
1,43,1,9991,0,1,140.0,1,1,1,6,6,100.0,0,0,0,1,1,0,34,0,0,5,5,5,13.8,0,0,5,6,5,13.833333333333334,0,9.4,-0.8,-3.12,2,1.0,1.0,1.0,0.0,0.033333333333333215,13.816666666666666,10,1.0,0,0,1,1.0,1.0,13.816666666666666,5.0,1.0,1
1,1,2,9254,1,1,110.0,1,4,19,4,3,114.8,1,0,0,0,1,0,18,0,0,5,6,0,0.0,0,0,5,5,0,0.0,0,12.7,3.7,-1.7,0,0.0,0.0,0.0,0.0,0.0,0.0,0,0.0,0,0,2,3.0,0.0,0.0,0.0,1.0,1
1,1,1,171,1,1,114.0,1,3,29,3,5,111.9,0,0,0,0,1,0,18,0,0,0,0,0,0.0,0,0,0,0,0,0.0,0,9.4,-0.8,-3.12,0,0.0,0.0,0.0,0.0,0.0,0.0,0,0.0,0,1,2,4.0,0.0,0.0,0.0,1.0,0
1,44,1,9003,1,39,140.0,1,37,37,9,4,140.0,0,0,0,1,1,0,20,0,0,6,12,3,11.5,0,0,6,12,3,13.666666666666666,0,12.4,0.5,1.79,0,0.5,0.5,0.25,0.0,2.166666666666666,12.583333333333332,6,0.5,0,0,1,1.5,0.5,6.291666666666666,3.0,1.0,1
1,44,1,9070,1,39,140.0,1,1,19,4,4,140.0,0,0,0,1,1,0,25,0,2,7,9,6,12.571428571428571,0,5,9,9,9,12.555555555555555,0,16.2,0.3,-0.92,2,0.8571428571428571,1.0,0.8571428571428571,0.1428571428571429,-0.015873015873015817,12.563492063492063,15,0.9375,2,0,1,1.0,0.9375,11.77827380952381,9.0,0.8571428571428571,1
1,1,1,9003,1,1,148.0,1,19,37,9,9,131.6,1,0,0,1,1,0,19,0,8,12,17,11,12.0,2,4,12,21,12,12.307692307692308,0,15.5,2.8,-4.06,2,0.9166666666666666,1.0,0.9166666666666666,0.08333333333333337,0.3076923076923084,12.153846153846153,23,0.9583333333333334,0,0,1,1.0,0.9583333333333334,11.647435897435898,12.0,0.9166666666666666,1
1,1,1,171,1,1,132.0,1,1,1,4,1,119.4,1,0,0,1,1,0,20,0,0,0,0,0,0.0,0,0,0,0,0,0.0,0,10.8,1.4,1.74,0,0.0,0.0,0.0,0.0,0.0,0.0,0,0.0,0,1,1,3.0,0.0,0.0,0.0,1.0,0
1,18,2,9238,1,1,126.0,1,19,37,5,7,129.9,1,0,0,1,1,1,20,0,1,7,9,6,12.0,0,2,6,6,6,11.166666666666666,0,10.8,1.4,1.74,2,0.8571428571428571,1.0,0.8571428571428571,0.1428571428571429,-0.8333333333333339,11.583333333333332,12,0.9230769230769231,-1,0,0,0.0,0.9230769230769231,10.692307692307692,6.0,0.8571428571428571,1
1,1,1,9119,1,1,121.0,1,3,1,2,3,114.0,0,0,0,1,1,0,20,0,0,5,9,4,11.6,0,0,5,7,4,12.25,2,7.6,2.6,0.32,1,0.8,0.8,0.6400000000000001,0.0,0.6500000000000004,11.925,8,0.8,0,0,1,1.2,0.8,9.540000000000001,4.0,1.0,1
1,1,2,9147,1,1,120.0,1,1,37,4,9,113.4,1,0,0,1,1,1,19,0,0,5,5,0,0.0,0,0,5,5,0,0.0,0,11.1,0.6,2.02,0,0.0,0.0,0.0,0.0,0.0,0.0,0,0.0,0,0,0,1.0,0.0,0.0,0.0,1.0,1
1,1,1,9670,1,1,136.0,1,2,38,143,163,129.7,1,0,0,1,1,0,19,0,0,6,10,4,12.5,0,0,6,12,1,10.0,3,16.2,0.3,-0.92,1,0.6666666666666666,0.16666666666666666,0.1111111111111111,-0.5,-2.5,11.25,5,0.4166666666666667,0,0,1,1.8333333333333335,0.4166666666666667,4.6875,1.0,0.5,1
1,18,1,9147,1,1,119.0,1,37,37,7,7,112.0,1,0,0,0,1,0,20,0,0,5,5,0,0.0,0,0,5,0,0,0.0,0,9.4,-0.8,-3.12,0,0.0,0.0,0.0,0.0,0.0,0.0,0,0.0,0,0,2,3.0,0.0,0.0,0.0,1.0,1
1,44,1,9003,1,39,150.0,1,38,38,9,8,150.0,1,0,0,1,1,0,20,0,0,6,8,5,12.857142857142858,0,0,6,11,6,12.3,0,16.2,0.3,-0.92,2,0.8333333333333334,1.0,0.8333333333333334,0.16666666666666663,-0.5571428571428569,12.57857142857143,11,0.9166666666666666,0,0,1,1.0,0.9166666666666666,11.530357142857143,6.0,0.8333333333333334,1
1,51,1,9119,1,1,140.0,1,1,19,4,4,150.0,0,0,0,1,1,0,23,0,0,5,7,2,13.0,0,0,5,11,1,10.0,0,8.9,1.4,3.51,0,0.4,0.2,0.08000000000000002,-0.2,-3.0,11.5,3,0.3,0,0,1,1.8,0.3,3.4499999999999997,1.0,0.8,1
1,43,4,8014,0,1,116.0,1,34,34,0,0,116.2,0,0,0,1,1,0,21,0,9,11,11,11,12.454545454545457,0,3,11,17,8,12.75,0,9.4,-0.8,-3.12,2,1.0,0.7272727272727273,0.7272727272727273,-0.2727272727272727,0.2954545454545432,12.602272727272728,19,0.8636363636363636,0,0,1,1.2727272727272727,0.8636363636363636,10.883780991735538,8.0,0.7272727272727273,1
1,17,2,9119,1,1,120.0,1,10,12,9,9,120.4,1,0,0,1,1,0,20,0,0,5,6,3,11.0,0,0,5,6,0,0.0,0,10.8,1.4,1.74,0,0.6,0.0,0.0,-0.6,-11.0,5.5,3,0.3,0,0,1,2.0,0.3,1.65,0.0,0.4,1
2,17,5,9119,1,1,126.0,1,37,38,4,4,122.9,1,0,0,1,1,0,21,0,0,5,10,4,13.2,0,0,5,7,4,14.25,2,7.6,2.6,0.32,1,0.8,0.8,0.6400000000000001,0.0,1.0500000000000007,13.725,8,0.8,0,0,1,1.2,0.8,10.98,4.0,1.0,1
1,1,1,9773,1,1,170.0,1,1,19,9,7,155.0,0,0,0,1,1,1,18,0,0,6,6,6,15.5,0,0,6,6,6,14.166666666666666,0,11.1,0.6,2.02,2,1.0,1.0,1.0,0.0,-1.333333333333334,14.833333333333332,12,1.0,0,0,0,0.0,1.0,14.833333333333332,6.0,1.0,1
1,1,3,9254,1,1,123.0,1,1,1,4,3,123.4,1,0,0,1,1,0,18,0,0,6,8,6,12.333333333333334,0,0,6,6,6,13.666666666666666,0,11.1,0.6,2.02,2,1.0,1.0,1.0,0.0,1.3333333333333321,13.0,12,1.0,0,0,1,1.0,1.0,13.0,6.0,1.0,1
1,44,1,9003,1,39,130.0,1,3,3,7,1,130.0,1,0,0,1,1,0,20,0,0,6,12,4,11.6,0,0,6,11,5,11.5,0,15.5,2.8,-4.06,1,0.6666666666666666,0.8333333333333334,0.5555555555555556,0.16666666666666674,-0.09999999999999964,11.55,9,0.75,0,0,1,1.1666666666666665,0.75,8.662500000000001,5.0,0.8333333333333333,1
1,17,1,9773,1,1,130.0,1,19,38,4,9,126.2,0,0,0,1,1,1,18,0,0,6,7,6,11.333333333333334,0,0,6,8,6,12.285714285714286,0,16.2,0.3,-0.92,2,1.0,1.0,1.0,0.0,0.9523809523809526,11.80952380952381,12,1.0,0,0,0,0.0,1.0,11.80952380952381,6.0,1.0,1
1,17,1,9773,1,1,117.0,1,37,37,0,4,120.5,1,0,0,1,1,0,19,0,0,6,12,0,0.0,1,0,6,0,0,0.0,0,9.4,-0.8,-3.12,0,0.0,0.0,0.0,0.0,0.0,0.0,0,0.0,0,0,1,2.0,0.0,0.0,0.0,1.0,1
1,17,1,9119,1,1,131.0,1,1,3,9,10,123.7,1,0,0,1,1,0,20,0,0,5,7,4,12.0,0,0,5,8,2,12.5,0,10.8,1.4,1.74,1,0.8,0.4,0.32000000000000006,-0.4,0.5,12.25,6,0.6,0,0,1,1.6,0.6,7.35,2.0,0.6,1
1,17,1,9130,1,1,130.0,1,19,38,4,7,122.5,0,0,0,1,1,0,19,0,0,5,11,4,12.0,1,0,5,9,5,12.6,0,9.4,-0.8,-3.12,2,0.8,1.0,0.8,0.19999999999999996,0.5999999999999996,12.3,9,0.9,0,0,1,1.0,0.9,11.07,5.0,0.8,1
1,39,1,9991,0,1,133.0,1,37,37,9,5,139.2,1,0,1,1,1,0,33,0,0,5,11,2,12.5,0,0,5,9,2,11.5,1,12.7,3.7,-1.7,0,0.4,0.4,0.16000000000000003,0.0,-1.0,12.0,4,0.4,0,0,2,2.6,0.4,4.800000000000001,2.0,1.0,1
1,51,1,171,1,1,128.0,1,2,1,3,3,131.2,1,0,0,1,1,0,21,0,6,12,12,12,13.666666666666666,0,4,11,16,11,13.0,0,8.9,1.4,3.51,2,1.0,1.0,1.0,0.0,-0.6666666666666661,13.333333333333332,23,1.0,-1,0,1,1.0,1.0,13.333333333333332,11.0,1.0,1
2,39,1,9003,1,1,133.1,1,1,19,4,4,120.0,0,0,1,0,1,0,25,0,0,6,17,2,14.5,2,0,6,13,0,0.0,1,15.5,2.8,-4.06,0,0.3333333333333333,0.0,0.0,-0.3333333333333333,-14.5,7.25,2,0.16666666666666666,0,0,3,4.0,0.16666666666666666,1.2083333333333333,0.0,0.6666666666666667,1
1,1,1,9085,1,1,123.0,1,1,1,4,9,116.7,1,0,0,1,1,1,20,0,0,6,10,4,13.2,0,0,6,8,0,0.0,0,12.4,0.5,1.79,0,0.6666666666666666,0.0,0.0,-0.6666666666666666,-13.2,6.6,4,0.3333333333333333,0,0,0,1.0,0.3333333333333333,2.1999999999999997,0.0,0.33333333333333337,1
4,39,1,9773,1,19,133.1,1,37,37,9,1,117.5,0,0,0,1,0,0,39,0,0,6,10,4,11.25,0,0,6,6,6,11.333333333333334,0,10.8,1.4,1.74,2,0.6666666666666666,1.0,0.6666666666666666,0.33333333333333337,0.08333333333333393,11.291666666666668,10,0.8333333333333334,0,0,1,1.0,0.8333333333333334,9.409722222222223,6.0,0.6666666666666666,1
1,1,2,9670,1,1,140.0,1,3,1,2,6,137.6,1,0,0,1,1,1,21,0,0,6,8,6,15.166666666666666,0,0,6,7,6,14.428571428571429,0,8.9,1.4,3.51,2,1.0,1.0,1.0,0.0,-0.7380952380952372,14.797619047619047,12,1.0,0,0,0,0.0,1.0,14.797619047619047,6.0,1.0,1
1,17,1,9254,1,1,126.0,1,1,1,9,9,124.3,0,0,0,1,0,1,19,0,0,6,8,6,11.166666666666666,0,0,6,7,4,13.4,0,16.2,0.3,-0.92,2,1.0,0.6666666666666666,0.6666666666666666,-0.33333333333333337,2.2333333333333343,12.283333333333333,10,0.8333333333333334,0,0,0,0.33333333333333337,0.8333333333333334,10.23611111111111,4.0,0.6666666666666666,1
1,39,1,9500,1,19,133.1,1,37,37,9,7,116.0,0,0,0,1,0,1,26,0,0,7,8,6,10.983333333333334,0,0,7,8,6,10.983333333333334,0,7.6,2.6,0.32,2,0.8571428571428571,0.8571428571428571,0.7346938775510203,0.0,0.0,10.983333333333334,12,0.8571428571428571,0,0,0,0.1428571428571429,0.8571428571428571,9.414285714285715,6.0,1.0,1
1,18,2,9238,1,1,121.0,1,19,1,4,3,121.4,1,0,0,1,0,1,19,0,0,6,8,4,10.75,0,0,6,11,5,11.5,0,15.5,2.8,-4.06,2,0.6666666666666666,0.8333333333333334,0.5555555555555556,0.16666666666666674,0.75,11.125,9,0.75,0,0,0,0.16666666666666663,0.75,8.34375,5.0,0.8333333333333333,1
1,53,1,9085,1,42,140.0,1,1,3,4,2,142.8,1,0,0,0,0,1,20,0,7,12,15,11,13.384615384615383,0,4,9,13,7,14.285714285714286,0,8.9,1.4,3.51,2,0.9166666666666666,0.7777777777777778,0.7129629629629629,-0.13888888888888884,0.9010989010989032,13.835164835164836,18,0.8571428571428571,-3,0,1,1.2222222222222223,0.8571428571428571,11.858712715855573,7.0,0.8611111111111112,1
1,43,1,8014,0,1,131.0,1,19,37,8,5,125.0,0,0,0,1,1,0,24,0,0,6,13,0,0.0,3,0,6,6,0,0.0,0,16.2,0.3,-0.92,0,0.0,0.0,0.0,0.0,0.0,0.0,0,0.0,0,0,1,2.0,0.0,0.0,0.0,1.0,1
1,17,6,9119,1,1,124.0,1,19,19,4,0,126.1,1,0,0,1,1,0,20,0,0,5,7,4,13.0,0,0,5,9,5,14.833333333333334,3,7.6,2.6,0.32,2,0.8,1.0,0.8,0.19999999999999996,1.833333333333334,13.916666666666668,9,0.9,0,0,1,1.0,0.9,12.525000000000002,5.0,0.8,1
2,39,1,9003,1,1,120.0,1,37,37,9,9,155.8,0,0,0,1,1,0,29,0,0,6,9,6,16.11111111111111,0,0,6,7,6,13.5,0,13.9,-0.3,0.79,2,1.0,1.0,1.0,0.0,-2.6111111111111107,14.805555555555555,12,1.0,0,0,1,1.0,1.0,14.805555555555555,6.0,1.0,1
1,1,1,9773,1,1,133.1,1,1,3,9,9,116.0,0,0,0,1,1,0,20,0,0,6,8,6,11.5,0,0,6,8,6,11.0,0,16.2,0.3,-0.92,2,1.0,1.0,1.0,0.0,-0.5,11.25,12,1.0,0,0,1,1.0,1.0,11.25,6.0,1.0,1
1,44,1,9130,1,39,110.0,1,3,4,2,2,110.0,1,0,0,1,1,0,20,0,0,6,15,4,10.75,0,0,6,12,2,10.5,0,13.9,-0.3,0.79,0,0.6666666666666666,0.3333333333333333,0.2222222222222222,-0.3333333333333333,-0.25,10.625,6,0.5,0,0,1,1.6666666666666667,0.5,5.3125,2.0,0.6666666666666667,1
1,39,1,9670,1,19,133.1,1,19,1,5,8,97.2,1,0,0,1,1,1,24,0,0,6,10,4,11.6,0,0,6,8,5,13.0,0,11.1,0.6,2.02,2,0.6666666666666666,0.8333333333333334,0.5555555555555556,0.16666666666666674,1.4000000000000004,12.3,9,0.75,0,0,0,0.16666666666666663,0.75,9.225000000000001,5.0,0.8333333333333333,1
1,39,1,9500,1,19,133.1,1,1,3,2,2,100.0,0,0,1,1,1,0,24,0,0,7,21,0,0.0,3,0,7,7,0,0.0,0,16.2,0.3,-0.92,0,0.0,0.0,0.0,0.0,0.0,0.0,0,0.0,0,0,2,3.0,0.0,0.0,0.0,1.0,1
1,7,1,9119,1,40,140.0,1,3,1,2,5,140.0,0,0,0,1,1,0,23,0,0,5,5,5,13.8,0,0,5,7,5,14.142857142857142,0,11.1,0.6,2.02,2,1.0,1.0,1.0,0.0,0.34285714285714164,13.971428571428572,10,1.0,0,0,1,1.0,1.0,13.971428571428572,5.0,1.0,1
1,43,1,9556,1,1,130.0,1,1,37,5,5,128.0,1,0,0,1,1,0,20,0,0,7,8,7,13.585714285714284,0,0,8,8,8,14.6875,0,15.5,2.8,-4.06,2,1.0,1.0,1.0,0.0,1.1017857142857164,14.136607142857141,15,1.0,1,0,1,1.0,1.0,14.136607142857141,8.0,1.0,1
1,17,2,9670,1,1,110.0,1,1,1,4,10,115.3,1,0,0,1,1,0,19,0,0,6,8,6,13.857142857142858,0,0,6,8,5,13.0,0,15.5,2.8,-4.06,2,1.0,0.8333333333333334,0.8333333333333334,-0.16666666666666663,-0.8571428571428577,13.428571428571429,11,0.9166666666666666,0,0,1,1.1666666666666665,0.9166666666666666,12.309523809523808,5.0,0.8333333333333334,1
4,39,1,9003,1,1,140.0,1,37,37,9,8,150.0,0,0,0,1,1,0,28,0,0,6,12,5,12.0,0,0,6,10,6,12.333333333333334,0,11.1,0.6,2.02,1,0.8333333333333334,1.0,0.8333333333333334,0.16666666666666663,0.3333333333333339,12.166666666666668,11,0.9166666666666666,0,0,1,1.0,0.9166666666666666,11.152777777777779,6.0,0.8333333333333334,1
1,44,1,9003,1,39,160.0,1,1,38,4,4,160.0,1,0,0,1,1,1,20,0,0,6,9,6,13.444444444444445,0,0,6,9,5,12.6,0,13.9,-0.3,0.79,2,1.0,0.8333333333333334,0.8333333333333334,-0.16666666666666663,-0.844444444444445,13.022222222222222,11,0.9166666666666666,0,0,0,0.16666666666666663,0.9166666666666666,11.937037037037037,5.0,0.8333333333333334,1
1,1,1,9070,1,1,138.0,1,38,37,3,3,133.1,0,0,0,1,1,0,18,0,0,6,6,6,14.0,0,0,6,7,6,13.857142857142858,0,8.9,1.4,3.51,2,1.0,1.0,1.0,0.0,-0.14285714285714235,13.928571428571429,12,1.0,0,0,1,1.0,1.0,13.928571428571429,6.0,1.0,1
1,1,1,9670,1,1,126.0,1,1,1,90,90,119.0,1,0,1,1,1,0,20,0,0,6,10,1,12.0,1,0,6,0,0,0.0,0,10.8,1.4,1.74,0,0.16666666666666666,0.0,0.0,-0.16666666666666666,-12.0,6.0,1,0.08333333333333333,0,0,2,3.0,0.08333333333333333,0.5,0.0,0.8333333333333334,1
2,39,1,9991,0,1,120.0,1,37,19,5,3,156.0,1,0,0,1,1,0,33,0,0,5,5,5,14.2,0,0,5,6,5,13.833333333333334,0,10.8,1.4,1.74,2,1.0,1.0,1.0,0.0,-0.36666666666666536,14.016666666666666,10,1.0,0,0,1,1.0,1.0,14.016666666666666,5.0,1.0,1
2,39,1,9500,1,1,130.0,1,37,37,191,183,163.7,0,0,0,1,0,0,35,0,0,7,11,5,13.34,0,0,7,9,5,10.84,0,12.4,0.5,1.79,1,0.7142857142857143,0.7142857142857143,0.5102040816326531,0.0,-2.5,12.09,10,0.7142857142857143,0,0,1,1.2857142857142856,0.7142857142857143,8.635714285714286,5.0,1.0,1
1,17,5,9773,1,1,122.0,1,38,38,7,7,123.1,1,0,0,0,0,0,19,0,0,6,12,3,11.0,0,0,6,12,3,12.0,0,9.4,-0.8,-3.12,0,0.5,0.5,0.25,0.0,1.0,11.5,6,0.5,0,0,2,2.5,0.5,5.75,3.0,1.0,1
1,1,1,171,1,1,134.0,1,19,37,7,7,136.1,1,0,0,1,1,0,19,0,0,0,0,0,0.0,0,0,0,0,0,0.0,0,9.4,-0.8,-3.12,2,0.0,0.0,0.0,0.0,0.0,0.0,0,0.0,0,1,1,3.0,0.0,0.0,0.0,1.0,0
1,43,1,9070,1,1,134.0,1,19,37,7,7,132.7,1,0,0,1,1,0,22,0,9,13,13,13,14.0,0,7,12,13,12,13.0,0,15.5,2.8,-4.06,2,1.0,1.0,1.0,0.0,-1.0,13.5,25,1.0,-1,0,1,1.0,1.0,13.5,12.0,1.0,1
1,43,1,9500,1,1,140.0,100,1,1,6,6,128.2,0,0,0,1,0,0,39,1,0,7,0,0,0.0,0,0,8,0,0,0.0,0,12.7,3.7,-1.7,0,0.0,0.0,0.0,0.0,0.0,0.0,0,0.0,1,0,1,2.0,0.0,0.0,0.0,1.0,1
1,17,1,9254,1,1,127.0,1,1,1,4,8,126.7,1,0,0,0,1,0,22,0,0,1,1,0,0.0,0,0,6,0,0,0.0,0,12.4,0.5,1.79,0,0.0,0.0,0.0,0.0,0.0,0.0,0,0.0,5,0,2,3.0,0.0,0.0,0.0,1.0,1
2,39,1,9991,0,1,133.1,1,37,19,9,10,150.0,0,0,0,1,1,0,47,0,0,5,8,4,10.0,0,0,5,8,4,12.5,0,9.4,-0.8,-3.12,1,0.8,0.8,0.6400000000000001,0.0,2.5,11.25,8,0.8,0,0,1,1.2,0.8,9.0,4.0,1.0,1
1,17,1,171,1,1,143.0,1,19,37,5,9,156.3,1,0,0,1,1,1,19,0,0,0,0,0,0.0,0,0,0,0,0,0.0,0,11.1,0.6,2.02,2,0.0,0.0,0.0,0.0,0.0,0.0,0,0.0,0,1,0,2.0,0.0,0.0,0.0,1.0,0
1,10,1,9254,1,1,115.0,24,3,1,9,9,116.1,1,0,0,1,0,0,19,1,0,6,6,6,13.5,0,0,6,6,6,14.333333333333334,0,12.4,0.5,1.79,2,1.0,1.0,1.0,0.0,0.8333333333333339,13.916666666666668,12,1.0,0,0,1,1.0,1.0,13.916666666666668,6.0,1.0,1
1,17,1,9500,1,1,131.0,1,19,37,9,9,123.8,1,0,0,1,0,0,19,0,0,7,0,0,0.0,0,0,8,0,0,0.0,0,15.5,2.8,-4.06,0,0.0,0.0,0.0,0.0,0.0,0.0,0,0.0,1,0,1,2.0,0.0,0.0,0.0,1.0,1
1,1,1,171,1,1,146.0,1,19,37,9,7,153.0,1,0,0,1,0,1,21,0,15,17,18,17,13.38888888888889,0,15,17,18,17,14.88888888888889,0,11.1,0.6,2.02,2,1.0,1.0,1.0,0.0,1.5,14.13888888888889,34,1.0,0,0,0,0.0,1.0,14.13888888888889,17.0,1.0,1
1,7,1,9500,1,5,140.0,1,19,1,4,1,140.0,1,0,0,0,0,0,39,0,0,7,0,0,0.0,0,0,8,0,0,0.0,0,12.4,0.5,1.79,0,0.0,0.0,0.0,0.0,0.0,0.0,0,0.0,1,0,2,3.0,0.0,0.0,0.0,1.0,1
1,17,1,171,1,1,135.0,1,19,1,4,1,131.9,1,0,0,1,1,0,19,0,6,12,12,12,13.583333333333334,0,4,11,12,11,13.583333333333334,0,8.9,1.4,3.51,2,1.0,1.0,1.0,0.0,0.0,13.583333333333334,23,1.0,-1,0,1,1.0,1.0,13.583333333333334,11.0,1.0,1
1,39,1,9147,1,12,133.1,1,1,1,9,4,140.0,1,0,1,0,1,0,24,0,0,5,5,0,0.0,0,0,5,5,0,0.0,0,12.7,3.7,-1.7,0,0.0,0.0,0.0,0.0,0.0,0.0,0,0.0,0,0,3,4.0,0.0,0.0,0.0,1.0,1
1,39,1,9991,0,1,120.0,1,19,19,9,9,115.0,1,0,0,1,1,0,27,0,0,5,9,1,10.0,0,0,5,5,0,0.0,0,12.7,3.7,-1.7,0,0.2,0.0,0.0,-0.2,-10.0,5.0,1,0.1,0,0,1,2.0,0.1,0.5,0.0,0.8,1
2,39,1,9991,0,1,133.1,1,37,37,9,9,168.0,0,0,0,1,1,0,29,0,0,5,5,5,15.2,0,0,5,5,5,15.2,0,11.1,0.6,2.02,2,1.0,1.0,1.0,0.0,0.0,15.2,10,1.0,0,0,1,1.0,1.0,15.2,5.0,1.0,1
1,17,1,9085,1,1,130.0,1,19,1,9,4,101.3,1,0,0,1,1,0,20,0,0,6,12,4,12.8,0,0,6,17,0,0.0,0,12.4,0.5,1.79,0,0.6666666666666666,0.0,0.0,-0.6666666666666666,-12.8,6.4,4,0.3333333333333333,0,0,1,2.0,0.3333333333333333,2.1333333333333333,0.0,0.33333333333333337,1
1,1,1,9500,1,1,151.0,1,1,1,4,3,132.3,0,0,0,1,1,0,19,0,0,8,9,7,12.828571428571427,0,0,8,9,7,12.828571428571427,0,12.7,3.7,-1.7,2,0.875,0.875,0.765625,0.0,0.0,12.828571428571427,14,0.875,0,0,1,1.125,0.875,11.225,7.0,1.0,1
1,17,1,9773,1,1,112.0,1,1,1,5,1,111.7,0,0,1,0,1,0,19,0,0,6,6,6,12.5,0,0,6,10,4,12.6,0,15.5,2.8,-4.06,0,1.0,0.6666666666666666,0.6666666666666666,-0.33333333333333337,0.09999999999999964,12.55,10,0.8333333333333334,0,0,3,3.3333333333333335,0.8333333333333334,10.458333333333334,4.0,0.6666666666666666,1
1,15,1,9254,1,1,140.0,26,19,1,9,7,140.0,1,0,0,0,0,0,21,1,0,6,6,6,11.5,0,0,6,10,4,13.25,0,13.9,-0.3,0.79,2,1.0,0.6666666666666666,0.6666666666666666,-0.33333333333333337,1.75,12.375,10,0.8333333333333334,0,0,2,2.3333333333333335,0.8333333333333334,10.3125,4.0,0.6666666666666666,1
4,39,1,9003,1,1,133.1,1,19,19,9,4,100.7,0,0,0,1,0,0,39,0,0,6,15,2,13.0,2,0,6,13,3,13.0,1,15.5,2.8,-4.06,1,0.3333333333333333,0.5,0.16666666666666666,0.16666666666666669,0.0,13.0,5,0.4166666666666667,0,0,1,1.5,0.4166666666666667,5.416666666666667,3.0,0.8333333333333333,1
1,17,3,9500,1,1,143.0,1,38,1,9,5,133.8,1,0,0,1,0,0,18,0,0,7,7,6,13.033333333333331,0,0,7,7,6,13.033333333333331,0,7.6,2.6,0.32,2,0.8571428571428571,0.8571428571428571,0.7346938775510203,0.0,0.0,13.033333333333331,12,0.8571428571428571,0,0,1,1.1428571428571428,0.8571428571428571,11.171428571428569,6.0,1.0,1
2,15,1,9773,1,1,133.1,41,37,37,9,6,100.0,0,0,0,1,0,0,59,1,0,6,8,6,12.166666666666666,0,0,6,7,4,11.75,0,11.1,0.6,2.02,2,1.0,0.6666666666666666,0.6666666666666666,-0.33333333333333337,-0.4166666666666661,11.958333333333332,10,0.8333333333333334,0,0,1,1.3333333333333335,0.8333333333333334,9.965277777777777,4.0,0.6666666666666666,1
1,1,1,9085,1,1,136.0,1,1,38,9,9,130.8,1,0,0,1,0,0,18,0,0,5,7,5,14.4,1,0,5,5,5,13.6,0,12.7,3.7,-1.7,2,1.0,1.0,1.0,0.0,-0.8000000000000007,14.0,10,1.0,0,0,1,1.0,1.0,14.0,5.0,1.0,1
2,44,1,9991,0,39,140.0,1,37,37,9,9,140.0,0,0,0,1,0,0,41,0,2,6,10,4,12.25,0,3,7,9,6,12.5,0,9.4,-0.8,-3.12,1,0.6666666666666666,0.8571428571428571,0.5714285714285714,0.19047619047619047,0.25,12.375,10,0.7692307692307693,1,0,1,1.1428571428571428,0.7692307692307693,9.51923076923077,6.0,0.8095238095238095,1
1,39,1,9500,1,1,130.0,1,37,19,9,8,106.2,1,0,0,1,0,0,27,0,0,7,14,0,0.0,0,0,7,14,0,0.0,0,11.1,0.6,2.02,0,0.0,0.0,0.0,0.0,0.0,0.0,0,0.0,0,0,1,2.0,0.0,0.0,0.0,1.0,1
1,1,1,9238,1,1,141.0,1,38,19,9,10,125.6,1,0,0,1,0,1,18,0,0,6,6,6,12.666666666666666,0,0,6,6,6,12.0,0,9.4,-0.8,-3.12,2,1.0,1.0,1.0,0.0,-0.6666666666666661,12.333333333333332,12,1.0,0,0,0,0.0,1.0,12.333333333333332,6.0,1.0,1
1,18,5,9853,1,1,121.0,1,38,19,7,7,117.5,1,0,1,0,0,0,20,0,0,6,14,2,12.0,0,0,6,14,3,11.666666666666666,0,10.8,1.4,1.74,0,0.3333333333333333,0.5,0.16666666666666666,0.16666666666666669,-0.3333333333333339,11.833333333333332,5,0.4166666666666667,0,0,3,3.5,0.4166666666666667,4.930555555555555,3.0,0.8333333333333333,1
2,39,1,9119,1,3,120.0,1,37,37,4,7,122.5,0,0,0,0,0,0,32,0,0,5,6,0,0.0,0,0,5,5,0,0.0,0,12.7,3.7,-1.7,0,0.0,0.0,0.0,0.0,0.0,0.0,0,0.0,0,0,2,3.0,0.0,0.0,0.0,1.0,1
2,39,1,9853,1,12,133.1,1,37,37,7,8,103.0,0,0,0,1,0,0,41,0,0,6,0,0,0.0,0,0,6,0,0,0.0,0,16.2,0.3,-0.92,0,0.0,0.0,0.0,0.0,0.0,0.0,0,0.0,0,0,1,2.0,0.0,0.0,0.0,1.0,1
4,17,5,8014,0,1,100.0,1,19,19,90,90,107.0,0,0,0,1,0,0,38,0,0,5,12,1,10.0,0,0,5,10,0,0.0,0,10.8,1.4,1.74,0,0.2,0.0,0.0,-0.2,-10.0,5.0,1,0.1,0,0,1,2.0,0.1,0.5,0.0,0.8,1
1,7,1,9130,1,2,133.1,6,42,1,4,9,100.0,0,0,0,1,1,0,35,1,0,7,8,0,0.0,1,0,6,9,0,0.0,0,8.9,1.4,3.51,0,0.0,0.0,0.0,0.0,0.0,0.0,0,0.0,-1,0,1,2.0,0.0,0.0,0.0,1.0,1
1,39,1,8014,0,1,133.1,1,34,34,0,0,100.0,1,0,0,1,0,0,27,0,0,6,11,4,12.25,0,0,6,16,3,12.0,0,7.6,2.6,0.32,0,0.6666666666666666,0.5,0.3333333333333333,-0.16666666666666663,-0.25,12.125,7,0.5833333333333334,0,0,1,1.5,0.5833333333333334,7.072916666666667,3.0,0.8333333333333334,1
1,17,1,9070,1,1,139.0,1,1,37,4,9,131.3,1,0,0,1,0,0,19,0,0,6,10,4,12.0,1,0,6,6,6,12.5,0,7.6,2.6,0.32,2,0.6666666666666666,1.0,0.6666666666666666,0.33333333333333337,0.5,12.25,10,0.8333333333333334,0,0,1,1.0,0.8333333333333334,10.208333333333334,6.0,0.6666666666666666,1
1,18,1,9773,1,1,125.0,1,19,37,9,5,122.2,0,0,0,0,0,0,18,0,0,6,7,5,12.6,0,0,6,6,5,11.8,0,11.1,0.6,2.02,1,0.8333333333333334,0.8333333333333334,0.6944444444444445,0.0,-0.7999999999999989,12.2,10,0.8333333333333334,0,0,2,2.1666666666666665,0.8333333333333334,10.166666666666666,5.0,1.0,1
2,39,1,9991,0,9,133.1,1,34,34,0,0,118.4,0,0,0,0,0,0,39,0,0,5,5,0,0.0,0,0,5,5,0,0.0,0,7.6,2.6,0.32,0,0.0,0.0,0.0,0.0,0.0,0.0,0,0.0,0,0,2,3.0,0.0,0.0,0.0,1.0,1
2,7,1,9254,1,2,100.0,1,37,37,9,9,100.0,0,0,0,0,0,0,37,0,0,5,5,0,0.0,0,0,5,10,0,0.0,0,10.8,1.4,1.74,0,0.0,0.0,0.0,0.0,0.0,0.0,0,0.0,0,0,2,3.0,0.0,0.0,0.0,1.0,1
5,39,1,9500,1,1,110.0,1,38,38,9,9,110.0,0,0,0,0,0,0,37,0,0,8,8,0,0.0,1,0,8,8,0,0.0,1,12.7,3.7,-1.7,0,0.0,0.0,0.0,0.0,0.0,0.0,0,0.0,0,0,2,3.0,0.0,0.0,0.0,1.0,1
2,43,1,8014,0,1,133.1,1,34,34,0,0,100.0,0,0,0,1,0,1,35,0,11,16,16,16,12.6875,0,11,13,13,13,12.0,0,9.4,-0.8,-3.12,2,1.0,1.0,1.0,0.0,-0.6875,12.34375,29,1.0,-3,0,0,0.0,1.0,12.34375,13.0,1.0,1
1,43,1,9147,1,1,123.0,1,37,37,9,9,106.2,0,0,0,1,0,0,49,0,9,13,22,10,10.4,0,4,9,18,6,10.666666666666666,0,12.7,3.7,-1.7,2,0.7692307692307693,0.6666666666666666,0.5128205128205128,-0.10256410256410264,0.2666666666666657,10.533333333333333,16,0.7272727272727273,-4,0,1,1.3333333333333335,0.7272727272727273,7.660606060606061,6.0,0.8974358974358974,1
1,7,1,9147,1,40,110.0,1,37,37,9,9,110.0,0,0,0,1,0,0,52,0,11,15,26,14,10.466666666666669,0,9,12,16,12,10.923076923076923,0,13.9,-0.3,0.79,2,0.9333333333333333,1.0,0.9333333333333333,0.06666666666666665,0.4564102564102548,10.694871794871796,26,0.9629629629629629,-3,0,1,1.0,0.9629629629629629,10.298765432098765,12.0,0.9333333333333333,1
1,1,2,9085,1,1,130.0,1,1,38,5,5,122.3,1,0,0,1,0,0,18,0,0,5,10,5,14.333333333333334,2,0,5,8,5,13.0,1,9.4,-0.8,-3.12,2,1.0,1.0,1.0,0.0,-1.333333333333334,13.666666666666668,10,1.0,0,0,1,1.0,1.0,13.666666666666668,5.0,1.0,1
1,39,1,8014,0,1,133.1,1,37,37,9,9,112.5,0,0,0,1,0,1,30,0,0,7,7,6,14.666666666666666,1,0,6,7,6,14.333333333333334,0,10.8,1.4,1.74,2,0.8571428571428571,1.0,0.8571428571428571,0.1428571428571429,-0.33333333333333215,14.5,12,0.9230769230769231,-1,0,0,0.0,0.9230769230769231,13.384615384615385,6.0,0.8571428571428571,1
1,1,2,9500,1,1,97.0,1,1,19,2,7,98.1,1,0,0,1,0,0,21,0,0,7,7,7,12.835714285714284,0,0,8,8,8,14.23125,0,11.1,0.6,2.02,2,1.0,1.0,1.0,0.0,1.3955357142857157,13.533482142857142,15,1.0,1,0,1,1.0,1.0,13.533482142857142,8.0,1.0,1
1,1,1,9119,1,1,130.0,1,37,19,9,5,140.2,1,0,0,1,1,0,20,0,0,5,5,0,0.0,0,0,5,0,0,0.0,0,9.4,-0.8,-3.12,0,0.0,0.0,0.0,0.0,0.0,0.0,0,0.0,0,0,1,2.0,0.0,0.0,0.0,1.0,1
1,17,1,9147,1,1,139.0,1,1,38,6,6,143.6,1,0,1,1,1,0,18,0,0,5,9,0,0.0,0,0,5,5,0,0.0,0,7.6,2.6,0.32,1,0.0,0.0,0.0,0.0,0.0,0.0,0,0.0,0,0,2,3.0,0.0,0.0,0.0,1.0,1
1,1,3,9500,1,1,141.0,1,3,19,2,10,126.8,1,0,0,1,1,0,18,0,0,8,8,8,13.24875,0,0,8,8,8,13.24875,0,9.4,-0.8,-3.12,2,1.0,1.0,1.0,0.0,0.0,13.24875,16,1.0,0,0,1,1.0,1.0,13.24875,8.0,1.0,1
1,15,1,33,1,1,133.1,41,2,3,2,4,100.0,0,0,0,1,1,0,20,1,0,7,10,7,12.857142857142858,0,0,7,7,4,12.75,0,8.9,1.4,3.51,1,1.0,0.5714285714285714,0.5714285714285714,-0.4285714285714286,-0.10714285714285765,12.803571428571429,11,0.7857142857142857,0,0,1,1.4285714285714286,0.7857142857142857,10.059948979591837,4.0,0.5714285714285714,1
1,1,4,9147,1,1,116.0,1,1,1,3,4,113.6,1,0,0,1,0,1,22,0,0,5,6,3,14.0,0,0,5,8,5,12.4,0,11.1,0.6,2.02,2,0.6,1.0,0.6,0.4,-1.5999999999999996,13.2,8,0.8,0,0,0,0.0,0.8,10.56,5.0,0.6,1
1,17,6,9238,1,1,135.0,1,1,19,7,7,126.6,1,0,0,1,0,1,19,0,0,6,8,6,13.625,0,0,6,7,6,12.166666666666666,0,12.7,3.7,-1.7,2,1.0,1.0,1.0,0.0,-1.458333333333334,12.895833333333332,12,1.0,0,0,0,0.0,1.0,12.895833333333332,6.0,1.0,1
1,17,5,9500,1,1,144.0,1,19,38,9,5,130.7,1,0,0,1,0,1,18,0,0,7,8,7,14.85,0,0,8,9,8,15.61111111111111,0,13.9,-0.3,0.79,2,1.0,1.0,1.0,0.0,0.7611111111111111,15.230555555555554,15,1.0,1,0,0,0.0,1.0,15.230555555555554,8.0,1.0,1
1,1,2,9147,1,1,108.0,1,1,19,4,4,105.9,1,0,0,1,1,0,21,0,0,5,9,4,10.75,0,0,5,6,5,11.4,0,11.1,0.6,2.02,2,0.8,1.0,0.8,0.19999999999999996,0.6500000000000004,11.075,9,0.9,0,0,1,1.0,0.9,9.9675,5.0,0.8,1
1,43,1,9130,1,1,133.1,6,37,37,9,6,100.0,0,0,0,1,0,0,37,1,0,6,0,0,0.0,0,0,6,0,0,0.0,0,13.9,-0.3,0.79,0,0.0,0.0,0.0,0.0,0.0,0.0,0,0.0,0,0,1,2.0,0.0,0.0,0.0,1.0,1
1,39,1,9003,1,19,133.1,1,37,37,9,10,120.0,0,0,1,0,1,0,38,0,0,6,8,0,0.0,0,0,6,10,0,0.0,0,16.2,0.3,-0.92,0,0.0,0.0,0.0,0.0,0.0,0.0,0,0.0,0,0,3,4.0,0.0,0.0,0.0,1.0,1
6,39,1,9991,0,12,130.0,1,37,37,90,90,119.0,1,0,0,0,1,0,55,0,0,5,5,0,0.0,0,0,5,5,0,0.0,0,7.6,2.6,0.32,0,0.0,0.0,0.0,0.0,0.0,0.0,0,0.0,0,0,2,3.0,0.0,0.0,0.0,1.0,1
5,39,1,9003,1,1,133.1,1,37,37,9,7,110.0,0,0,1,0,0,0,28,0,0,6,17,5,13.0,0,0,6,11,4,11.75,0,13.9,-0.3,0.79,0,0.8333333333333334,0.6666666666666666,0.5555555555555556,-0.16666666666666674,-1.25,12.375,9,0.75,0,0,3,3.3333333333333335,0.75,9.28125,4.0,0.8333333333333333,1
5,7,1,9991,0,2,120.0,1,37,37,6,6,120.0,0,0,0,1,0,0,46,0,6,8,12,8,12.375,0,4,9,11,5,12.4,0,8.9,1.4,3.51,2,1.0,0.5555555555555556,0.5555555555555556,-0.4444444444444444,0.025000000000000355,12.3875,13,0.7647058823529411,1,0,1,1.4444444444444444,0.7647058823529411,9.472794117647057,5.0,0.5555555555555556,1
1,39,1,9991,0,1,100.0,1,19,37,5,5,120.7,0,0,0,1,0,0,28,0,0,5,9,4,11.25,0,0,5,7,4,13.0,0,7.6,2.6,0.32,1,0.8,0.8,0.6400000000000001,0.0,1.75,12.125,8,0.8,0,0,1,1.2,0.8,9.700000000000001,4.0,1.0,1
1,1,3,9085,1,1,131.0,1,37,19,9,8,136.3,1,0,1,0,0,0,18,0,0,5,7,3,13.0,0,0,5,8,3,12.0,0,7.6,2.6,0.32,0,0.6,0.6,0.36,0.0,-1.0,12.5,6,0.6,0,0,3,3.4,0.6,7.5,3.0,1.0,1
1,1,1,9773,1,1,146.0,1,37,37,9,7,149.2,1,0,0,1,1,1,21,0,0,6,6,6,13.5,0,0,6,6,6,14.166666666666666,0,12.7,3.7,-1.7,2,1.0,1.0,1.0,0.0,0.6666666666666661,13.833333333333332,12,1.0,0,0,0,0.0,1.0,13.833333333333332,6.0,1.0,1
1,16,2,9070,1,1,133.0,1,1,3,4,2,122.5,1,0,0,1,0,0,18,0,0,6,11,1,11.0,1,0,6,11,4,11.0,4,7.6,2.6,0.32,1,0.16666666666666666,0.6666666666666666,0.1111111111111111,0.5,0.0,11.0,5,0.4166666666666667,0,0,1,1.3333333333333335,0.4166666666666667,4.583333333333334,4.0,0.5,1
1,43,1,9991,0,1,120.0,1,19,37,3,9,100.0,0,0,0,1,0,0,34,0,0,5,9,0,0.0,0,0,5,10,1,11.0,0,13.9,-0.3,0.79,0,0.0,0.2,0.0,0.2,11.0,5.5,1,0.1,0,0,1,1.8,0.1,0.55,1.0,0.8,1
1,1,1,9773,1,1,132.0,1,37,19,9,9,131.0,1,0,0,1,0,1,18,0,0,6,8,5,13.0,0,0,6,7,6,13.0,0,15.5,2.8,-4.06,2,0.8333333333333334,1.0,0.8333333333333334,0.16666666666666663,0.0,13.0,11,0.9166666666666666,0,0,0,0.0,0.9166666666666666,11.916666666666666,6.0,0.8333333333333334,1
1,17,2,9119,1,1,133.1,1,1,2,3,3,117.0,1,0,0,1,1,0,21,0,0,5,10,5,11.166666666666666,0,0,5,10,3,10.8,0,12.4,0.5,1.79,1,1.0,0.6,0.6,-0.4,-0.36666666666666536,10.983333333333334,8,0.8,0,0,1,1.4,0.8,8.786666666666667,3.0,0.6,1
1,17,1,9254,1,1,119.0,1,37,37,5,4,118.0,1,0,0,1,1,0,19,0,0,6,13,2,10.5,0,0,6,11,1,12.0,0,10.8,1.4,1.74,0,0.3333333333333333,0.16666666666666666,0.05555555555555555,-0.16666666666666666,1.5,11.25,3,0.25,0,0,1,1.8333333333333335,0.25,2.8125,1.0,0.8333333333333334,1
1,17,2,8014,0,1,134.0,1,1,19,4,99,126.0,1,0,0,1,1,0,22,0,0,6,7,6,12.666666666666666,0,0,6,6,6,12.166666666666666,0,7.6,2.6,0.32,2,1.0,1.0,1.0,0.0,-0.5,12.416666666666666,12,1.0,0,0,1,1.0,1.0,12.416666666666666,6.0,1.0,1
1,44,1,9003,1,39,120.0,1,1,19,4,7,120.0,0,0,0,1,1,0,23,0,1,6,6,1,11.0,0,0,6,8,0,0.0,0,15.5,2.8,-4.06,0,0.16666666666666666,0.0,0.0,-0.16666666666666666,-11.0,5.5,1,0.08333333333333333,0,0,1,2.0,0.08333333333333333,0.4583333333333333,0.0,0.8333333333333334,1
1,1,4,9147,1,1,120.0,1,19,38,5,5,122.8,1,0,0,1,1,0,18,0,0,5,6,4,11.5,0,0,5,12,2,10.333333333333334,0,10.8,1.4,1.74,1,0.8,0.4,0.32000000000000006,-0.4,-1.166666666666666,10.916666666666668,6,0.6,0,0,1,1.6,0.6,6.550000000000001,2.0,0.6,1
1,1,3,171,1,1,129.0,1,38,37,9,3,127.3,1,0,1,0,1,1,19,0,0,0,0,0,0.0,0,0,0,0,0,0.0,0,9.4,-0.8,-3.12,0,0.0,0.0,0.0,0.0,0.0,0.0,0,0.0,0,1,2,4.0,0.0,0.0,0.0,1.0,0
1,17,1,9147,1,1,118.0,1,1,38,9,9,118.4,1,0,0,1,1,0,19,0,0,5,10,2,10.5,0,0,5,5,4,11.75,0,12.4,0.5,1.79,1,0.4,0.8,0.32000000000000006,0.4,1.25,11.125,6,0.6,0,0,1,1.2,0.6,6.675,4.0,0.6,1
1,1,1,9670,1,1,127.0,1,1,37,4,9,128.1,0,0,0,1,1,0,19,0,0,5,8,4,12.5,0,0,5,6,4,11.0,0,7.6,2.6,0.32,1,0.8,0.8,0.6400000000000001,0.0,-1.5,11.75,8,0.8,0,0,1,1.2,0.8,9.4,4.0,1.0,1
1,1,1,9773,1,1,164.0,1,19,1,9,9,161.2,0,0,0,1,1,1,18,0,0,6,7,6,15.571428571428571,0,0,6,7,6,16.142857142857142,0,13.9,-0.3,0.79,2,1.0,1.0,1.0,0.0,0.5714285714285712,15.857142857142858,12,1.0,0,0,0,0.0,1.0,15.857142857142858,6.0,1.0,1
1,17,1,9773,1,1,117.0,1,38,38,9,9,111.1,0,0,1,1,1,0,19,0,0,6,6,4,11.25,0,0,6,6,3,11.333333333333334,0,16.2,0.3,-0.92,0,0.6666666666666666,0.5,0.3333333333333333,-0.16666666666666663,0.08333333333333393,11.291666666666668,7,0.5833333333333334,0,0,2,2.5,0.5833333333333334,6.586805555555556,3.0,0.8333333333333334,1
1,1,4,171,1,1,131.0,1,1,1,0,3,149.9,1,0,0,1,1,0,18,0,0,0,0,0,0.0,0,0,0,0,0,0.0,0,11.1,0.6,2.02,2,0.0,0.0,0.0,0.0,0.0,0.0,0,0.0,0,1,1,3.0,0.0,0.0,0.0,1.0,0
1,17,6,9670,1,1,110.0,1,1,19,4,10,111.3,0,0,0,1,1,0,21,0,0,6,10,6,12.285714285714286,0,0,6,11,4,14.25,0,15.5,2.8,-4.06,1,1.0,0.6666666666666666,0.6666666666666666,-0.33333333333333337,1.9642857142857135,13.267857142857142,10,0.8333333333333334,0,0,1,1.3333333333333335,0.8333333333333334,11.056547619047619,4.0,0.6666666666666666,1
1,1,2,9254,1,1,125.0,1,1,19,4,1,121.5,1,0,0,1,1,0,18,0,0,6,12,5,11.0,0,0,6,11,3,10.333333333333334,0,9.4,-0.8,-3.12,1,0.8333333333333334,0.5,0.4166666666666667,-0.33333333333333337,-0.6666666666666661,10.666666666666668,8,0.6666666666666666,0,0,1,1.5,0.6666666666666666,7.111111111111112,3.0,0.6666666666666666,1
1,44,1,9003,1,39,120.0,1,19,38,6,6,120.0,1,0,0,1,1,0,19,0,0,6,8,6,12.142857142857142,0,0,6,11,5,13.6,0,12.4,0.5,1.79,2,1.0,0.8333333333333334,0.8333333333333334,-0.16666666666666663,1.4571428571428573,12.87142857142857,11,0.9166666666666666,0,0,1,1.1666666666666665,0.9166666666666666,11.798809523809522,5.0,0.8333333333333334,1
1,39,1,9003,1,19,133.1,1,1,19,9,8,120.0,0,0,1,0,1,0,27,0,0,6,11,2,11.5,0,0,6,7,0,0.0,0,8.9,1.4,3.51,0,0.3333333333333333,0.0,0.0,-0.3333333333333333,-11.5,5.75,2,0.16666666666666666,0,0,3,4.0,0.16666666666666666,0.9583333333333333,0.0,0.6666666666666667,1
1,53,1,9003,1,42,130.0,1,38,38,9,9,130.0,1,0,1,1,1,0,20,0,7,12,16,11,12.545454545454543,0,5,10,12,8,11.625,0,8.9,1.4,3.51,1,0.9166666666666666,0.8,0.7333333333333334,-0.11666666666666659,-0.9204545454545432,12.085227272727272,19,0.8636363636363636,-2,0,2,2.2,0.8636363636363636,10.437241735537189,8.0,0.8833333333333334,1
1,1,5,9254,1,1,101.0,1,3,19,3,9,98.9,1,0,0,1,1,0,20,0,0,6,10,4,13.0,0,0,6,6,6,13.0,0,12.4,0.5,1.79,2,0.6666666666666666,1.0,0.6666666666666666,0.33333333333333337,0.0,13.0,10,0.8333333333333334,0,0,1,1.0,0.8333333333333334,10.833333333333334,6.0,0.6666666666666666,1
1,1,6,9500,1,1,141.0,1,4,3,2,1,136.3,1,0,0,1,1,0,18,0,0,8,9,8,12.8875,1,0,8,9,8,12.8875,1,9.4,-0.8,-3.12,2,1.0,1.0,1.0,0.0,0.0,12.8875,16,1.0,0,0,1,1.0,1.0,12.8875,8.0,1.0,1
1,1,2,9070,1,1,145.0,1,38,19,7,7,130.0,1,0,0,1,1,0,18,0,0,6,7,6,12.833333333333334,0,0,6,7,6,12.571428571428571,0,8.9,1.4,3.51,2,1.0,1.0,1.0,0.0,-0.26190476190476275,12.702380952380953,12,1.0,0,0,1,1.0,1.0,12.702380952380953,6.0,1.0,1
1,1,1,9147,1,1,160.0,1,1,38,4,7,141.5,1,0,0,1,1,0,18,0,0,5,10,3,10.666666666666666,1,0,5,11,2,12.5,0,9.4,-0.8,-3.12,0,0.6,0.4,0.24,-0.19999999999999996,1.833333333333334,11.583333333333332,5,0.5,0,0,1,1.6,0.5,5.791666666666666,2.0,0.8,1
1,17,2,9500,1,1,125.0,1,19,19,5,5,114.5,1,0,0,1,0,0,18,0,0,7,11,6,11.983333333333334,0,0,8,12,8,12.28125,0,16.2,0.3,-0.92,2,0.8571428571428571,1.0,0.8571428571428571,0.1428571428571429,0.2979166666666657,12.132291666666667,14,0.9333333333333333,1,0,1,1.0,0.9333333333333333,11.323472222222223,8.0,0.8571428571428571,1
1,39,1,8014,0,15,133.1,1,34,34,0,0,100.0,1,0,0,0,0,0,37,0,0,5,9,0,0.0,0,0,5,5,0,0.0,5,9.4,-0.8,-3.12,0,0.0,0.0,0.0,0.0,0.0,0.0,0,0.0,0,0,2,3.0,0.0,0.0,0.0,1.0,1
2,39,1,8014,0,1,120.0,1,38,37,5,3,110.5,0,0,0,1,0,1,36,0,0,6,6,6,11.833333333333334,0,0,6,6,6,11.5,0,10.8,1.4,1.74,2,1.0,1.0,1.0,0.0,-0.3333333333333339,11.666666666666668,12,1.0,0,0,0,0.0,1.0,11.666666666666668,6.0,1.0,1
2,39,1,9085,1,19,133.1,1,19,19,9,5,101.0,1,0,0,1,0,0,26,0,0,6,21,3,12.666666666666666,0,0,6,15,2,11.0,0,15.5,2.8,-4.06,0,0.5,0.3333333333333333,0.16666666666666666,-0.16666666666666669,-1.666666666666666,11.833333333333332,5,0.4166666666666667,0,0,1,1.6666666666666667,0.4166666666666667,4.930555555555555,2.0,0.8333333333333333,1
1,1,1,9085,1,1,121.0,1,37,38,6,9,121.0,0,0,0,1,0,0,19,0,0,5,9,4,13.75,1,0,5,8,4,14.5,0,7.6,2.6,0.32,2,0.8,0.8,0.6400000000000001,0.0,0.75,14.125,8,0.8,0,0,1,1.2,0.8,11.3,4.0,1.0,1
1,42,1,9670,1,1,130.0,1,1,1,9,10,116.3,1,0,0,1,0,1,20,0,3,7,10,6,12.833333333333334,0,2,8,8,5,11.8,0,12.7,3.7,-1.7,2,0.8571428571428571,0.625,0.5357142857142857,-0.2321428571428571,-1.0333333333333332,12.316666666666666,11,0.7333333333333333,1,0,0,0.375,0.7333333333333333,9.032222222222222,5.0,0.7678571428571429,1
1,18,1,9670,1,1,128.0,1,19,3,9,7,120.0,1,0,0,1,0,0,19,0,0,6,8,6,14.125,0,0,6,10,5,14.5,0,11.1,0.6,2.02,2,1.0,0.8333333333333334,0.8333333333333334,-0.16666666666666663,0.375,14.3125,11,0.9166666666666666,0,0,1,1.1666666666666665,0.9166666666666666,13.119791666666666,5.0,0.8333333333333334,1
1,1,1,9085,1,1,126.0,1,38,37,9,9,123.6,1,0,0,1,0,0,21,0,0,5,10,3,11.666666666666666,0,0,5,5,5,13.0,0,10.8,1.4,1.74,2,0.6,1.0,0.6,0.4,1.333333333333334,12.333333333333332,8,0.8,0,0,1,1.0,0.8,9.866666666666667,5.0,0.6,1
2,39,1,9556,1,1,120.0,1,37,37,9,4,150.0,0,0,0,0,0,0,50,0,0,7,18,6,10.25,0,0,7,14,4,11.25,0,12.7,3.7,-1.7,0,0.8571428571428571,0.5714285714285714,0.48979591836734687,-0.2857142857142857,1.0,10.75,10,0.7142857142857143,0,0,2,2.428571428571429,0.7142857142857143,7.678571428571429,4.0,0.7142857142857143,1
2,39,1,9556,1,1,100.0,1,37,37,9,9,120.0,0,0,0,1,0,0,47,0,1,7,16,6,12.514285714285716,0,0,7,15,4,11.75,0,12.7,3.7,-1.7,0,0.8571428571428571,0.5714285714285714,0.48979591836734687,-0.2857142857142857,-0.764285714285716,12.132142857142858,10,0.7142857142857143,0,0,1,1.4285714285714286,0.7142857142857143,8.665816326530614,4.0,0.7142857142857143,1
1,39,1,9991,0,1,110.0,1,37,37,7,10,150.0,0,0,0,0,0,0,48,0,0,5,5,1,10.0,0,0,5,5,0,0.0,0,15.5,2.8,-4.06,0,0.2,0.0,0.0,-0.2,-10.0,5.0,1,0.1,0,0,2,3.0,0.1,0.5,0.0,0.8,1
1,1,1,9085,1,1,127.0,1,37,2,9,4,123.2,1,0,0,1,0,1,18,0,0,6,7,6,15.714285714285714,0,0,6,17,5,12.77777777777778,0,12.4,0.5,1.79,2,1.0,0.8333333333333334,0.8333333333333334,-0.16666666666666663,-2.936507936507933,14.246031746031747,11,0.9166666666666666,0,0,0,0.16666666666666663,0.9166666666666666,13.058862433862434,5.0,0.8333333333333334,1
1,1,1,9670,1,1,141.0,1,19,3,4,0,137.9,1,0,0,0,1,0,20,0,0,5,6,3,12.0,0,0,5,5,4,12.75,0,7.6,2.6,0.32,0,0.6,0.8,0.48,0.20000000000000007,0.75,12.375,7,0.7,0,0,2,2.2,0.7,8.6625,4.0,0.7999999999999999,1
1,39,1,9119,1,1,120.0,1,37,38,9,8,100.0,0,0,1,1,1,0,24,0,0,5,11,0,0.0,0,0,5,5,0,0.0,0,16.2,0.3,-0.92,0,0.0,0.0,0.0,0.0,0.0,0.0,0,0.0,0,0,2,3.0,0.0,0.0,0.0,1.0,1
2,39,1,9130,1,19,133.1,1,37,38,9,9,120.0,0,0,0,1,1,0,53,0,0,5,9,4,12.25,2,0,5,8,4,11.75,0,9.4,-0.8,-3.12,2,0.8,0.8,0.6400000000000001,0.0,-0.5,12.0,8,0.8,0,0,1,1.2,0.8,9.600000000000001,4.0,1.0,1
2,39,1,9773,1,19,133.1,1,19,19,9,4,131.0,0,0,1,0,1,0,42,0,0,4,5,0,0.0,0,0,4,4,0,0.0,0,13.9,-0.3,0.79,0,0.0,0.0,0.0,0.0,0.0,0.0,0,0.0,0,0,3,4.0,0.0,0.0,0.0,1.0,1
2,39,1,9991,0,12,133.1,1,37,37,9,9,133.8,1,0,0,1,1,0,52,0,0,5,5,5,13.6,0,0,5,5,5,14.2,0,7.6,2.6,0.32,2,1.0,1.0,1.0,0.0,0.5999999999999996,13.899999999999999,10,1.0,0,0,1,1.0,1.0,13.899999999999999,5.0,1.0,1
2,39,1,9991,0,1,110.0,1,37,37,9,10,150.0,0,0,0,1,1,0,49,0,0,5,6,5,12.2,0,0,5,9,5,11.8,0,15.5,2.8,-4.06,2,1.0,1.0,1.0,0.0,-0.3999999999999986,12.0,10,1.0,0,0,1,1.0,1.0,12.0,5.0,1.0,1
1,17,1,9670,1,1,125.0,1,38,37,7,5,126.4,0,0,0,1,1,1,18,0,0,6,7,6,12.285714285714286,0,0,6,7,6,13.333333333333334,1,16.2,0.3,-0.92,2,1.0,1.0,1.0,0.0,1.0476190476190474,12.80952380952381,12,1.0,0,0,0,0.0,1.0,12.80952380952381,6.0,1.0,1
2,39,1,9130,1,1,130.0,1,1,19,6,6,154.0,1,0,0,1,1,0,37,0,1,5,12,3,12.0,2,1,5,8,4,13.0,1,10.8,1.4,1.74,2,0.6,0.8,0.48,0.20000000000000007,1.0,12.5,7,0.7,0,0,1,1.2,0.7,8.75,4.0,0.7999999999999999,1
1,1,1,9500,1,1,121.0,1,1,1,4,4,114.9,0,0,0,1,1,1,21,0,0,7,9,6,13.342857142857143,0,0,8,10,7,11.65,0,12.4,0.5,1.79,2,0.8571428571428571,0.875,0.75,0.017857142857142905,-1.692857142857143,12.496428571428572,13,0.8666666666666667,1,0,0,0.125,0.8666666666666667,10.830238095238096,7.0,0.9821428571428571,1
1,39,1,9670,1,9,133.1,1,37,37,5,3,110.0,0,0,1,1,1,0,26,0,0,5,5,0,0.0,0,0,5,5,0,0.0,0,9.4,-0.8,-3.12,0,0.0,0.0,0.0,0.0,0.0,0.0,0,0.0,0,0,2,3.0,0.0,0.0,0.0,1.0,1
1,1,1,9070,1,1,147.0,1,3,1,2,3,149.8,1,0,0,1,1,0,20,0,5,12,12,11,14.272727272727272,0,5,12,12,11,14.818181818181818,0,16.2,0.3,-0.92,2,0.9166666666666666,0.9166666666666666,0.8402777777777777,0.0,0.5454545454545467,14.545454545454545,22,0.9166666666666666,0,0,1,1.0833333333333335,0.9166666666666666,13.333333333333332,11.0,1.0,1
1,1,4,9500,1,1,128.0,1,1,37,4,3,117.9,1,0,0,1,0,1,19,0,0,7,9,7,12.1375,0,0,8,9,8,12.91111111111111,0,12.4,0.5,1.79,2,1.0,1.0,1.0,0.0,0.7736111111111104,12.524305555555554,15,1.0,1,0,0,0.0,1.0,12.524305555555554,8.0,1.0,1
1,1,2,9070,1,1,164.0,1,38,38,9,7,165.8,1,0,0,1,0,0,18,0,0,6,7,6,14.166666666666666,0,0,6,7,6,14.857142857142858,0,9.4,-0.8,-3.12,2,1.0,1.0,1.0,0.0,0.6904761904761916,14.511904761904763,12,1.0,0,0,1,1.0,1.0,14.511904761904763,6.0,1.0,1
1,17,5,9500,1,1,137.0,1,1,1,4,4,127.6,1,0,0,1,0,0,18,0,0,7,7,7,13.528571428571428,0,0,8,9,8,14.655555555555557,0,12.4,0.5,1.79,2,1.0,1.0,1.0,0.0,1.1269841269841283,14.092063492063492,15,1.0,1,0,1,1.0,1.0,14.092063492063492,8.0,1.0,1
1,17,2,8014,0,1,122.0,1,37,19,9,9,123.8,0,0,0,1,0,0,20,0,0,6,8,5,12.0,0,0,6,8,6,11.0,0,10.8,1.4,1.74,2,0.8333333333333334,1.0,0.8333333333333334,0.16666666666666663,-1.0,11.5,11,0.9166666666666666,0,0,1,1.0,0.9166666666666666,10.541666666666666,6.0,0.8333333333333334,1
1,1,2,171,1,1,117.0,1,1,19,3,3,121.6,1,0,0,1,0,0,22,0,6,12,12,12,12.916666666666666,0,4,11,16,11,14.5,0,8.9,1.4,3.51,2,1.0,1.0,1.0,0.0,1.583333333333334,13.708333333333332,23,1.0,-1,0,1,1.0,1.0,13.708333333333332,11.0,1.0,1
1,43,1,9500,1,1,140.0,1,1,38,4,7,100.0,0,0,0,1,0,1,18,0,0,7,8,7,13.6375,0,0,8,8,8,14.3875,0,13.9,-0.3,0.79,2,1.0,1.0,1.0,0.0,0.75,14.0125,15,1.0,1,0,0,0.0,1.0,14.0125,8.0,1.0,1
1,1,1,9500,1,1,138.0,1,1,38,4,9,132.5,1,0,0,1,0,1,19,0,0,8,8,7,14.36,0,0,8,8,7,14.36,0,10.8,1.4,1.74,2,0.875,0.875,0.765625,0.0,0.0,14.36,14,0.875,0,0,0,0.125,0.875,12.565,7.0,1.0,1
1,1,3,9500,1,1,142.0,1,1,1,4,7,131.0,1,0,0,1,0,0,18,0,0,8,8,7,14.7,0,0,8,8,7,14.7,0,10.8,1.4,1.74,2,0.875,0.875,0.765625,0.0,0.0,14.7,14,0.875,0,0,1,1.125,0.875,12.862499999999999,7.0,1.0,1
1,1,3,9556,1,1,122.0,1,19,19,3,10,113.3,1,0,0,1,0,1,20,0,0,7,7,7,13.0,0,0,8,8,8,15.0625,0,12.4,0.5,1.79,2,1.0,1.0,1.0,0.0,2.0625,14.03125,15,1.0,1,0,0,0.0,1.0,14.03125,8.0,1.0,1
1,1,2,9853,1,1,131.0,1,1,1,2,9,121.9,1,0,0,1,0,0,20,0,0,6,6,6,13.5,0,0,6,6,0,0.0,0,12.7,3.7,-1.7,0,1.0,0.0,0.0,-1.0,-13.5,6.75,6,0.5,0,0,1,2.0,0.5,3.375,0.0,0.0,1
1,1,2,9085,1,1,120.0,1,38,1,9,3,118.3,1,0,0,1,0,0,20,0,0,5,11,5,12.333333333333334,2,0,5,7,5,12.6,0,9.4,-0.8,-3.12,2,1.0,1.0,1.0,0.0,0.2666666666666657,12.466666666666667,10,1.0,0,0,1,1.0,1.0,12.466666666666667,5.0,1.0,1
1,1,1,9147,1,1,131.0,1,3,19,1,4,118.8,0,0,0,1,0,0,19,0,0,5,6,5,13.4,0,0,5,6,5,13.0,0,16.2,0.3,-0.92,2,1.0,1.0,1.0,0.0,-0.40000000000000036,13.2,10,1.0,0,0,1,1.0,1.0,13.2,5.0,1.0,1
1,1,2,9085,1,1,130.0,1,37,19,9,8,129.0,0,0,0,1,0,0,20,0,0,5,7,4,11.75,0,0,5,9,2,10.5,0,7.6,2.6,0.32,1,0.8,0.4,0.32000000000000006,-0.4,-1.25,11.125,6,0.6,0,0,1,1.6,0.6,6.675,2.0,0.6,1
1,43,3,171,1,1,120.0,1,37,37,9,9,143.3,1,0,0,1,0,1,20,0,0,0,0,0,0.0,0,0,0,0,0,0.0,0,7.6,2.6,0.32,2,0.0,0.0,0.0,0.0,0.0,0.0,0,0.0,0,1,0,2.0,0.0,0.0,0.0,1.0,0
1,53,1,9085,1,42,160.0,1,1,19,4,6,155.7,1,0,0,1,0,0,27,0,7,12,17,11,14.727272727272728,0,4,9,10,7,14.142857142857142,0,8.9,1.4,3.51,2,0.9166666666666666,0.7777777777777778,0.7129629629629629,-0.13888888888888884,-0.584415584415586,14.435064935064936,18,0.8571428571428571,-3,0,1,1.2222222222222223,0.8571428571428571,12.37291280148423,7.0,0.8611111111111112,1
1,1,2,9085,1,1,157.0,1,3,3,5,2,153.9,1,0,0,1,0,0,18,0,0,6,7,6,16.571428571428573,0,0,6,6,6,15.666666666666666,0,13.9,-0.3,0.79,2,1.0,1.0,1.0,0.0,-0.9047619047619069,16.11904761904762,12,1.0,0,0,1,1.0,1.0,16.11904761904762,6.0,1.0,1
1,1,1,9500,1,1,150.0,1,19,1,4,4,137.8,0,0,0,1,0,0,18,0,0,7,10,7,15.145,0,0,8,8,8,15.7425,0,15.5,2.8,-4.06,2,1.0,1.0,1.0,0.0,0.5975000000000001,15.44375,15,1.0,1,0,1,1.0,1.0,15.44375,8.0,1.0,1
1,17,1,9500,1,1,148.0,1,1,37,9,7,143.3,0,0,0,1,0,1,18,0,0,7,7,7,13.44285714285714,0,0,8,8,8,15.075,0,13.9,-0.3,0.79,2,1.0,1.0,1.0,0.0,1.6321428571428598,14.25892857142857,15,1.0,1,0,0,0.0,1.0,14.25892857142857,8.0,1.0,1
1,1,1,9085,1,1,120.0,1,37,37,9,1,123.2,0,0,0,1,0,0,20,0,0,5,8,5,14.166666666666666,2,0,5,6,4,11.75,2,9.4,-0.8,-3.12,2,1.0,0.8,0.8,-0.19999999999999996,-2.416666666666666,12.958333333333332,9,0.9,0,0,1,1.2,0.9,11.6625,4.0,0.8,1
1,17,1,9238,1,1,158.0,1,1,1,5,6,140.5,0,0,0,1,0,1,20,0,0,6,9,6,11.333333333333334,0,0,6,6,6,12.333333333333334,0,10.8,1.4,1.74,2,1.0,1.0,1.0,0.0,1.0,11.833333333333334,12,1.0,0,0,0,0.0,1.0,11.833333333333334,6.0,1.0,1
1,1,4,9500,1,1,145.0,1,3,19,1,5,130.0,1,0,0,1,0,0,18,0,0,8,8,8,13.76125,0,0,8,8,8,13.76125,0,9.4,-0.8,-3.12,2,1.0,1.0,1.0,0.0,0.0,13.76125,16,1.0,0,0,1,1.0,1.0,13.76125,8.0,1.0,1
1,44,1,9070,1,39,100.0,1,1,38,4,6,104.8,0,0,1,0,0,0,22,0,2,7,9,5,11.6,0,5,9,9,5,10.0,0,12.4,0.5,1.79,0,0.7142857142857143,0.5555555555555556,0.39682539682539686,-0.15873015873015872,-1.5999999999999996,10.8,10,0.625,2,0,3,3.4444444444444446,0.625,6.75,5.0,0.8412698412698413,1
1,17,1,8014,0,1,136.0,1,37,37,5,8,132.5,0,0,1,1,0,1,22,0,1,6,7,4,12.75,0,1,6,8,5,13.0,0,13.9,-0.3,0.79,2,0.6666666666666666,0.8333333333333334,0.5555555555555556,0.16666666666666674,0.25,12.875,9,0.75,0,0,1,1.1666666666666665,0.75,9.65625,5.0,0.8333333333333333,1
1,39,1,9991,0,1,133.1,1,1,1,4,2,127.7,0,0,0,1,0,0,25,0,0,5,12,4,12.5,0,0,5,10,4,11.0,0,13.9,-0.3,0.79,1,0.8,0.8,0.6400000000000001,0.0,-1.5,11.75,8,0.8,0,0,1,1.2,0.8,9.4,4.0,1.0,1
1,1,1,9085,1,1,148.0,1,19,3,4,2,136.5,0,0,0,1,0,0,19,0,0,6,13,6,15.307692307692308,0,0,6,9,6,14.0,0,15.5,2.8,-4.06,2,1.0,1.0,1.0,0.0,-1.3076923076923084,14.653846153846153,12,1.0,0,0,1,1.0,1.0,14.653846153846153,6.0,1.0,1
1,44,1,9130,1,39,130.0,1,3,1,4,1,130.0,1,0,0,0,0,0,21,0,1,6,12,5,13.285714285714286,0,0,6,10,4,12.0,0,16.2,0.3,-0.92,0,0.8333333333333334,0.6666666666666666,0.5555555555555556,-0.16666666666666674,-1.2857142857142865,12.642857142857142,9,0.75,0,0,2,2.3333333333333335,0.75,9.482142857142858,4.0,0.8333333333333333,1
1,39,1,9500,1,40,130.0,1,1,1,4,4,190.0,1,0,0,1,0,0,27,0,1,7,7,7,14.757142857142856,0,1,8,9,8,14.077777777777778,0,16.2,0.3,-0.92,2,1.0,1.0,1.0,0.0,-0.6793650793650787,14.417460317460318,15,1.0,1,0,1,1.0,1.0,14.417460317460318,8.0,1.0,1
1,17,4,9500,1,1,136.0,1,1,1,4,9,128.5,1,0,0,1,0,0,18,0,0,7,7,6,12.766666666666666,0,0,7,7,6,12.766666666666666,0,7.6,2.6,0.32,2,0.8571428571428571,0.8571428571428571,0.7346938775510203,0.0,0.0,12.766666666666666,12,0.8571428571428571,0,0,1,1.1428571428571428,0.8571428571428571,10.942857142857141,6.0,1.0,1
1,17,3,9254,1,1,122.0,1,1,1,4,4,126.6,0,0,0,0,0,0,18,0,0,5,5,5,10.4,0,0,6,13,0,0.0,0,10.8,1.4,1.74,0,1.0,0.0,0.0,-1.0,-10.4,5.2,5,0.45454545454545453,1,0,2,3.0,0.45454545454545453,2.3636363636363638,0.0,0.0,1
1,17,1,9556,1,1,140.0,1,3,3,1,7,131.6,1,0,0,1,1,0,19,0,0,7,0,0,0.0,0,0,7,0,0,0.0,0,11.1,0.6,2.02,0,0.0,0.0,0.0,0.0,0.0,0.0,0,0.0,0,0,1,2.0,0.0,0.0,0.0,1.0,1
5,39,1,9991,0,1,110.0,1,1,1,3,3,119.0,0,0,0,1,1,1,35,0,0,5,10,4,10.5,0,0,5,6,5,12.6,0,8.9,1.4,3.51,2,0.8,1.0,0.8,0.19999999999999996,2.0999999999999996,11.55,9,0.9,0,0,0,0.0,0.9,10.395000000000001,5.0,0.8,1
1,17,1,9085,1,1,130.0,1,37,36,4,90,127.6,0,0,0,1,1,0,23,0,0,5,6,4,14.25,0,0,5,6,5,13.4,0,7.6,2.6,0.32,2,0.8,1.0,0.8,0.19999999999999996,-0.8499999999999996,13.825,9,0.9,0,0,1,1.0,0.9,12.442499999999999,5.0,0.8,1
1,39,1,9500,1,1,133.1,1,1,37,9,9,100.0,0,0,0,1,1,0,28,0,0,7,11,3,11.916666666666666,1,0,7,17,0,0.0,0,16.2,0.3,-0.92,0,0.42857142857142855,0.0,0.0,-0.42857142857142855,-11.916666666666666,5.958333333333333,3,0.21428571428571427,0,0,1,2.0,0.21428571428571427,1.2767857142857142,0.0,0.5714285714285714,1
1,1,1,9119,1,1,128.0,1,38,38,9,7,124.5,1,0,0,1,1,0,19,0,0,5,10,3,10.666666666666666,0,0,5,9,2,14.0,2,7.6,2.6,0.32,1,0.6,0.4,0.24,-0.19999999999999996,3.333333333333334,12.333333333333332,5,0.5,0,0,1,1.6,0.5,6.166666666666666,2.0,0.8,1
1,1,1,9773,1,1,117.0,1,1,19,4,4,109.3,0,0,0,1,1,0,19,0,0,6,11,4,12.25,0,0,6,10,3,12.666666666666666,0,7.6,2.6,0.32,1,0.6666666666666666,0.5,0.3333333333333333,-0.16666666666666663,0.4166666666666661,12.458333333333332,7,0.5833333333333334,0,0,1,1.5,0.5833333333333334,7.267361111111111,3.0,0.8333333333333334,1
1,17,3,9070,1,1,128.0,1,37,37,5,5,124.5,1,0,0,1,1,0,18,0,0,6,6,6,14.166666666666666,0,0,6,8,5,13.0,0,10.8,1.4,1.74,2,1.0,0.8333333333333334,0.8333333333333334,-0.16666666666666663,-1.166666666666666,13.583333333333332,11,0.9166666666666666,0,0,1,1.1666666666666665,0.9166666666666666,12.451388888888888,5.0,0.8333333333333334,1
1,1,5,9070,1,1,125.0,1,3,3,2,2,140.8,1,0,0,1,1,0,22,0,0,6,6,6,14.666666666666666,0,0,6,6,6,15.0,0,9.4,-0.8,-3.12,2,1.0,1.0,1.0,0.0,0.3333333333333339,14.833333333333332,12,1.0,0,0,1,1.0,1.0,14.833333333333332,6.0,1.0,1
1,7,1,9556,1,3,140.0,1,3,3,2,2,140.0,0,0,1,0,1,0,38,0,0,7,8,3,12.666666666666666,0,0,5,5,0,0.0,0,13.9,-0.3,0.79,0,0.42857142857142855,0.0,0.0,-0.42857142857142855,-12.666666666666666,6.333333333333333,3,0.25,-2,0,3,4.0,0.25,1.5833333333333333,0.0,0.5714285714285714,1
1,7,1,9119,1,1,140.8,1,34,34,0,0,134.0,0,0,0,1,1,0,24,0,0,5,0,0,0.0,0,0,5,0,0,0.0,0,7.6,2.6,0.32,0,0.0,0.0,0.0,0.0,0.0,0.0,0,0.0,0,0,1,2.0,0.0,0.0,0.0,1.0,1
1,18,3,9070,1,1,142.0,1,1,37,4,7,130.8,1,0,0,0,1,0,19,0,0,6,0,0,0.0,0,0,6,0,0,0.0,0,12.7,3.7,-1.7,0,0.0,0.0,0.0,0.0,0.0,0.0,0,0.0,0,0,2,3.0,0.0,0.0,0.0,1.0,1
1,1,1,9500,1,1,133.0,1,37,38,9,9,130.2,1,0,0,1,1,1,19,0,0,7,7,7,13.7,0,0,8,9,8,14.022222222222222,0,16.2,0.3,-0.92,2,1.0,1.0,1.0,0.0,0.32222222222222285,13.86111111111111,15,1.0,1,0,0,0.0,1.0,13.86111111111111,8.0,1.0,1
1,39,1,9119,1,3,130.0,1,3,3,3,10,147.6,0,0,0,1,1,0,31,0,0,5,0,0,0.0,0,0,5,0,0,0.0,0,10.8,1.4,1.74,0,0.0,0.0,0.0,0.0,0.0,0.0,0,0.0,0,0,1,2.0,0.0,0.0,0.0,1.0,1
1,17,1,9670,1,1,120.0,1,38,37,9,8,113.4,1,0,0,1,1,1,19,0,0,6,6,6,13.333333333333334,0,0,6,7,6,13.285714285714286,0,8.9,1.4,3.51,2,1.0,1.0,1.0,0.0,-0.04761904761904745,13.30952380952381,12,1.0,0,0,0,0.0,1.0,13.30952380952381,6.0,1.0,1
1,17,1,9070,1,1,141.0,1,19,38,4,5,133.7,1,0,0,1,1,0,22,0,0,6,7,5,11.4,0,0,6,6,6,12.166666666666666,0,7.6,2.6,0.32,2,0.8333333333333334,1.0,0.8333333333333334,0.16666666666666663,0.7666666666666657,11.783333333333333,11,0.9166666666666666,0,0,1,1.0,0.9166666666666666,10.801388888888889,6.0,0.8333333333333334,1
1,39,1,9085,1,1,130.0,1,34,1,0,2,128.2,0,0,0,1,1,0,25,0,0,5,5,0,0.0,0,0,5,5,0,0.0,0,7.6,2.6,0.32,0,0.0,0.0,0.0,0.0,0.0,0.0,0,0.0,0,0,1,2.0,0.0,0.0,0.0,1.0,1
1,1,1,9500,1,1,168.0,1,1,1,5,5,161.0,1,0,0,1,1,0,18,0,0,7,7,7,16.142857142857142,0,0,8,9,0,0.0,0,16.2,0.3,-0.92,0,1.0,0.0,0.0,-1.0,-16.142857142857142,8.071428571428571,7,0.4666666666666667,1,0,1,2.0,0.4666666666666667,3.7666666666666666,0.0,0.0,1
1,7,1,9500,1,3,130.0,1,37,37,90,90,130.0,1,0,0,1,1,0,30,0,0,8,8,0,0.0,8,0,8,8,0,0.0,8,9.4,-0.8,-3.12,0,0.0,0.0,0.0,0.0,0.0,0.0,0,0.0,0,0,1,2.0,0.0,0.0,0.0,1.0,1
1,1,1,9500,1,1,156.0,1,38,37,9,9,156.3,0,0,0,1,1,1,18,0,0,8,8,8,15.63375,0,0,8,8,8,15.63375,0,9.4,-0.8,-3.12,2,1.0,1.0,1.0,0.0,0.0,15.63375,16,1.0,0,0,0,0.0,1.0,15.63375,8.0,1.0,1
1,1,1,9773,1,1,137.0,1,1,1,5,5,129.3,1,0,0,1,1,0,18,0,0,6,6,6,13.666666666666666,0,0,6,6,6,14.5,0,12.7,3.7,-1.7,2,1.0,1.0,1.0,0.0,0.8333333333333339,14.083333333333332,12,1.0,0,0,1,1.0,1.0,14.083333333333332,6.0,1.0,1
1,17,6,9773,1,1,131.0,1,34,34,0,0,129.3,0,0,0,1,1,0,18,0,0,6,0,0,0.0,0,0,6,0,0,0.0,0,7.6,2.6,0.32,0,0.0,0.0,0.0,0.0,0.0,0.0,0,0.0,0,0,1,2.0,0.0,0.0,0.0,1.0,1
1,1,1,9238,1,1,130.0,1,38,38,7,7,136.3,1,0,0,1,1,0,18,0,0,6,8,6,12.5,0,0,6,7,6,11.5,0,10.8,1.4,1.74,2,1.0,1.0,1.0,0.0,-1.0,12.0,12,1.0,0,0,1,1.0,1.0,12.0,6.0,1.0,1
1,39,1,9670,1,1,133.1,1,1,19,4,9,140.0,0,0,0,1,1,1,25,0,0,6,8,6,12.285714285714286,0,0,6,6,6,13.0,0,15.5,2.8,-4.06,2,1.0,1.0,1.0,0.0,0.7142857142857135,12.642857142857142,12,1.0,0,0,0,0.0,1.0,12.642857142857142,6.0,1.0,1
1,1,1,9119,1,1,131.0,1,3,1,4,1,135.9,0,0,0,1,1,0,18,0,0,5,10,2,14.0,0,0,5,7,3,11.0,1,7.6,2.6,0.32,1,0.4,0.6,0.24,0.19999999999999996,-3.0,12.5,5,0.5,0,0,1,1.4,0.5,6.25,3.0,0.8,1
1,39,1,9556,1,19,133.1,1,19,1,7,10,105.0,0,0,0,1,1,0,25,0,0,7,14,4,12.95,1,0,7,11,4,13.125,1,15.5,2.8,-4.06,0,0.5714285714285714,0.5714285714285714,0.32653061224489793,0.0,0.1750000000000007,13.0375,8,0.5714285714285714,0,0,1,1.4285714285714286,0.5714285714285714,7.449999999999999,4.0,1.0,1
1,1,3,9500,1,1,130.0,1,37,38,9,5,130.5,1,0,0,1,0,0,19,0,0,7,7,6,12.45,0,0,7,7,6,12.45,0,7.6,2.6,0.32,2,0.8571428571428571,0.8571428571428571,0.7346938775510203,0.0,0.0,12.45,12,0.8571428571428571,0,0,1,1.1428571428571428,0.8571428571428571,10.67142857142857,6.0,1.0,1
1,1,3,9500,1,1,137.0,1,19,19,5,4,131.5,1,0,0,1,0,1,20,0,0,8,8,8,13.38125,0,0,8,8,8,13.38125,0,9.4,-0.8,-3.12,2,1.0,1.0,1.0,0.0,0.0,13.38125,16,1.0,0,0,0,0.0,1.0,13.38125,8.0,1.0,1
1,17,4,9238,1,1,140.0,1,19,37,9,9,130.2,1,0,0,1,0,1,18,0,0,6,8,6,12.75,0,0,6,10,6,12.166666666666666,0,12.7,3.7,-1.7,2,1.0,1.0,1.0,0.0,-0.5833333333333339,12.458333333333332,12,1.0,0,0,0,0.0,1.0,12.458333333333332,6.0,1.0,1
1,17,2,9500,1,1,135.0,1,1,19,4,10,133.5,1,0,0,1,0,0,19,0,0,8,8,8,13.3425,0,0,8,8,8,13.3425,0,9.4,-0.8,-3.12,2,1.0,1.0,1.0,0.0,0.0,13.3425,16,1.0,0,0,1,1.0,1.0,13.3425,8.0,1.0,1
1,1,4,9500,1,1,140.0,1,38,38,7,7,133.2,1,0,0,1,0,1,20,0,0,7,10,7,14.175,0,0,8,14,6,13.03125,0,15.5,2.8,-4.06,2,1.0,0.75,0.75,-0.25,-1.1437500000000007,13.603125,13,0.8666666666666667,1,0,0,0.25,0.8666666666666667,11.789375000000001,6.0,0.75,1
2,39,1,9500,1,1,100.0,1,37,38,4,4,130.0,0,0,0,1,1,1,33,0,0,8,16,1,10.0,1,0,8,16,1,10.0,1,12.7,3.7,-1.7,1,0.125,0.125,0.015625,0.0,0.0,10.0,2,0.125,0,0,0,0.875,0.125,1.25,1.0,1.0,1
1,39,1,9119,1,1,160.0,1,38,37,7,7,129.0,0,0,0,1,1,0,24,0,0,5,9,0,0.0,0,0,5,8,2,14.5,2,7.6,2.6,0.32,0,0.0,0.4,0.0,0.4,14.5,7.25,2,0.2,0,0,1,1.6,0.2,1.4500000000000002,2.0,0.6,1
1,39,1,9991,0,19,133.1,1,2,1,2,4,100.0,0,0,0,1,1,0,24,0,0,5,7,0,0.0,0,0,5,7,0,0.0,0,16.2,0.3,-0.92,0,0.0,0.0,0.0,0.0,0.0,0.0,0,0.0,0,0,1,2.0,0.0,0.0,0.0,1.0,1
1,17,1,9085,1,1,128.0,1,38,37,9,9,116.5,1,0,0,1,1,0,18,0,0,5,6,5,12.0,0,0,5,8,5,12.142857142857142,0,10.8,1.4,1.74,2,1.0,1.0,1.0,0.0,0.14285714285714235,12.071428571428571,10,1.0,0,0,1,1.0,1.0,12.071428571428571,5.0,1.0,1
1,1,2,9254,1,1,121.0,1,37,37,9,9,124.2,1,0,0,1,0,1,18,0,0,6,8,6,10.571428571428571,0,0,6,9,5,11.4,0,16.2,0.3,-0.92,2,1.0,0.8333333333333334,0.8333333333333334,-0.16666666666666663,0.8285714285714292,10.985714285714286,11,0.9166666666666666,0,0,0,0.16666666666666663,0.9166666666666666,10.070238095238095,5.0,0.8333333333333334,1
1,51,1,9085,1,1,127.0,1,3,3,2,8,138.8,1,0,0,1,0,0,22,0,4,12,19,11,14.153846153846152,0,5,12,20,12,15.428571428571429,0,8.9,1.4,3.51,2,0.9166666666666666,1.0,0.9166666666666666,0.08333333333333337,1.2747252747252773,14.79120879120879,23,0.9583333333333334,0,0,1,1.0,0.9583333333333334,14.174908424908425,12.0,0.9166666666666666,1
1,1,1,9773,1,1,132.0,1,2,1,9,9,126.4,1,1,0,1,0,1,18,0,0,6,9,6,11.166666666666666,0,0,6,11,5,12.4,0,10.8,1.4,1.74,2,1.0,0.8333333333333334,0.8333333333333334,-0.16666666666666663,1.2333333333333343,11.783333333333333,11,0.9166666666666666,0,0,0,0.16666666666666663,0.9166666666666666,10.801388888888889,5.0,0.8333333333333334,1
1,1,1,171,1,1,147.0,1,19,19,3,10,151.9,1,0,0,1,0,0,21,0,13,17,20,17,12.0,0,14,17,18,17,12.666666666666666,0,11.1,0.6,2.02,2,1.0,1.0,1.0,0.0,0.6666666666666661,12.333333333333332,34,1.0,0,0,1,1.0,1.0,12.333333333333332,17.0,1.0,1
1,43,1,9238,1,1,142.0,1,34,34,99,99,131.9,0,0,0,1,0,1,29,0,9,16,17,16,12.588235294117649,0,10,13,14,13,13.357142857142858,0,9.4,-0.8,-3.12,2,1.0,1.0,1.0,0.0,0.7689075630252091,12.972689075630253,29,1.0,-3,0,0,0.0,1.0,12.972689075630253,13.0,1.0,1
1,17,1,9254,1,1,131.0,1,38,37,4,9,131.7,1,0,0,0,0,0,18,0,0,6,0,0,0.0,0,0,6,0,0,0.0,0,12.7,3.7,-1.7,0,0.0,0.0,0.0,0.0,0.0,0.0,0,0.0,0,0,2,3.0,0.0,0.0,0.0,1.0,1
2,43,1,9991,0,1,110.0,1,37,37,9,9,132.5,0,0,0,1,1,0,37,0,7,12,13,12,12.25,0,8,13,13,13,12.846153846153848,0,9.4,-0.8,-3.12,2,1.0,1.0,1.0,0.0,0.5961538461538485,12.548076923076923,25,1.0,1,0,1,1.0,1.0,12.548076923076923,13.0,1.0,1
1,1,3,9147,1,1,128.0,1,3,3,5,10,116.5,0,0,0,1,1,0,20,0,0,5,7,5,11.6,0,0,5,5,5,12.8,0,12.4,0.5,1.79,2,1.0,1.0,1.0,0.0,1.200000000000001,12.2,10,1.0,0,0,1,1.0,1.0,12.2,5.0,1.0,1
1,1,1,9130,1,1,136.0,1,19,19,90,8,133.9,1,0,0,0,1,0,20,0,0,5,7,4,13.0,0,0,5,11,3,12.0,2,10.8,1.4,1.74,0,0.8,0.6,0.48,-0.20000000000000007,-1.0,12.5,7,0.7,0,0,2,2.4,0.7,8.75,3.0,0.7999999999999999,1
2,39,1,9119,1,1,120.0,1,37,38,9,10,145.4,0,0,1,1,1,0,40,0,0,5,11,3,10.666666666666666,0,0,5,5,2,12.5,0,16.2,0.3,-0.92,0,0.6,0.4,0.24,-0.19999999999999996,1.833333333333334,11.583333333333332,5,0.5,0,0,2,2.6,0.5,5.791666666666666,2.0,0.8,1
1,1,1,9147,1,1,118.0,1,1,1,9,9,111.0,0,0,0,0,1,0,21,0,0,5,7,2,11.0,0,0,5,9,3,11.428571428571429,0,10.8,1.4,1.74,0,0.4,0.6,0.24,0.19999999999999996,0.4285714285714288,11.214285714285715,5,0.5,0,0,2,2.4,0.5,5.607142857142858,3.0,0.8,1
1,44,1,9070,1,39,120.0,1,2,19,3,8,120.0,0,0,0,1,1,0,21,0,2,7,10,6,13.428571428571429,0,5,9,9,8,13.125,0,16.2,0.3,-0.92,2,0.8571428571428571,0.8888888888888888,0.7619047619047619,0.031746031746031744,-0.3035714285714288,13.276785714285715,14,0.875,2,0,1,1.1111111111111112,0.875,11.6171875,8.0,0.9682539682539683,1
1,1,6,9500,1,1,151.0,1,3,1,2,1,129.8,1,0,0,1,1,0,18,0,0,8,10,8,13.05375,2,0,8,10,8,13.05375,2,9.4,-0.8,-3.12,2,1.0,1.0,1.0,0.0,0.0,13.05375,16,1.0,0,0,1,1.0,1.0,13.05375,8.0,1.0,1
1,39,1,9003,1,1,140.0,1,3,1,5,9,130.0,0,0,0,1,1,0,27,0,0,6,6,6,14.166666666666666,0,0,6,7,6,13.833333333333334,0,11.1,0.6,2.02,2,1.0,1.0,1.0,0.0,-0.33333333333333215,14.0,12,1.0,0,0,1,1.0,1.0,14.0,6.0,1.0,1
2,39,1,9070,1,19,133.1,1,37,37,9,10,126.3,0,0,0,0,1,0,38,0,0,6,6,0,0.0,0,0,6,8,0,0.0,0,10.8,1.4,1.74,0,0.0,0.0,0.0,0.0,0.0,0.0,0,0.0,0,0,2,3.0,0.0,0.0,0.0,1.0,1
1,18,1,9130,1,1,146.0,1,3,3,5,2,137.8,0,0,0,1,1,0,18,0,0,6,11,5,13.6,0,0,6,13,3,12.666666666666666,0,13.9,-0.3,0.79,0,0.8333333333333334,0.5,0.4166666666666667,-0.33333333333333337,-0.9333333333333336,13.133333333333333,8,0.6666666666666666,0,0,1,1.5,0.6666666666666666,8.755555555555555,3.0,0.6666666666666666,1
1,17,4,9254,1,1,122.0,1,1,1,4,2,116.1,1,0,0,1,1,0,19,0,0,6,7,5,12.2,0,0,6,12,2,12.0,0,7.6,2.6,0.32,1,0.8333333333333334,0.3333333333333333,0.2777777777777778,-0.5,-0.1999999999999993,12.1,7,0.5833333333333334,0,0,1,1.6666666666666667,0.5833333333333334,7.058333333333334,2.0,0.5,1
1,43,1,9773,1,1,127.0,1,1,1,9,6,110.0,0,0,1,0,1,0,19,0,0,6,10,3,11.666666666666666,0,0,6,11,2,10.0,0,16.2,0.3,-0.92,0,0.5,0.3333333333333333,0.16666666666666666,-0.16666666666666669,-1.666666666666666,10.833333333333332,5,0.4166666666666667,0,0,3,3.666666666666667,0.4166666666666667,4.513888888888888,2.0,0.8333333333333333,1
1,39,1,9670,1,1,133.1,1,37,37,90,90,97.4,0,0,1,0,1,0,44,0,0,6,9,1,14.0,0,0,6,6,0,0.0,0,12.7,3.7,-1.7,0,0.16666666666666666,0.0,0.0,-0.16666666666666666,-14.0,7.0,1,0.08333333333333333,0,0,3,4.0,0.08333333333333333,0.5833333333333333,0.0,0.8333333333333334,1
1,43,1,9130,1,1,156.0,1,19,1,9,4,156.0,0,0,1,0,1,0,24,0,0,6,11,5,11.833333333333334,0,0,6,11,4,11.5,0,15.5,2.8,-4.06,0,0.8333333333333334,0.6666666666666666,0.5555555555555556,-0.16666666666666674,-0.3333333333333339,11.666666666666668,9,0.75,0,0,3,3.3333333333333335,0.75,8.75,4.0,0.8333333333333333,1
1,39,1,9003,1,1,130.0,1,19,1,9,6,126.1,1,0,0,0,1,0,27,0,0,6,6,0,0.0,0,0,6,8,0,0.0,0,15.5,2.8,-4.06,0,0.0,0.0,0.0,0.0,0.0,0.0,0,0.0,0,0,2,3.0,0.0,0.0,0.0,1.0,1
1,39,1,9003,1,1,110.0,1,1,1,9,4,120.0,0,0,1,0,1,0,27,0,0,6,0,0,0.0,0,0,6,0,0,0.0,0,13.9,-0.3,0.79,0,0.0,0.0,0.0,0.0,0.0,0.0,0,0.0,0,0,3,4.0,0.0,0.0,0.0,1.0,1
1,43,1,9070,1,1,108.0,1,38,38,7,7,105.2,1,0,0,1,1,0,25,0,11,17,18,13,11.538461538461538,0,10,15,15,10,12.4,0,12.7,3.7,-1.7,0,0.7647058823529411,0.6666666666666666,0.5098039215686274,-0.0980392156862745,0.861538461538462,11.96923076923077,23,0.71875,-2,0,1,1.3333333333333335,0.71875,8.602884615384616,10.0,0.9019607843137255,1
1,44,1,9003,1,1,120.0,1,3,2,2,6,120.0,1,0,0,1,1,0,21,0,4,9,14,7,11.285714285714286,2,2,8,15,4,12.25,0,12.7,3.7,-1.7,1,0.7777777777777778,0.5,0.3888888888888889,-0.2777777777777778,0.9642857142857135,11.767857142857142,11,0.6470588235294118,-1,0,1,1.5,0.6470588235294118,7.614495798319328,4.0,0.7222222222222222,1
1,1,1,171,1,1,150.0,1,38,19,9,9,137.8,1,0,0,1,1,1,19,0,0,0,0,0,0.0,0,0,0,0,0,0.0,0,13.9,-0.3,0.79,2,0.0,0.0,0.0,0.0,0.0,0.0,0,0.0,0,1,0,2.0,0.0,0.0,0.0,1.0,0
1,17,2,9070,1,1,152.0,1,39,39,3,3,134.2,1,0,0,1,1,0,20,0,0,6,7,5,11.8,0,0,6,9,4,12.0,0,15.5,2.8,-4.06,1,0.8333333333333334,0.6666666666666666,0.5555555555555556,-0.16666666666666674,0.1999999999999993,11.9,9,0.75,0,0,1,1.3333333333333335,0.75,8.925,4.0,0.8333333333333333,1
1,44,1,9119,1,39,150.0,1,19,3,5,2,150.0,0,0,0,1,1,0,20,0,0,5,16,0,0.0,0,0,5,12,2,10.5,0,12.7,3.7,-1.7,1,0.0,0.4,0.0,0.4,10.5,5.25,2,0.2,0,0,1,1.6,0.2,1.05,2.0,0.6,1
1,17,5,9119,1,1,123.0,1,3,1,2,9,116.0,1,0,1,0,1,0,20,0,0,5,5,0,0.0,0,0,5,5,0,0.0,0,8.9,1.4,3.51,0,0.0,0.0,0.0,0.0,0.0,0.0,0,0.0,0,0,3,4.0,0.0,0.0,0.0,1.0,1
1,17,1,171,1,1,145.0,1,4,4,3,3,143.6,0,0,1,1,1,0,19,0,5,12,12,10,12.7,0,4,11,16,10,12.272727272727272,0,8.9,1.4,3.51,1,0.8333333333333334,0.9090909090909091,0.7575757575757576,0.07575757575757569,-0.4272727272727277,12.486363636363635,20,0.8695652173913043,-1,0,2,2.090909090909091,0.8695652173913043,10.85770750988142,10.0,0.9242424242424243,1
1,44,1,9130,1,39,150.0,1,1,37,4,8,150.0,1,0,0,0,0,0,22,0,1,6,10,3,12.666666666666666,0,0,6,7,0,0.0,0,15.5,2.8,-4.06,0,0.5,0.0,0.0,-0.5,-12.666666666666666,6.333333333333333,3,0.25,0,0,2,3.0,0.25,1.5833333333333333,0.0,0.5,1
1,1,4,9670,1,1,125.0,1,4,19,2,5,118.0,1,0,0,1,0,0,19,0,0,6,7,6,14.428571428571429,0,0,6,8,6,15.0,2,16.2,0.3,-0.92,2,1.0,1.0,1.0,0.0,0.5714285714285712,14.714285714285715,12,1.0,0,0,1,1.0,1.0,14.714285714285715,6.0,1.0,1
1,1,4,9500,1,1,117.0,1,1,1,4,7,109.3,1,0,0,1,0,1,18,0,0,7,7,7,13.117142857142856,0,0,8,9,7,12.6,0,11.1,0.6,2.02,2,1.0,0.875,0.875,-0.125,-0.517142857142856,12.858571428571427,14,0.9333333333333333,1,0,0,0.125,0.9333333333333333,12.001333333333331,7.0,0.875,1
1,1,2,9238,1,1,121.0,1,19,19,191,171,119.3,1,0,1,1,0,0,20,0,0,6,7,6,12.666666666666666,0,0,6,7,6,11.833333333333334,0,8.9,1.4,3.51,2,1.0,1.0,1.0,0.0,-0.8333333333333321,12.25,12,1.0,0,0,2,2.0,1.0,12.25,6.0,1.0,1
1,39,1,9773,1,1,130.0,1,1,19,1,3,161.5,0,0,0,1,1,0,36,0,0,6,7,6,15.285714285714286,0,0,6,6,6,16.5,0,10.8,1.4,1.74,2,1.0,1.0,1.0,0.0,1.2142857142857135,15.892857142857142,12,1.0,0,0,1,1.0,1.0,15.892857142857142,6.0,1.0,1
1,15,1,9147,1,1,140.0,26,37,2,6,4,140.0,0,0,1,1,1,0,19,1,0,5,12,3,10.5,0,0,5,8,4,11.25,0,12.4,0.5,1.79,2,0.6,0.8,0.48,0.20000000000000007,0.75,10.875,7,0.7,0,0,2,2.2,0.7,7.6125,4.0,0.7999999999999999,1
1,53,1,9147,1,42,140.0,1,1,1,6,6,142.2,0,0,0,1,1,1,21,0,6,11,11,11,12.636363636363637,0,3,9,11,9,12.6,0,8.9,1.4,3.51,2,1.0,1.0,1.0,0.0,-0.03636363636363704,12.618181818181817,20,1.0,-2,0,0,0.0,1.0,12.618181818181817,9.0,1.0,1
1,1,1,9147,1,1,140.0,1,19,38,9,9,129.2,1,0,0,1,0,0,26,0,0,5,6,0,0.0,0,0,5,0,0,0.0,0,15.5,2.8,-4.06,0,0.0,0.0,0.0,0.0,0.0,0.0,0,0.0,0,0,1,2.0,0.0,0.0,0.0,1.0,1
1,39,1,9003,1,1,140.0,41,1,1,9,9,100.0,0,0,1,0,0,0,29,1,3,9,9,3,14.333333333333334,0,1,7,8,1,14.0,0,15.5,2.8,-4.06,0,0.3333333333333333,0.14285714285714285,0.047619047619047616,-0.19047619047619047,-0.3333333333333339,14.166666666666668,4,0.25,-2,0,3,3.857142857142857,0.25,3.541666666666667,1.0,0.8095238095238095,1
1,7,1,9500,1,3,140.0,1,3,19,2,6,140.0,0,0,0,1,1,0,27,0,0,7,0,0,0.0,0,0,8,0,0,0.0,0,12.4,0.5,1.79,0,0.0,0.0,0.0,0.0,0.0,0.0,0,0.0,1,0,1,2.0,0.0,0.0,0.0,1.0,1
1,51,1,9147,1,1,116.0,1,3,3,2,2,115.2,0,0,1,1,1,0,32,0,2,7,16,3,12.0,0,3,8,10,3,10.333333333333334,0,8.9,1.4,3.51,1,0.42857142857142855,0.375,0.1607142857142857,-0.05357142857142855,-1.666666666666666,11.166666666666668,6,0.4,1,0,2,2.625,0.4,4.466666666666668,3.0,0.9464285714285714,1
1,16,3,9853,1,1,134.0,1,37,19,9,5,121.4,1,0,0,1,0,1,23,0,0,6,10,4,14.25,1,0,6,8,5,12.0,0,7.6,2.6,0.32,1,0.6666666666666666,0.8333333333333334,0.5555555555555556,0.16666666666666674,-2.25,13.125,9,0.75,0,0,0,0.16666666666666663,0.75,9.84375,5.0,0.8333333333333333,1
1,39,1,9147,1,1,133.1,41,38,38,9,8,134.8,0,0,0,1,0,0,24,1,0,5,12,2,10.5,0,0,5,9,4,10.0,2,16.2,0.3,-0.92,1,0.4,0.8,0.32000000000000006,0.4,-0.5,10.25,6,0.6,0,0,1,1.2,0.6,6.1499999999999995,4.0,0.6,1
1,1,2,9773,1,1,140.0,1,1,1,9,9,136.9,1,0,0,1,0,1,19,0,0,6,7,6,13.5,0,0,6,7,6,14.428571428571429,0,16.2,0.3,-0.92,2,1.0,1.0,1.0,0.0,0.9285714285714288,13.964285714285715,12,1.0,0,0,0,0.0,1.0,13.964285714285715,6.0,1.0,1
1,42,1,9003,1,1,140.0,1,19,19,4,4,140.0,1,0,0,1,1,0,25,0,0,6,14,5,11.666666666666666,0,0,6,11,4,12.0,0,15.5,2.8,-4.06,1,0.8333333333333334,0.6666666666666666,0.5555555555555556,-0.16666666666666674,0.3333333333333339,11.833333333333332,9,0.75,0,0,1,1.3333333333333335,0.75,8.875,4.0,0.8333333333333333,1
1,17,6,9254,1,1,108.0,1,1,19,4,5,112.2,1,0,0,1,1,0,19,0,0,6,13,5,10.8,0,0,6,12,3,10.0,0,9.4,-0.8,-3.12,1,0.8333333333333334,0.5,0.4166666666666667,-0.33333333333333337,-0.8000000000000007,10.4,8,0.6666666666666666,0,0,1,1.5,0.6666666666666666,6.933333333333334,3.0,0.6666666666666666,1
1,1,3,9773,1,1,149.0,1,1,3,0,0,148.7,0,0,0,0,1,0,20,0,0,4,4,0,0.0,0,0,4,8,0,0.0,0,10.8,1.4,1.74,0,0.0,0.0,0.0,0.0,0.0,0.0,0,0.0,0,0,2,3.0,0.0,0.0,0.0,1.0,1
2,1,1,9254,1,1,140.0,1,19,38,4,7,133.0,0,0,0,1,1,0,33,0,3,9,11,9,12.8,0,2,7,9,7,11.428571428571429,0,12.7,3.7,-1.7,2,1.0,1.0,1.0,0.0,-1.3714285714285719,12.114285714285714,16,1.0,-2,0,1,1.0,1.0,12.114285714285714,7.0,1.0,1
1,1,1,9147,1,1,133.1,1,37,38,7,7,98.0,1,0,0,1,1,0,23,0,0,5,8,4,11.4,0,0,5,7,4,11.0,0,11.1,0.6,2.02,2,0.8,0.8,0.6400000000000001,0.0,-0.40000000000000036,11.2,8,0.8,0,0,1,1.2,0.8,8.959999999999999,4.0,1.0,1
1,1,1,9500,1,1,125.0,1,37,19,9,9,122.4,1,0,0,1,1,0,19,0,0,7,7,7,13.725714285714286,0,0,8,8,8,14.5,0,11.1,0.6,2.02,2,1.0,1.0,1.0,0.0,0.774285714285714,14.112857142857143,15,1.0,1,0,1,1.0,1.0,14.112857142857143,8.0,1.0,1
1,1,5,9070,1,1,133.1,1,1,19,3,3,112.0,1,0,0,1,1,1,21,0,0,6,6,6,13.5,0,0,6,6,6,11.166666666666666,0,11.1,0.6,2.02,2,1.0,1.0,1.0,0.0,-2.333333333333334,12.333333333333332,12,1.0,0,0,0,0.0,1.0,12.333333333333332,6.0,1.0,1
1,17,3,9147,1,1,122.0,1,3,38,123,171,116.1,1,0,1,1,1,0,19,0,0,5,10,4,11.0,0,0,5,13,2,12.0,0,8.9,1.4,3.51,1,0.8,0.4,0.32000000000000006,-0.4,1.0,11.5,6,0.6,0,0,2,2.6,0.6,6.8999999999999995,2.0,0.6,1
1,43,1,9147,1,1,123.0,1,37,38,7,7,110.0,0,0,0,1,1,0,25,0,0,5,12,3,11.0,1,0,5,12,4,11.5,0,9.4,-0.8,-3.12,1,0.6,0.8,0.48,0.20000000000000007,0.5,11.25,7,0.7,0,0,1,1.2,0.7,7.874999999999999,4.0,0.7999999999999999,1
2,39,1,9238,1,19,133.1,1,37,37,9,4,103.5,0,0,0,1,1,0,42,0,0,6,0,0,0.0,0,0,6,0,0,0.0,0,15.5,2.8,-4.06,0,0.0,0.0,0.0,0.0,0.0,0.0,0,0.0,0,0,1,2.0,0.0,0.0,0.0,1.0,1
1,7,1,9991,0,3,140.0,1,37,37,9,9,140.0,0,0,0,1,1,0,27,0,0,5,6,4,13.5,0,0,5,6,4,13.75,0,7.6,2.6,0.32,2,0.8,0.8,0.6400000000000001,0.0,0.25,13.625,8,0.8,0,0,1,1.2,0.8,10.9,4.0,1.0,1
1,1,1,9070,1,1,116.0,1,3,3,0,1,108.7,1,0,0,1,1,0,23,0,0,6,9,4,11.25,1,0,6,10,0,0.0,4,7.6,2.6,0.32,0,0.6666666666666666,0.0,0.0,-0.6666666666666666,-11.25,5.625,4,0.3333333333333333,0,0,1,2.0,0.3333333333333333,1.875,0.0,0.33333333333333337,1
1,17,3,9254,1,1,118.0,1,19,1,4,4,115.9,1,0,0,1,1,1,18,0,0,6,7,6,12.142857142857142,0,0,6,8,6,11.333333333333334,0,8.9,1.4,3.51,2,1.0,1.0,1.0,0.0,-0.8095238095238084,11.738095238095237,12,1.0,0,0,0,0.0,1.0,11.738095238095237,6.0,1.0,1
2,39,1,9500,1,1,140.0,1,37,37,9,4,127.3,0,0,0,1,1,0,26,0,0,8,8,7,13.075714285714286,0,0,8,8,7,13.075714285714286,0,10.8,1.4,1.74,2,0.875,0.875,0.765625,0.0,0.0,13.075714285714286,14,0.875,0,0,1,1.125,0.875,11.44125,7.0,1.0,1
1,1,4,9147,1,1,146.0,1,3,1,3,10,138.7,0,0,0,1,1,0,18,0,0,5,0,0,0.0,0,0,5,0,0,0.0,0,8.9,1.4,3.51,0,0.0,0.0,0.0,0.0,0.0,0.0,0,0.0,0,0,1,2.0,0.0,0.0,0.0,1.0,1
1,39,1,9991,0,1,150.0,1,3,5,2,2,135.8,0,0,1,1,1,0,29,0,1,5,9,3,11.0,0,0,5,11,2,13.5,0,12.7,3.7,-1.7,0,0.6,0.4,0.24,-0.19999999999999996,2.5,12.25,5,0.5,0,0,2,2.6,0.5,6.125,2.0,0.8,1
1,17,1,9085,1,1,137.0,1,1,1,4,7,134.6,1,0,0,1,1,0,22,0,0,6,16,0,0.0,0,0,6,7,0,0.0,0,16.2,0.3,-0.92,0,0.0,0.0,0.0,0.0,0.0,0.0,0,0.0,0,0,1,2.0,0.0,0.0,0.0,1.0,1
1,43,1,9500,1,1,136.0,1,19,37,173,183,118.4,1,0,0,1,0,0,21,0,0,7,12,4,13.125,0,0,7,8,6,12.333333333333334,0,13.9,-0.3,0.79,1,0.5714285714285714,0.8571428571428571,0.48979591836734687,0.2857142857142857,-0.7916666666666661,12.729166666666668,10,0.7142857142857143,0,0,1,1.1428571428571428,0.7142857142857143,9.092261904761905,6.0,0.7142857142857143,1
1,1,3,9500,1,1,134.0,1,38,38,7,9,132.8,1,0,0,1,0,1,19,0,0,8,8,7,13.512857142857142,0,0,8,8,7,13.512857142857142,0,10.8,1.4,1.74,2,0.875,0.875,0.765625,0.0,0.0,13.512857142857142,14,0.875,0,0,0,0.125,0.875,11.823749999999999,7.0,1.0,1
1,1,1,9238,1,1,160.0,1,38,37,9,7,155.5,1,0,0,1,0,1,18,0,0,6,7,6,12.833333333333334,0,0,6,6,6,12.166666666666666,0,10.8,1.4,1.74,2,1.0,1.0,1.0,0.0,-0.6666666666666679,12.5,12,1.0,0,0,0,0.0,1.0,12.5,6.0,1.0,1
1,39,1,9003,1,19,133.1,1,37,38,4,9,110.0,0,0,1,0,0,0,40,0,0,6,12,5,12.8,0,0,6,16,3,13.333333333333334,0,11.1,0.6,2.02,0,0.8333333333333334,0.5,0.4166666666666667,-0.33333333333333337,0.5333333333333332,13.066666666666666,8,0.6666666666666666,0,0,3,3.5,0.6666666666666666,8.71111111111111,3.0,0.6666666666666666,1
1,43,2,8014,0,3,130.0,1,34,34,0,0,130.0,0,0,0,1,1,0,31,0,8,12,21,12,12.333333333333334,0,6,10,13,7,13.285714285714286,2,7.6,2.6,0.32,2,1.0,0.7,0.7,-0.30000000000000004,0.9523809523809526,12.80952380952381,19,0.8636363636363636,-2,0,1,1.3,0.8636363636363636,11.062770562770563,7.0,0.7,1
1,1,2,9147,1,1,131.0,1,1,1,9,9,118.8,0,0,0,1,1,1,18,0,0,5,9,4,11.5,0,0,5,5,5,12.8,0,12.4,0.5,1.79,2,0.8,1.0,0.8,0.19999999999999996,1.3000000000000007,12.15,9,0.9,0,0,0,0.0,0.9,10.935,5.0,0.8,1
1,51,1,9147,1,19,133.1,1,19,19,9,5,112.1,0,0,1,0,1,0,38,0,0,5,5,0,0.0,0,0,5,5,0,0.0,0,8.9,1.4,3.51,0,0.0,0.0,0.0,0.0,0.0,0.0,0,0.0,0,0,3,4.0,0.0,0.0,0.0,1.0,1
1,43,1,9991,0,3,130.0,1,3,1,2,9,130.0,0,0,0,1,1,0,33,0,0,5,5,0,0.0,0,0,5,5,0,0.0,0,12.7,3.7,-1.7,0,0.0,0.0,0.0,0.0,0.0,0.0,0,0.0,0,0,1,2.0,0.0,0.0,0.0,1.0,1
1,17,1,9670,1,1,127.0,1,3,3,1,1,121.4,0,0,0,1,1,0,18,0,0,6,0,0,0.0,0,0,6,0,0,0.0,0,15.5,2.8,-4.06,0,0.0,0.0,0.0,0.0,0.0,0.0,0,0.0,0,0,1,2.0,0.0,0.0,0.0,1.0,1
1,51,1,9991,0,1,134.0,1,1,1,5,3,120.6,1,0,0,1,1,0,27,0,2,6,6,6,12.333333333333334,0,0,5,5,5,13.0,0,11.1,0.6,2.02,2,1.0,1.0,1.0,0.0,0.6666666666666661,12.666666666666668,11,1.0,-1,0,1,1.0,1.0,12.666666666666668,5.0,1.0,1
1,39,1,9254,1,1,130.0,1,37,37,9,9,126.5,0,0,0,1,1,0,26,0,0,6,7,6,12.428571428571429,0,0,6,6,6,12.833333333333334,0,7.6,2.6,0.32,2,1.0,1.0,1.0,0.0,0.4047619047619051,12.630952380952381,12,1.0,0,0,1,1.0,1.0,12.630952380952381,6.0,1.0,1
1,1,6,9500,1,1,127.0,1,1,19,3,3,120.2,1,0,0,1,0,1,19,0,0,7,7,7,12.765714285714289,0,0,8,9,8,13.544444444444444,0,12.4,0.5,1.79,2,1.0,1.0,1.0,0.0,0.7787301587301556,13.155079365079366,15,1.0,1,0,0,0.0,1.0,13.155079365079366,8.0,1.0,1
1,1,2,9147,1,1,142.0,1,37,38,9,9,137.5,1,0,0,1,1,0,19,0,0,5,10,5,12.0,0,0,5,9,5,11.5,0,13.9,-0.3,0.79,2,1.0,1.0,1.0,0.0,-0.5,11.75,10,1.0,0,0,1,1.0,1.0,11.75,5.0,1.0,1
1,18,1,9070,1,1,117.0,1,1,37,4,7,127.9,1,0,0,1,1,0,20,0,0,6,6,0,0.0,0,0,6,6,0,0.0,0,9.4,-0.8,-3.12,0,0.0,0.0,0.0,0.0,0.0,0.0,0,0.0,0,0,1,2.0,0.0,0.0,0.0,1.0,1
4,43,1,9991,0,1,164.0,1,37,37,6,6,131.8,0,0,0,1,0,0,31,0,7,14,19,13,11.357142857142858,0,9,14,14,13,12.0,1,9.4,-0.8,-3.12,2,0.9285714285714286,0.9285714285714286,0.8622448979591837,0.0,0.6428571428571423,11.678571428571429,26,0.9285714285714286,0,0,1,1.0714285714285714,0.9285714285714286,10.84438775510204,13.0,1.0,1
1,43,1,9070,1,1,130.0,1,37,37,9,9,129.0,1,0,0,1,0,0,25,0,0,6,6,6,13.5,0,0,6,6,6,12.5,0,9.4,-0.8,-3.12,2,1.0,1.0,1.0,0.0,-1.0,13.0,12,1.0,0,0,1,1.0,1.0,13.0,6.0,1.0,1
1,17,4,9773,1,1,127.0,1,2,37,9,9,115.8,1,0,1,0,0,0,19,0,0,6,6,0,0.0,0,0,6,0,0,0.0,0,8.9,1.4,3.51,0,0.0,0.0,0.0,0.0,0.0,0.0,0,0.0,0,0,3,4.0,0.0,0.0,0.0,1.0,1
1,1,3,9500,1,1,122.0,1,3,1,4,3,114.8,1,0,0,1,0,1,19,0,0,7,11,4,12.65,0,0,7,9,5,11.1,0,12.4,0.5,1.79,1,0.5714285714285714,0.7142857142857143,0.40816326530612246,0.1428571428571429,-1.5500000000000007,11.875,9,0.6428571428571429,0,0,0,0.2857142857142857,0.6428571428571429,7.633928571428572,5.0,0.8571428571428571,1
1,39,1,9670,1,1,133.1,1,1,1,4,4,112.9,0,0,0,1,0,0,24,0,0,6,12,2,11.666666666666666,0,0,6,20,2,10.5,6,16.2,0.3,-0.92,0,0.3333333333333333,0.3333333333333333,0.1111111111111111,0.0,-1.166666666666666,11.083333333333332,4,0.3333333333333333,0,0,1,1.6666666666666667,0.3333333333333333,3.6944444444444438,2.0,1.0,1
1,1,1,9238,1,1,120.0,1,3,3,3,3,111.6,0,0,0,1,0,0,20,0,0,6,6,6,14.5,0,0,6,6,6,12.666666666666666,0,12.4,0.5,1.79,2,1.0,1.0,1.0,0.0,-1.833333333333334,13.583333333333332,12,1.0,0,0,1,1.0,1.0,13.583333333333332,6.0,1.0,1
1,17,1,9254,1,1,160.0,1,19,37,5,3,152.0,0,0,0,1,0,0,18,0,0,6,7,6,14.714285714285714,0,0,6,7,6,14.166666666666666,0,12.7,3.7,-1.7,2,1.0,1.0,1.0,0.0,-0.5476190476190474,14.44047619047619,12,1.0,0,0,1,1.0,1.0,14.44047619047619,6.0,1.0,1
1,1,1,9238,1,1,141.0,1,38,1,5,7,132.6,0,0,0,1,0,1,18,0,0,6,7,6,13.285714285714286,0,0,6,6,6,14.333333333333334,0,12.4,0.5,1.79,2,1.0,1.0,1.0,0.0,1.0476190476190474,13.80952380952381,12,1.0,0,0,0,0.0,1.0,13.80952380952381,6.0,1.0,1
1,17,1,9085,1,1,125.0,1,1,38,4,9,118.4,1,0,0,1,0,0,21,0,0,5,13,3,11.333333333333334,2,0,5,12,2,10.5,1,9.4,-0.8,-3.12,1,0.6,0.4,0.24,-0.19999999999999996,-0.8333333333333339,10.916666666666668,5,0.5,0,0,1,1.6,0.5,5.458333333333334,2.0,0.8,1
1,7,1,9500,1,3,120.0,1,37,37,4,5,120.0,0,0,1,0,0,0,28,0,0,7,7,0,0.0,7,0,7,7,0,0.0,7,13.9,-0.3,0.79,0,0.0,0.0,0.0,0.0,0.0,0.0,0,0.0,0,0,3,4.0,0.0,0.0,0.0,1.0,1
1,1,1,9853,1,1,162.0,1,37,19,9,8,142.8,0,0,1,1,0,0,18,0,0,6,10,5,13.0,0,0,6,10,4,11.5,0,12.7,3.7,-1.7,0,0.8333333333333334,0.6666666666666666,0.5555555555555556,-0.16666666666666674,-1.5,12.25,9,0.75,0,0,2,2.3333333333333335,0.75,9.1875,4.0,0.8333333333333333,1
1,1,1,9238,1,1,130.0,1,1,1,4,4,124.8,0,0,0,1,0,1,18,0,0,6,9,6,11.5,0,0,6,11,5,14.0,0,11.1,0.6,2.02,2,1.0,0.8333333333333334,0.8333333333333334,-0.16666666666666663,2.5,12.75,11,0.9166666666666666,0,0,0,0.16666666666666663,0.9166666666666666,11.6875,5.0,0.8333333333333334,1
1,17,2,9147,1,1,134.0,1,37,19,9,8,126.3,1,0,0,1,0,1,18,0,0,5,8,5,11.8,0,0,5,10,5,11.6,3,16.2,0.3,-0.92,2,1.0,1.0,1.0,0.0,-0.20000000000000107,11.7,10,1.0,0,0,0,0.0,1.0,11.7,5.0,1.0,1
1,17,1,9500,1,1,137.0,1,19,38,3,9,124.9,0,0,0,1,0,1,19,0,0,7,11,6,13.8875,0,0,8,9,8,14.864444444444445,0,15.5,2.8,-4.06,2,0.8571428571428571,1.0,0.8571428571428571,0.1428571428571429,0.9769444444444453,14.375972222222222,14,0.9333333333333333,1,0,0,0.0,0.9333333333333333,13.417574074074073,8.0,0.8571428571428571,1
1,1,1,9238,1,1,133.1,1,38,38,191,192,118.0,0,0,1,1,0,1,20,0,0,6,7,5,11.4,0,0,6,9,6,11.5,0,8.9,1.4,3.51,2,0.8333333333333334,1.0,0.8333333333333334,0.16666666666666663,0.09999999999999964,11.45,11,0.9166666666666666,0,0,1,1.0,0.9166666666666666,10.495833333333332,6.0,0.8333333333333334,1
2,43,1,8014,0,1,110.0,1,37,19,9,3,100.0,0,0,0,1,0,0,34,0,9,11,17,9,12.333333333333334,0,3,7,12,7,12.142857142857142,0,9.4,-0.8,-3.12,2,0.8181818181818182,1.0,0.8181818181818182,0.18181818181818177,-0.19047619047619158,12.238095238095237,16,0.8888888888888888,-4,0,1,1.0,0.8888888888888888,10.878306878306876,7.0,0.8181818181818182,1
2,39,1,9500,1,1,133.1,1,37,37,9,9,109.0,1,0,0,1,0,0,39,0,0,7,8,5,12.16,0,0,7,8,5,12.16,0,7.6,2.6,0.32,1,0.7142857142857143,0.7142857142857143,0.5102040816326531,0.0,0.0,12.16,10,0.7142857142857143,0,0,1,1.2857142857142856,0.7142857142857143,8.685714285714287,5.0,1.0,1
1,17,3,9500,1,1,133.0,1,3,19,2,5,130.8,1,0,0,1,0,0,19,0,0,8,8,8,13.427499999999998,0,0,8,8,8,13.427499999999998,0,9.4,-0.8,-3.12,2,1.0,1.0,1.0,0.0,0.0,13.427499999999998,16,1.0,0,0,1,1.0,1.0,13.427499999999998,8.0,1.0,1
1,39,1,9070,1,1,130.0,1,1,19,4,4,110.0,1,0,0,1,0,0,24,0,0,6,6,6,15.166666666666666,0,0,6,6,2,15.5,0,15.5,2.8,-4.06,2,1.0,0.3333333333333333,0.3333333333333333,-0.6666666666666667,0.3333333333333339,15.333333333333332,8,0.6666666666666666,0,0,1,1.6666666666666667,0.6666666666666666,10.222222222222221,2.0,0.33333333333333326,1
1,10,1,9773,1,1,151.0,22,38,37,0,5,151.0,1,0,0,1,0,0,18,1,0,6,12,0,0.0,1,0,6,0,0,0.0,0,9.4,-0.8,-3.12,0,0.0,0.0,0.0,0.0,0.0,0.0,0,0.0,0,0,1,2.0,0.0,0.0,0.0,1.0,1
1,17,1,9130,1,1,125.0,1,19,19,3,10,131.0,1,0,0,1,1,0,19,0,0,5,11,2,10.5,2,0,5,9,0,0.0,3,10.8,1.4,1.74,0,0.4,0.0,0.0,-0.4,-10.5,5.25,2,0.2,0,0,1,2.0,0.2,1.05,0.0,0.6,1
1,1,1,9147,1,1,158.0,1,1,38,3,6,155.2,0,0,0,1,1,1,18,0,0,5,5,5,11.8,0,0,5,8,3,11.0,0,9.4,-0.8,-3.12,2,1.0,0.6,0.6,-0.4,-0.8000000000000007,11.4,8,0.8,0,0,0,0.4,0.8,9.120000000000001,3.0,0.6,1
1,1,6,9500,1,1,133.0,1,1,1,9,9,119.7,1,1,1,1,1,0,19,0,2,7,8,7,13.075,0,1,8,11,8,12.36111111111111,0,12.4,0.5,1.79,2,1.0,1.0,1.0,0.0,-0.7138888888888886,12.718055555555555,15,1.0,1,0,2,2.0,1.0,12.718055555555555,8.0,1.0,1
1,1,1,9130,1,1,138.0,1,3,19,2,4,131.0,1,0,0,1,1,0,19,0,0,6,8,4,11.6,0,0,6,14,2,13.0,0,11.1,0.6,2.02,0,0.6666666666666666,0.3333333333333333,0.2222222222222222,-0.3333333333333333,1.4000000000000004,12.3,6,0.5,0,0,1,1.6666666666666667,0.5,6.15,2.0,0.6666666666666667,1
2,39,1,9991,0,1,140.0,1,36,14,9,10,130.0,1,0,0,1,1,0,41,0,0,5,9,4,10.75,0,0,5,7,2,10.0,0,9.4,-0.8,-3.12,0,0.8,0.4,0.32000000000000006,-0.4,-0.75,10.375,6,0.6,0,0,1,1.6,0.6,6.225,2.0,0.6,1
1,1,2,9500,1,1,143.0,1,5,5,2,2,137.8,0,0,0,1,1,0,19,0,0,7,10,6,13.492857142857144,0,0,8,9,8,12.68888888888889,0,12.4,0.5,1.79,2,0.8571428571428571,1.0,0.8571428571428571,0.1428571428571429,-0.8039682539682538,13.090873015873017,14,0.9333333333333333,1,0,1,1.0,0.9333333333333333,12.218148148148149,8.0,0.8571428571428571,1
1,43,3,9254,1,1,135.0,1,3,3,2,2,122.1,0,0,0,1,1,0,19,0,0,6,14,3,12.5,0,0,6,9,4,11.0,0,12.7,3.7,-1.7,1,0.5,0.6666666666666666,0.3333333333333333,0.16666666666666663,-1.5,11.75,7,0.5833333333333334,0,0,1,1.3333333333333335,0.5833333333333334,6.854166666666667,4.0,0.8333333333333334,1
1,7,1,9500,1,3,120.0,1,1,1,7,10,120.0,1,0,0,0,1,0,23,0,0,7,0,0,0.0,0,0,8,0,0,0.0,0,12.7,3.7,-1.7,0,0.0,0.0,0.0,0.0,0.0,0.0,0,0.0,1,0,2,3.0,0.0,0.0,0.0,1.0,1
1,1,1,9147,1,1,126.0,1,3,19,3,3,115.2,0,0,0,1,1,0,19,0,0,5,6,5,12.6,0,0,5,13,5,11.8,5,16.2,0.3,-0.92,2,1.0,1.0,1.0,0.0,-0.7999999999999989,12.2,10,1.0,0,0,1,1.0,1.0,12.2,5.0,1.0,1
1,44,1,9003,1,39,160.0,1,3,3,2,10,160.0,1,0,0,1,1,0,20,0,0,6,7,6,14.0,0,0,6,7,6,14.666666666666666,0,12.4,0.5,1.79,2,1.0,1.0,1.0,0.0,0.6666666666666661,14.333333333333332,12,1.0,0,0,1,1.0,1.0,14.333333333333332,6.0,1.0,1
1,39,1,9085,1,1,140.0,1,37,37,90,90,106.3,0,0,1,0,1,0,35,0,0,5,7,2,11.5,0,0,5,8,2,10.5,0,7.6,2.6,0.32,0,0.4,0.4,0.16000000000000003,0.0,-1.0,11.0,4,0.4,0,0,3,3.6,0.4,4.4,2.0,1.0,1
4,39,2,9670,1,19,133.1,1,19,1,90,90,103.0,0,0,0,0,1,0,34,0,0,6,6,0,0.0,0,0,6,9,0,0.0,0,10.8,1.4,1.74,0,0.0,0.0,0.0,0.0,0.0,0.0,0,0.0,0,0,2,3.0,0.0,0.0,0.0,1.0,1
1,1,1,9070,1,1,136.0,1,3,3,9,9,136.0,1,0,1,0,0,1,19,0,0,6,6,6,11.833333333333334,0,0,6,8,6,12.875,0,10.8,1.4,1.74,2,1.0,1.0,1.0,0.0,1.041666666666666,12.354166666666668,12,1.0,0,0,2,2.0,1.0,12.354166666666668,6.0,1.0,1
1,15,1,9238,1,1,150.0,26,19,1,9,9,146.5,1,0,1,0,1,0,22,1,0,6,10,5,11.5,0,0,6,8,5,12.4,0,13.9,-0.3,0.79,2,0.8333333333333334,0.8333333333333334,0.6944444444444445,0.0,0.9000000000000004,11.95,10,0.8333333333333334,0,0,3,3.1666666666666665,0.8333333333333334,9.958333333333334,5.0,1.0,1
1,17,3,9070,1,1,130.0,1,1,4,4,2,131.4,0,0,0,1,1,0,20,0,0,6,6,6,14.166666666666666,0,0,6,8,6,12.333333333333334,0,11.1,0.6,2.02,2,1.0,1.0,1.0,0.0,-1.8333333333333321,13.25,12,1.0,0,0,1,1.0,1.0,13.25,6.0,1.0,1
2,42,1,9991,0,1,130.0,1,3,2,2,2,130.0,0,0,0,1,1,0,27,0,2,2,2,2,12.5,0,0,5,6,2,12.5,0,12.7,3.7,-1.7,1,1.0,0.4,0.4,-0.6,0.0,12.5,4,0.5714285714285714,3,0,1,1.6,0.5714285714285714,7.142857142857142,2.0,0.4,1
2,39,1,9119,1,1,110.0,1,19,19,0,5,137.0,0,0,1,1,1,0,30,0,0,5,5,0,0.0,0,0,5,5,0,0.0,0,7.6,2.6,0.32,0,0.0,0.0,0.0,0.0,0.0,0.0,0,0.0,0,0,2,3.0,0.0,0.0,0.0,1.0,1
1,1,1,9254,1,1,121.0,1,1,1,5,4,111.9,1,0,0,0,1,0,20,0,0,6,14,2,10.5,0,0,6,16,0,0.0,0,10.8,1.4,1.74,0,0.3333333333333333,0.0,0.0,-0.3333333333333333,-10.5,5.25,2,0.16666666666666666,0,0,2,3.0,0.16666666666666666,0.875,0.0,0.6666666666666667,1
1,17,1,9070,1,1,127.0,1,37,38,9,5,131.2,1,0,0,1,1,0,18,0,0,6,6,6,11.833333333333334,0,0,6,6,6,13.166666666666666,0,7.6,2.6,0.32,2,1.0,1.0,1.0,0.0,1.3333333333333321,12.5,12,1.0,0,0,1,1.0,1.0,12.5,6.0,1.0,1
1,1,1,9130,1,1,140.0,1,9,19,4,4,131.2,0,0,0,1,1,1,26,0,0,5,9,0,0.0,0,0,5,6,0,0.0,0,7.6,2.6,0.32,0,0.0,0.0,0.0,0.0,0.0,0.0,0,0.0,0,0,0,1.0,0.0,0.0,0.0,1.0,1
1,39,1,9991,0,1,130.0,1,1,1,3,7,140.0,0,0,0,1,1,0,26,0,0,5,5,5,12.4,0,0,5,5,5,12.4,0,15.5,2.8,-4.06,2,1.0,1.0,1.0,0.0,0.0,12.4,10,1.0,0,0,1,1.0,1.0,12.4,5.0,1.0,1
1,39,2,9147,1,1,130.0,1,19,19,5,9,121.5,0,0,0,0,1,0,26,0,0,5,5,2,10.5,0,0,5,9,0,0.0,0,10.8,1.4,1.74,0,0.4,0.0,0.0,-0.4,-10.5,5.25,2,0.2,0,0,2,3.0,0.2,1.05,0.0,0.6,1
1,39,1,9991,0,1,100.0,1,37,37,9,6,153.5,0,0,1,0,1,0,31,0,0,5,9,0,0.0,0,0,5,6,0,0.0,0,12.4,0.5,1.79,0,0.0,0.0,0.0,0.0,0.0,0.0,0,0.0,0,0,3,4.0,0.0,0.0,0.0,1.0,1
1,1,3,171,1,1,139.0,1,37,19,9,8,142.2,1,0,0,1,1,1,20,0,6,12,12,12,14.583333333333334,0,4,11,14,11,14.333333333333334,0,8.9,1.4,3.51,2,1.0,1.0,1.0,0.0,-0.25,14.458333333333334,23,1.0,-1,0,0,0.0,1.0,14.458333333333334,11.0,1.0,1
1,1,1,9773,1,1,150.0,1,19,11,0,0,131.1,1,0,0,1,1,0,19,0,0,6,6,6,11.666666666666666,0,0,6,10,3,12.666666666666666,0,7.6,2.6,0.32,2,1.0,0.5,0.5,-0.5,1.0,12.166666666666666,9,0.75,0,0,1,1.5,0.75,9.125,3.0,0.5,1
1,17,1,9670,1,1,133.1,1,34,3,7,2,130.6,1,0,1,0,1,0,23,0,0,5,5,0,0.0,0,0,5,5,0,0.0,0,7.6,2.6,0.32,0,0.0,0.0,0.0,0.0,0.0,0.0,0,0.0,0,0,3,4.0,0.0,0.0,0.0,1.0,1
1,1,6,9500,1,1,119.0,1,1,1,4,4,115.0,1,0,0,1,1,1,20,0,0,7,14,1,13.0,0,0,7,15,0,0.0,0,11.1,0.6,2.02,0,0.14285714285714285,0.0,0.0,-0.14285714285714285,-13.0,6.5,1,0.07142857142857142,0,0,0,1.0,0.07142857142857142,0.46428571428571425,0.0,0.8571428571428572,1
1,51,1,9500,1,1,170.0,1,1,1,4,10,125.0,0,0,0,1,1,0,20,0,0,7,7,7,15.66,0,7,10,11,9,15.011111111111113,0,11.1,0.6,2.02,2,1.0,0.9,0.9,-0.09999999999999998,-0.6488888888888873,15.335555555555556,16,0.9411764705882353,3,0,1,1.1,0.9411764705882353,14.433464052287583,9.0,0.9,1
1,39,1,8014,0,1,133.1,1,34,34,0,0,97.5,1,0,0,1,1,0,29,0,0,6,10,0,0.0,1,0,5,10,0,0.0,0,7.6,2.6,0.32,0,0.0,0.0,0.0,0.0,0.0,0.0,0,0.0,-1,0,1,2.0,0.0,0.0,0.0,1.0,1
1,1,4,9773,1,1,133.0,1,19,19,7,7,134.4,1,0,0,1,1,1,20,0,0,6,6,6,12.166666666666666,0,0,6,8,4,12.75,0,9.4,-0.8,-3.12,2,1.0,0.6666666666666666,0.6666666666666666,-0.33333333333333337,0.5833333333333339,12.458333333333332,10,0.8333333333333334,0,0,0,0.33333333333333337,0.8333333333333334,10.381944444444445,4.0,0.6666666666666666,1
1,1,1,9500,1,1,125.0,1,37,37,9,9,118.8,0,0,0,1,1,0,24,0,0,7,7,6,13.3,0,0,7,7,6,13.3,0,7.6,2.6,0.32,2,0.8571428571428571,0.8571428571428571,0.7346938775510203,0.0,0.0,13.3,12,0.8571428571428571,0,0,1,1.1428571428571428,0.8571428571428571,11.4,6.0,1.0,1
1,39,1,9556,1,19,133.1,1,42,1,3,7,110.5,0,0,0,1,1,0,37,0,0,7,15,0,0.0,0,0,7,13,0,0.0,1,11.1,0.6,2.02,0,0.0,0.0,0.0,0.0,0.0,0.0,0,0.0,0,0,1,2.0,0.0,0.0,0.0,1.0,1
1,1,5,9500,1,1,143.0,1,37,19,4,4,123.3,1,0,0,1,1,0,18,0,0,7,0,0,0.0,0,0,8,0,0,0.0,0,7.6,2.6,0.32,0,0.0,0.0,0.0,0.0,0.0,0.0,0,0.0,1,0,1,2.0,0.0,0.0,0.0,1.0,1
1,1,2,171,1,1,127.0,1,2,19,5,5,139.6,1,0,1,0,1,1,18,0,0,0,0,0,0.0,0,0,0,0,0,0.0,0,13.9,-0.3,0.79,0,0.0,0.0,0.0,0.0,0.0,0.0,0,0.0,0,1,2,4.0,0.0,0.0,0.0,1.0,0
1,17,1,9500,1,1,157.0,1,19,3,4,9,138.8,0,0,0,1,1,0,18,0,0,8,8,7,13.55714285714286,0,0,8,8,7,13.55714285714286,0,12.7,3.7,-1.7,2,0.875,0.875,0.765625,0.0,0.0,13.55714285714286,14,0.875,0,0,1,1.125,0.875,11.862500000000002,7.0,1.0,1
1,39,1,9003,1,1,140.0,1,37,37,9,4,140.0,0,0,0,1,1,0,35,0,0,6,16,4,12.0,0,0,6,11,3,10.333333333333334,0,13.9,-0.3,0.79,0,0.6666666666666666,0.5,0.3333333333333333,-0.16666666666666663,-1.666666666666666,11.166666666666668,7,0.5833333333333334,0,0,1,1.5,0.5833333333333334,6.51388888888889,3.0,0.8333333333333334,1
1,17,1,9254,1,1,128.0,1,19,38,9,9,118.2,0,0,0,1,0,0,19,0,0,5,5,0,0.0,0,0,6,0,0,0.0,0,8.9,1.4,3.51,0,0.0,0.0,0.0,0.0,0.0,0.0,0,0.0,1,0,1,2.0,0.0,0.0,0.0,1.0,1
1,1,1,171,1,1,145.0,1,1,19,10,5,150.6,1,0,0,1,1,0,18,0,0,0,0,0,0.0,0,0,0,0,0,0.0,0,10.8,1.4,1.74,2,0.0,0.0,0.0,0.0,0.0,0.0,0,0.0,0,1,1,3.0,0.0,0.0,0.0,1.0,0
2,39,1,9500,1,1,133.1,1,37,37,191,172,115.2,0,0,0,1,0,0,48,0,0,7,11,4,11.75,0,0,7,14,3,11.725,0,11.1,0.6,2.02,1,0.5714285714285714,0.42857142857142855,0.24489795918367344,-0.14285714285714285,-0.025000000000000355,11.7375,7,0.5,0,0,1,1.5714285714285714,0.5,5.86875,3.0,0.8571428571428572,1
1,1,1,9500,1,1,132.0,1,19,2,9,3,126.0,1,0,0,1,0,0,19,0,0,7,7,6,12.183333333333332,0,0,7,7,6,12.183333333333332,0,7.6,2.6,0.32,2,0.8571428571428571,0.8571428571428571,0.7346938775510203,0.0,0.0,12.183333333333332,12,0.8571428571428571,0,0,1,1.1428571428571428,0.8571428571428571,10.442857142857141,6.0,1.0,1
1,44,1,9003,1,39,160.0,1,37,37,9,7,160.0,1,0,0,0,1,0,30,0,4,9,18,6,11.833333333333334,0,1,8,21,4,11.0,0,15.5,2.8,-4.06,0,0.6666666666666666,0.5,0.3333333333333333,-0.16666666666666663,-0.8333333333333339,11.416666666666668,10,0.5882352941176471,-1,0,2,2.5,0.5882352941176471,6.715686274509805,4.0,0.8333333333333334,1
2,43,1,9773,1,1,160.0,1,37,37,5,0,160.0,0,0,1,0,1,0,51,0,0,4,4,0,0.0,0,0,4,4,0,0.0,0,12.7,3.7,-1.7,0,0.0,0.0,0.0,0.0,0.0,0.0,0,0.0,0,0,3,4.0,0.0,0.0,0.0,1.0,1
1,10,1,9085,1,1,184.4,22,2,19,2,8,184.4,0,0,0,1,0,0,18,1,0,6,8,6,15.0,0,0,6,10,5,14.333333333333334,0,11.1,0.6,2.02,2,1.0,0.8333333333333334,0.8333333333333334,-0.16666666666666663,-0.6666666666666661,14.666666666666668,11,0.9166666666666666,0,0,1,1.1666666666666665,0.9166666666666666,13.444444444444445,5.0,0.8333333333333334,1
1,1,1,171,1,1,149.0,1,1,1,9,3,156.0,1,0,0,1,0,0,18,0,0,0,0,0,0.0,0,0,0,0,0,0.0,0,10.8,1.4,1.74,2,0.0,0.0,0.0,0.0,0.0,0.0,0,0.0,0,1,1,3.0,0.0,0.0,0.0,1.0,0
1,1,1,171,1,1,146.0,1,40,43,4,4,150.2,1,0,0,1,0,0,18,0,0,0,0,0,0.0,0,0,0,0,0,0.0,0,11.1,0.6,2.02,2,0.0,0.0,0.0,0.0,0.0,0.0,0,0.0,0,1,1,3.0,0.0,0.0,0.0,1.0,0
1,1,5,9500,1,1,139.0,1,38,37,7,7,126.3,1,0,0,1,0,1,18,0,0,8,8,8,13.435,0,0,8,8,8,13.435,0,9.4,-0.8,-3.12,2,1.0,1.0,1.0,0.0,0.0,13.435,16,1.0,0,0,0,0.0,1.0,13.435,8.0,1.0,1
1,1,1,9130,1,1,152.0,1,2,22,4,3,146.1,1,0,0,1,0,0,18,0,0,5,8,4,13.5,2,0,5,9,0,0.0,3,10.8,1.4,1.74,0,0.8,0.0,0.0,-0.8,-13.5,6.75,4,0.4,0,0,1,2.0,0.4,2.7,0.0,0.19999999999999996,1
1,18,1,171,1,1,121.0,1,1,1,4,3,116.8,1,0,0,1,0,0,23,0,15,17,18,17,11.5,0,16,17,17,17,12.176470588235292,0,12.4,0.5,1.79,2,1.0,1.0,1.0,0.0,0.6764705882352917,11.838235294117645,34,1.0,0,0,1,1.0,1.0,11.838235294117645,17.0,1.0,1
1,1,1,9070,1,1,124.0,1,19,19,7,9,132.1,1,0,0,1,0,0,19,0,0,6,10,2,10.5,0,0,6,6,3,11.0,0,7.6,2.6,0.32,1,0.3333333333333333,0.5,0.16666666666666666,0.16666666666666669,0.5,10.75,5,0.4166666666666667,0,0,1,1.5,0.4166666666666667,4.479166666666667,3.0,0.8333333333333333,1
1,1,1,9085,1,1,105.0,1,19,37,8,8,102.6,0,1,0,1,0,0,21,0,0,6,13,4,12.0,0,0,6,17,2,11.5,0,11.1,0.6,2.02,1,0.6666666666666666,0.3333333333333333,0.2222222222222222,-0.3333333333333333,-0.5,11.75,6,0.5,0,0,1,1.6666666666666667,0.5,5.875,2.0,0.6666666666666667,1
1,1,1,9773,1,1,121.0,1,3,3,2,2,112.3,1,0,1,0,0,0,18,0,0,6,7,5,12.2,0,0,6,11,4,11.5,0,11.1,0.6,2.02,0,0.8333333333333334,0.6666666666666666,0.5555555555555556,-0.16666666666666674,-0.6999999999999993,11.85,9,0.75,0,0,3,3.3333333333333335,0.75,8.8875,4.0,0.8333333333333333,1
1,1,1,171,1,1,143.0,1,12,12,4,1,155.3,1,1,0,1,0,0,18,0,0,0,0,0,0.0,0,0,0,0,0,0.0,0,11.1,0.6,2.02,2,0.0,0.0,0.0,0.0,0.0,0.0,0,0.0,0,1,1,3.0,0.0,0.0,0.0,1.0,0
1,53,1,9085,1,42,150.0,1,3,1,2,8,153.8,1,0,0,1,0,0,21,0,7,11,15,10,14.5,0,4,9,15,8,14.0,0,8.9,1.4,3.51,2,0.9090909090909091,0.8888888888888888,0.808080808080808,-0.02020202020202022,-0.5,14.25,18,0.9,-2,0,1,1.1111111111111112,0.9,12.825000000000001,8.0,0.9797979797979798,1
1,43,1,9773,1,1,126.0,1,1,37,3,0,110.0,0,0,1,1,0,0,20,0,0,6,7,6,13.333333333333334,0,0,6,8,6,12.666666666666666,0,12.4,0.5,1.79,2,1.0,1.0,1.0,0.0,-0.6666666666666679,13.0,12,1.0,0,0,2,2.0,1.0,13.0,6.0,1.0,1
1,42,1,9085,1,1,133.1,1,1,9,4,4,128.2,0,0,0,1,0,0,24,0,5,11,29,9,12.0,6,4,10,21,9,12.555555555555555,0,9.4,-0.8,-3.12,2,0.8181818181818182,0.9,0.7363636363636364,0.08181818181818179,0.5555555555555554,12.277777777777779,18,0.8571428571428571,-1,0,1,1.1,0.8571428571428571,10.523809523809524,9.0,0.9181818181818182,1
1,1,1,9130,1,1,127.0,1,1,1,4,4,120.4,1,0,0,1,0,0,18,0,0,6,9,6,15.125,0,0,6,9,6,14.0,0,13.9,-0.3,0.79,2,1.0,1.0,1.0,0.0,-1.125,14.5625,12,1.0,0,0,1,1.0,1.0,14.5625,6.0,1.0,1
1,17,1,9500,1,1,160.0,1,19,1,4,10,153.0,1,0,0,1,0,0,18,0,0,7,7,6,13.116666666666667,0,0,7,7,6,13.116666666666667,0,7.6,2.6,0.32,2,0.8571428571428571,0.8571428571428571,0.7346938775510203,0.0,0.0,13.116666666666667,12,0.8571428571428571,0,0,1,1.1428571428571428,0.8571428571428571,11.242857142857142,6.0,1.0,1
1,1,1,9773,1,1,121.0,1,19,1,7,9,117.9,1,0,0,1,0,0,19,0,0,6,7,6,12.833333333333334,0,0,6,7,6,11.666666666666666,0,11.1,0.6,2.02,2,1.0,1.0,1.0,0.0,-1.1666666666666679,12.25,12,1.0,0,0,1,1.0,1.0,12.25,6.0,1.0,1
1,44,1,9238,1,39,150.0,1,1,37,4,8,145.6,1,0,0,1,0,1,20,0,3,6,6,6,13.333333333333334,0,2,6,6,6,14.166666666666666,0,13.9,-0.3,0.79,2,1.0,1.0,1.0,0.0,0.8333333333333321,13.75,12,1.0,0,0,0,0.0,1.0,13.75,6.0,1.0,1
1,1,6,9500,1,1,117.0,1,4,12,5,9,119.8,1,0,0,1,0,0,18,0,0,7,7,7,13.877142857142855,0,0,8,8,8,15.6625,0,12.4,0.5,1.79,2,1.0,1.0,1.0,0.0,1.7853571428571442,14.769821428571428,15,1.0,1,0,1,1.0,1.0,14.769821428571428,8.0,1.0,1
1,1,6,9500,1,1,141.0,1,19,1,9,10,126.8,1,0,0,1,0,0,18,0,0,8,8,7,12.944285714285714,0,0,8,8,7,12.944285714285714,0,10.8,1.4,1.74,2,0.875,0.875,0.765625,0.0,0.0,12.944285714285714,14,0.875,0,0,1,1.125,0.875,11.32625,7.0,1.0,1
1,17,1,9853,1,1,112.0,1,2,19,3,9,106.1,1,0,0,1,0,0,19,0,0,6,8,5,12.333333333333334,0,0,6,8,5,11.0,0,15.5,2.8,-4.06,1,0.8333333333333334,0.8333333333333334,0.6944444444444445,0.0,-1.333333333333334,11.666666666666668,10,0.8333333333333334,0,0,1,1.1666666666666665,0.8333333333333334,9.722222222222223,5.0,1.0,1
1,1,1,9500,1,1,148.0,1,3,3,2,2,137.3,1,0,0,1,0,0,19,0,0,7,7,6,14.266666666666666,0,0,7,7,6,14.266666666666666,0,7.6,2.6,0.32,2,0.8571428571428571,0.8571428571428571,0.7346938775510203,0.0,0.0,14.266666666666666,12,0.8571428571428571,0,0,1,1.1428571428571428,0.8571428571428571,12.228571428571428,6.0,1.0,1
1,1,2,9670,1,1,120.0,1,3,19,4,5,115.5,1,0,0,1,0,0,18,0,0,6,8,5,13.0,0,0,6,8,5,14.0,0,13.9,-0.3,0.79,2,0.8333333333333334,0.8333333333333334,0.6944444444444445,0.0,1.0,13.5,10,0.8333333333333334,0,0,1,1.1666666666666665,0.8333333333333334,11.25,5.0,1.0,1
1,1,2,9500,1,1,132.0,1,37,37,5,7,127.5,1,0,0,1,0,0,20,0,0,8,8,8,12.48375,0,0,8,8,8,12.48375,0,9.4,-0.8,-3.12,2,1.0,1.0,1.0,0.0,0.0,12.48375,16,1.0,0,0,1,1.0,1.0,12.48375,8.0,1.0,1
1,1,2,9556,1,1,125.0,1,38,1,9,3,116.3,1,0,0,1,0,0,18,0,0,7,8,7,13.428571428571429,0,0,8,8,8,15.3125,0,16.2,0.3,-0.92,2,1.0,1.0,1.0,0.0,1.8839285714285712,14.370535714285715,15,1.0,1,0,1,1.0,1.0,14.370535714285715,8.0,1.0,1
2,17,3,8014,0,1,123.0,1,19,37,3,3,113.2,0,0,1,0,0,0,18,0,0,6,9,3,10.666666666666666,0,0,6,12,0,0.0,0,7.6,2.6,0.32,0,0.5,0.0,0.0,-0.5,-10.666666666666666,5.333333333333333,3,0.25,0,0,3,4.0,0.25,1.3333333333333333,0.0,0.5,1
1,1,1,9853,1,1,142.0,1,12,12,9,4,132.6,1,0,0,1,0,0,18,0,0,6,8,5,15.4,0,0,6,7,5,12.2,0,7.6,2.6,0.32,2,0.8333333333333334,0.8333333333333334,0.6944444444444445,0.0,-3.200000000000001,13.8,10,0.8333333333333334,0,0,1,1.1666666666666665,0.8333333333333334,11.500000000000002,5.0,1.0,1
1,1,4,9500,1,1,148.0,1,1,37,4,8,132.0,1,0,0,1,0,0,18,0,0,7,7,6,13.45,0,0,7,7,6,13.45,0,7.6,2.6,0.32,2,0.8571428571428571,0.8571428571428571,0.7346938775510203,0.0,0.0,13.45,12,0.8571428571428571,0,0,1,1.1428571428571428,0.8571428571428571,11.528571428571427,6.0,1.0,1
1,17,5,9500,1,1,136.0,1,19,38,5,8,130.3,1,0,0,1,0,1,18,0,0,7,7,6,12.6,0,0,7,7,6,12.6,0,7.6,2.6,0.32,2,0.8571428571428571,0.8571428571428571,0.7346938775510203,0.0,0.0,12.6,12,0.8571428571428571,0,0,0,0.1428571428571429,0.8571428571428571,10.799999999999999,6.0,1.0,1
1,1,4,9500,1,1,123.0,1,19,38,9,10,116.7,1,0,0,1,0,0,20,0,0,7,7,7,12.485714285714286,0,0,8,12,8,12.9375,0,16.2,0.3,-0.92,2,1.0,1.0,1.0,0.0,0.45178571428571423,12.711607142857144,15,1.0,1,0,1,1.0,1.0,12.711607142857144,8.0,1.0,1
1,1,2,9070,1,1,135.0,1,19,37,9,9,134.0,1,0,0,1,0,1,22,0,0,6,10,5,10.8,0,0,6,7,5,12.8,0,12.7,3.7,-1.7,2,0.8333333333333334,0.8333333333333334,0.6944444444444445,0.0,2.0,11.8,10,0.8333333333333334,0,0,0,0.16666666666666663,0.8333333333333334,9.833333333333334,5.0,1.0,1
1,44,1,9085,1,39,140.0,1,1,1,3,7,140.0,1,0,0,1,0,0,20,0,2,6,11,5,14.2,0,0,6,12,2,13.5,0,13.9,-0.3,0.79,1,0.8333333333333334,0.3333333333333333,0.2777777777777778,-0.5,-0.6999999999999993,13.85,7,0.5833333333333334,0,0,1,1.6666666666666667,0.5833333333333334,8.079166666666667,2.0,0.5,1
1,1,2,9238,1,1,136.0,1,37,38,9,8,139.2,1,0,0,1,0,0,18,0,0,6,7,6,13.833333333333334,0,0,6,6,6,14.0,0,9.4,-0.8,-3.12,2,1.0,1.0,1.0,0.0,0.16666666666666607,13.916666666666668,12,1.0,0,0,1,1.0,1.0,13.916666666666668,6.0,1.0,1
1,17,3,9147,1,1,142.0,1,37,38,5,1,129.4,0,0,0,1,0,0,18,0,0,5,5,5,13.2,0,0,5,6,4,12.5,0,9.4,-0.8,-3.12,2,1.0,0.8,0.8,-0.19999999999999996,-0.6999999999999993,12.85,9,0.9,0,0,1,1.2,0.9,11.565,4.0,0.8,1
1,17,1,9670,1,1,127.0,1,1,38,4,7,125.6,0,0,1,1,0,1,18,0,0,6,7,1,14.0,0,0,6,6,0,0.0,0,15.5,2.8,-4.06,0,0.16666666666666666,0.0,0.0,-0.16666666666666666,-14.0,7.0,1,0.08333333333333333,0,0,1,2.0,0.08333333333333333,0.5833333333333333,0.0,0.8333333333333334,1
1,17,1,9238,1,1,131.0,1,1,1,4,10,129.3,0,0,0,1,0,0,19,0,4,8,8,8,13.875,0,1,6,8,5,14.0,0,11.1,0.6,2.02,2,1.0,0.8333333333333334,0.8333333333333334,-0.16666666666666663,0.125,13.9375,13,0.9285714285714286,-2,0,1,1.1666666666666665,0.9285714285714286,12.941964285714286,5.0,0.8333333333333334,1
1,1,1,9085,1,1,134.0,1,38,19,9,4,128.4,1,0,0,1,0,1,19,0,0,5,7,5,12.5,0,0,5,8,5,12.714285714285714,0,10.8,1.4,1.74,2,1.0,1.0,1.0,0.0,0.21428571428571352,12.607142857142858,10,1.0,0,0,0,0.0,1.0,12.607142857142858,5.0,1.0,1
1,17,2,9773,1,1,142.0,1,19,19,9,9,139.9,0,0,0,1,0,1,18,0,0,6,7,6,13.428571428571429,0,0,6,6,6,12.5,0,13.9,-0.3,0.79,2,1.0,1.0,1.0,0.0,-0.9285714285714288,12.964285714285715,12,1.0,0,0,0,0.0,1.0,12.964285714285715,6.0,1.0,1
1,1,1,9070,1,1,123.0,1,38,38,9,5,124.8,0,0,0,0,0,1,18,0,0,6,7,5,11.8,0,0,6,7,5,13.0,0,8.9,1.4,3.51,1,0.8333333333333334,0.8333333333333334,0.6944444444444445,0.0,1.1999999999999993,12.4,10,0.8333333333333334,0,0,1,1.1666666666666665,0.8333333333333334,10.333333333333334,5.0,1.0,1
1,17,3,9500,1,1,133.0,1,1,1,9,9,128.5,1,0,0,1,0,1,18,0,0,7,7,7,14.868571428571428,0,0,8,9,8,15.11111111111111,0,11.1,0.6,2.02,2,1.0,1.0,1.0,0.0,0.2425396825396824,14.98984126984127,15,1.0,1,0,0,0.0,1.0,14.98984126984127,8.0,1.0,1
1,1,4,9500,1,1,125.0,1,19,1,1,1,117.8,1,0,0,1,0,0,18,0,0,7,10,7,13.03,0,0,8,8,8,13.21875,0,15.5,2.8,-4.06,2,1.0,1.0,1.0,0.0,0.18875000000000064,13.124375,15,1.0,1,0,1,1.0,1.0,13.124375,8.0,1.0,1
1,17,1,9670,1,1,120.0,1,38,38,5,7,115.1,1,0,0,1,0,0,19,0,0,6,7,6,14.571428571428571,0,0,6,7,6,12.333333333333334,0,12.4,0.5,1.79,2,1.0,1.0,1.0,0.0,-2.2380952380952372,13.452380952380953,12,1.0,0,0,1,1.0,1.0,13.452380952380953,6.0,1.0,1
1,17,2,9238,1,1,125.0,1,19,19,3,3,118.0,1,0,0,1,0,0,18,0,0,6,9,5,11.0,0,0,6,9,4,11.25,0,8.9,1.4,3.51,2,0.8333333333333334,0.6666666666666666,0.5555555555555556,-0.16666666666666674,0.25,11.125,9,0.75,0,0,1,1.3333333333333335,0.75,8.34375,4.0,0.8333333333333333,1
1,39,1,9500,1,19,133.1,1,19,37,9,4,120.0,0,0,0,1,0,1,25,0,0,8,8,8,13.3675,0,0,8,8,8,13.3675,0,9.4,-0.8,-3.12,2,1.0,1.0,1.0,0.0,0.0,13.3675,16,1.0,0,0,0,0.0,1.0,13.3675,8.0,1.0,1
1,1,4,9500,1,1,133.1,1,19,38,9,9,119.6,1,0,0,1,0,1,19,0,0,7,7,6,12.808333333333332,0,0,8,11,7,12.825714285714286,0,12.4,0.5,1.79,2,0.8571428571428571,0.875,0.75,0.017857142857142905,0.01738095238095383,12.817023809523809,13,0.8666666666666667,1,0,0,0.125,0.8666666666666667,11.108087301587302,7.0,0.9821428571428571,1
1,17,6,9500,1,1,143.0,1,1,38,3,3,133.2,1,0,0,1,0,0,18,0,0,7,7,7,13.918571428571427,0,0,8,9,8,13.8875,0,11.1,0.6,2.02,2,1.0,1.0,1.0,0.0,-0.031071428571427973,13.903035714285714,15,1.0,1,0,1,1.0,1.0,13.903035714285714,8.0,1.0,1
1,17,1,9130,1,1,147.0,1,4,1,2,10,141.8,1,0,0,1,0,0,19,0,0,6,8,6,13.0,0,0,6,9,4,12.8,0,13.9,-0.3,0.79,2,1.0,0.6666666666666666,0.6666666666666666,-0.33333333333333337,-0.1999999999999993,12.9,10,0.8333333333333334,0,0,1,1.3333333333333335,0.8333333333333334,10.75,4.0,0.6666666666666666,1
2,1,1,9500,1,1,142.0,1,19,38,4,5,130.3,0,0,0,1,0,0,18,0,0,7,7,6,13.683333333333332,0,0,7,7,6,13.683333333333332,0,7.6,2.6,0.32,2,0.8571428571428571,0.8571428571428571,0.7346938775510203,0.0,0.0,13.683333333333332,12,0.8571428571428571,0,0,1,1.1428571428571428,0.8571428571428571,11.728571428571426,6.0,1.0,1
1,1,2,9773,1,1,124.0,1,3,3,3,4,114.6,1,0,0,1,0,0,21,0,0,6,8,5,12.8,0,0,6,7,5,11.2,0,11.1,0.6,2.02,2,0.8333333333333334,0.8333333333333334,0.6944444444444445,0.0,-1.6000000000000014,12.0,10,0.8333333333333334,0,0,1,1.1666666666666665,0.8333333333333334,10.0,5.0,1.0,1
1,1,2,9254,1,1,136.0,1,1,1,9,4,123.4,1,0,0,1,0,1,18,0,0,6,9,6,13.571428571428571,0,0,6,6,6,12.166666666666666,0,8.9,1.4,3.51,2,1.0,1.0,1.0,0.0,-1.404761904761905,12.869047619047619,12,1.0,0,0,0,0.0,1.0,12.869047619047619,6.0,1.0,1
1,1,1,9238,1,1,116.0,1,38,38,9,6,116.4,1,0,0,1,0,0,18,0,0,6,6,6,13.166666666666666,0,0,6,6,6,13.166666666666666,0,8.9,1.4,3.51,2,1.0,1.0,1.0,0.0,0.0,13.166666666666666,12,1.0,0,0,1,1.0,1.0,13.166666666666666,6.0,1.0,1
2,1,1,9070,1,1,127.0,1,12,19,9,9,123.2,0,0,0,1,0,1,20,0,0,6,6,6,15.0,0,0,6,6,6,14.5,0,11.1,0.6,2.02,2,1.0,1.0,1.0,0.0,-0.5,14.75,12,1.0,0,0,0,0.0,1.0,14.75,6.0,1.0,1
1,1,1,9070,1,1,117.0,1,4,19,3,5,123.7,1,0,0,1,0,0,19,0,0,6,6,6,12.666666666666666,0,0,6,8,5,11.4,0,12.4,0.5,1.79,2,1.0,0.8333333333333334,0.8333333333333334,-0.16666666666666663,-1.2666666666666657,12.033333333333333,11,0.9166666666666666,0,0,1,1.1666666666666665,0.9166666666666666,11.030555555555555,5.0,0.8333333333333334,1
1,1,4,9500,1,1,129.0,1,37,37,9,9,117.1,1,0,0,1,0,0,30,0,0,7,7,7,14.692857142857145,0,0,8,8,8,14.9625,0,12.4,0.5,1.79,2,1.0,1.0,1.0,0.0,0.2696428571428555,14.827678571428573,15,1.0,1,0,1,1.0,1.0,14.827678571428573,8.0,1.0,1
1,1,1,9500,1,1,157.0,1,19,38,5,3,149.3,0,0,0,1,0,0,18,0,0,8,8,8,14.035,0,0,8,8,8,14.035,0,9.4,-0.8,-3.12,2,1.0,1.0,1.0,0.0,0.0,14.035,16,1.0,0,0,1,1.0,1.0,14.035,8.0,1.0,1
1,17,1,9085,1,1,135.0,1,1,19,4,10,125.6,1,0,0,1,0,0,18,0,0,5,8,4,11.0,1,0,5,8,3,14.0,0,12.7,3.7,-1.7,2,0.8,0.6,0.48,-0.20000000000000007,3.0,12.5,7,0.7,0,0,1,1.4,0.7,8.75,3.0,0.7999999999999999,1
1,1,1,9773,1,1,139.0,1,38,38,9,9,145.0,1,0,0,1,0,1,18,0,0,6,6,6,13.333333333333334,0,0,6,6,6,13.333333333333334,0,9.4,-0.8,-3.12,2,1.0,1.0,1.0,0.0,0.0,13.333333333333334,12,1.0,0,0,0,0.0,1.0,13.333333333333334,6.0,1.0,1
1,18,1,9500,1,1,115.0,1,38,37,5,5,115.0,0,0,0,1,0,0,20,0,0,7,13,6,11.7725,0,0,8,9,7,12.33,0,15.5,2.8,-4.06,2,0.8571428571428571,0.875,0.75,0.017857142857142905,0.5574999999999992,12.05125,13,0.8666666666666667,1,0,1,1.125,0.8666666666666667,10.444416666666667,7.0,0.9821428571428571,1
1,1,1,9254,1,1,123.0,1,38,38,4,7,114.3,0,0,0,1,0,0,19,0,0,6,0,0,0.0,0,0,6,0,0,0.0,0,11.1,0.6,2.02,0,0.0,0.0,0.0,0.0,0.0,0.0,0,0.0,0,0,1,2.0,0.0,0.0,0.0,1.0,1
1,43,2,9254,1,1,140.0,1,19,19,9,9,126.0,1,0,0,1,0,0,19,0,0,6,0,0,0.0,0,0,6,12,0,0.0,0,10.8,1.4,1.74,0,0.0,0.0,0.0,0.0,0.0,0.0,0,0.0,0,0,1,2.0,0.0,0.0,0.0,1.0,1
1,1,1,171,1,1,138.0,1,19,37,7,7,124.0,1,0,0,0,0,0,19,0,0,0,0,0,0.0,0,0,0,0,0,0.0,0,10.8,1.4,1.74,0,0.0,0.0,0.0,0.0,0.0,0.0,0,0.0,0,1,2,4.0,0.0,0.0,0.0,1.0,0
1,1,4,9254,1,1,132.0,1,1,38,5,6,122.6,1,0,0,1,0,1,18,0,0,6,7,6,12.285714285714286,0,0,6,6,6,12.0,0,8.9,1.4,3.51,2,1.0,1.0,1.0,0.0,-0.2857142857142865,12.142857142857142,12,1.0,0,0,0,0.0,1.0,12.142857142857142,6.0,1.0,1
1,1,4,9500,1,1,140.0,1,3,19,2,3,133.8,1,0,0,1,0,0,17,0,0,8,14,5,12.46,0,0,8,14,5,12.46,0,10.8,1.4,1.74,1,0.625,0.625,0.390625,0.0,0.0,12.46,10,0.625,0,0,1,1.375,0.625,7.7875000000000005,5.0,1.0,1
1,18,1,9853,1,1,117.0,1,19,38,4,0,113.5,1,0,0,1,0,0,19,0,0,7,10,6,12.166666666666666,0,0,7,9,6,13.166666666666666,0,12.4,0.5,1.79,2,0.8571428571428571,0.8571428571428571,0.7346938775510203,0.0,1.0,12.666666666666666,12,0.8571428571428571,0,0,1,1.1428571428571428,0.8571428571428571,10.857142857142856,6.0,1.0,1
1,1,4,9238,1,1,125.0,1,19,1,4,5,122.6,1,1,0,1,0,0,18,0,0,6,9,5,11.833333333333334,0,0,6,8,2,11.5,0,13.9,-0.3,0.79,1,0.8333333333333334,0.3333333333333333,0.2777777777777778,-0.5,-0.3333333333333339,11.666666666666668,7,0.5833333333333334,0,0,1,1.6666666666666667,0.5833333333333334,6.805555555555556,2.0,0.5,1
1,7,1,9500,1,3,140.0,1,37,37,4,4,140.0,0,0,0,1,0,0,25,0,0,8,8,7,14.805714285714286,0,0,8,8,7,14.805714285714286,0,10.8,1.4,1.74,2,0.875,0.875,0.765625,0.0,0.0,14.805714285714286,14,0.875,0,0,1,1.125,0.875,12.955,7.0,1.0,1
1,1,1,9238,1,1,134.0,1,1,1,4,9,124.2,1,0,1,1,0,1,19,0,0,6,6,6,12.833333333333334,0,0,6,6,6,12.666666666666666,0,9.4,-0.8,-3.12,2,1.0,1.0,1.0,0.0,-0.16666666666666785,12.75,12,1.0,0,0,1,1.0,1.0,12.75,6.0,1.0,1
1,1,1,9670,1,1,115.0,1,1,1,5,4,108.0,1,0,0,1,0,1,20,0,0,6,9,5,13.0,0,0,6,6,5,13.8,0,12.4,0.5,1.79,2,0.8333333333333334,0.8333333333333334,0.6944444444444445,0.0,0.8000000000000007,13.4,10,0.8333333333333334,0,0,0,0.16666666666666663,0.8333333333333334,11.166666666666668,5.0,1.0,1
1,1,2,9500,1,1,119.0,1,1,1,4,4,115.2,1,0,0,1,0,1,20,0,0,7,8,7,12.725,0,0,8,8,8,13.7125,0,13.9,-0.3,0.79,2,1.0,1.0,1.0,0.0,0.9875000000000007,13.21875,15,1.0,1,0,0,0.0,1.0,13.21875,8.0,1.0,1
1,17,1,9085,1,1,131.0,1,1,3,4,1,129.3,1,0,0,1,0,0,19,0,0,5,10,4,11.25,1,0,5,10,3,10.333333333333334,0,12.7,3.7,-1.7,2,0.8,0.6,0.48,-0.20000000000000007,-0.9166666666666661,10.791666666666668,7,0.7,0,0,1,1.4,0.7,7.554166666666667,3.0,0.7999999999999999,1
1,7,1,9003,1,4,120.0,1,3,1,2,4,120.0,1,0,0,1,0,0,31,0,8,12,12,11,13.818181818181818,0,4,12,16,12,13.461538461538462,0,15.5,2.8,-4.06,2,0.9166666666666666,1.0,0.9166666666666666,0.08333333333333337,-0.35664335664335667,13.63986013986014,23,0.9583333333333334,0,0,1,1.0,0.9583333333333334,13.071532634032634,12.0,0.9166666666666666,1
1,1,1,9085,1,1,120.0,1,1,19,3,4,116.7,0,0,0,1,0,0,20,0,0,5,12,3,12.333333333333334,2,0,5,8,3,13.0,1,9.4,-0.8,-3.12,2,0.6,0.6,0.36,0.0,0.6666666666666661,12.666666666666668,6,0.6,0,0,1,1.4,0.6,7.6000000000000005,3.0,1.0,1
1,1,3,9085,1,1,135.0,1,3,2,4,3,121.0,1,0,0,1,0,0,18,0,0,5,14,3,12.333333333333334,2,0,5,8,5,11.6,0,9.4,-0.8,-3.12,1,0.6,1.0,0.6,0.4,-0.7333333333333343,11.966666666666667,8,0.8,0,0,1,1.0,0.8,9.573333333333334,5.0,0.6,1
1,1,4,9670,1,1,133.0,1,1,2,4,7,121.1,1,0,0,1,0,0,18,0,0,6,7,6,13.666666666666666,0,0,6,9,5,15.4,0,13.9,-0.3,0.79,2,1.0,0.8333333333333334,0.8333333333333334,-0.16666666666666663,1.7333333333333343,14.533333333333333,11,0.9166666666666666,0,0,1,1.1666666666666665,0.9166666666666666,13.322222222222221,5.0,0.8333333333333334,1
1,17,1,9085,1,1,128.0,1,2,19,2,4,123.3,1,0,0,1,0,1,20,0,0,6,6,6,14.833333333333334,0,0,6,8,6,12.142857142857142,0,8.9,1.4,3.51,2,1.0,1.0,1.0,0.0,-2.6904761904761916,13.488095238095237,12,1.0,0,0,0,0.0,1.0,13.488095238095237,6.0,1.0,1
1,17,1,9147,1,1,122.0,1,19,19,4,6,119.9,0,0,0,1,0,1,21,0,0,5,6,5,11.4,0,0,5,6,5,12.2,0,12.7,3.7,-1.7,2,1.0,1.0,1.0,0.0,0.7999999999999989,11.8,10,1.0,0,0,0,0.0,1.0,11.8,5.0,1.0,1
1,1,4,9500,1,1,140.0,1,1,12,3,10,131.6,1,0,0,1,0,0,18,0,0,7,8,7,13.135,0,0,8,9,8,13.244444444444444,0,12.4,0.5,1.79,2,1.0,1.0,1.0,0.0,0.10944444444444379,13.189722222222223,15,1.0,1,0,1,1.0,1.0,13.189722222222223,8.0,1.0,1
1,44,1,9238,1,39,140.0,1,1,19,191,102,143.0,0,0,0,1,0,0,20,0,3,6,6,6,13.5,0,2,6,9,5,12.5,0,13.9,-0.3,0.79,2,1.0,0.8333333333333334,0.8333333333333334,-0.16666666666666663,-1.0,13.0,11,0.9166666666666666,0,0,1,1.1666666666666665,0.9166666666666666,11.916666666666666,5.0,0.8333333333333334,1
1,44,1,9085,1,1,140.0,1,1,2,3,3,140.0,0,0,0,1,0,0,20,0,0,6,7,6,14.285714285714286,0,0,6,9,3,13.0,0,13.9,-0.3,0.79,1,1.0,0.5,0.5,-0.5,-1.2857142857142865,13.642857142857142,9,0.75,0,0,1,1.5,0.75,10.232142857142858,3.0,0.5,1
1,1,1,9670,1,1,123.0,1,12,1,9,9,119.2,1,0,0,1,0,1,18,0,0,6,8,5,13.5,0,0,6,6,6,14.5,0,12.4,0.5,1.79,2,0.8333333333333334,1.0,0.8333333333333334,0.16666666666666663,1.0,14.0,11,0.9166666666666666,0,0,0,0.0,0.9166666666666666,12.833333333333332,6.0,0.8333333333333334,1
1,1,1,9147,1,1,140.0,1,19,19,9,9,124.3,1,0,0,1,0,1,18,0,0,5,8,4,10.75,0,0,5,5,5,13.0,0,12.4,0.5,1.79,2,0.8,1.0,0.8,0.19999999999999996,2.25,11.875,9,0.9,0,0,0,0.0,0.9,10.6875,5.0,0.8,1
1,17,1,9238,1,1,116.0,1,19,19,7,7,111.1,1,0,0,1,0,1,18,0,0,6,9,6,11.333333333333334,0,0,6,9,6,11.833333333333334,0,8.9,1.4,3.51,2,1.0,1.0,1.0,0.0,0.5,11.583333333333334,12,1.0,0,0,0,0.0,1.0,11.583333333333334,6.0,1.0,1
1,43,1,9085,1,39,150.0,1,38,37,6,6,150.0,1,0,0,1,0,1,21,0,2,7,15,3,13.0,2,1,5,12,5,13.285714285714286,1,10.8,1.4,1.74,2,0.42857142857142855,1.0,0.42857142857142855,0.5714285714285714,0.2857142857142865,13.142857142857142,8,0.6666666666666666,-2,0,0,0.0,0.6666666666666666,8.761904761904761,5.0,0.4285714285714286,1
1,1,1,9500,1,1,147.0,1,38,19,5,8,147.3,0,0,0,1,0,0,18,0,0,7,7,6,13.966666666666669,0,0,7,7,6,13.966666666666669,0,7.6,2.6,0.32,2,0.8571428571428571,0.8571428571428571,0.7346938775510203,0.0,0.0,13.966666666666669,12,0.8571428571428571,0,0,1,1.1428571428571428,0.8571428571428571,11.971428571428572,6.0,1.0,1
1,1,1,9500,1,1,162.0,1,19,1,5,5,147.5,1,0,0,1,0,1,18,0,0,8,8,8,14.14125,0,0,8,8,8,14.14125,0,9.4,-0.8,-3.12,2,1.0,1.0,1.0,0.0,0.0,14.14125,16,1.0,0,0,0,0.0,1.0,14.14125,8.0,1.0,1
1,17,2,9254,1,1,108.0,1,37,37,9,7,108.0,1,0,0,1,0,1,20,0,0,6,10,4,11.6,0,0,6,10,4,11.75,0,12.7,3.7,-1.7,2,0.6666666666666666,0.6666666666666666,0.4444444444444444,0.0,0.15000000000000036,11.675,8,0.6666666666666666,0,0,0,0.33333333333333337,0.6666666666666666,7.783333333333333,4.0,1.0,1
2,42,1,9500,1,2,130.0,1,37,37,9,9,130.0,0,0,0,1,0,1,32,0,0,8,8,8,14.6625,0,0,8,8,8,14.6625,0,9.4,-0.8,-3.12,2,1.0,1.0,1.0,0.0,0.0,14.6625,16,1.0,0,0,0,0.0,1.0,14.6625,8.0,1.0,1
1,1,2,9500,1,1,116.0,1,19,37,3,3,109.0,1,0,0,1,0,1,23,0,0,7,8,6,12.993333333333334,0,0,8,9,8,12.66875,0,11.1,0.6,2.02,2,0.8571428571428571,1.0,0.8571428571428571,0.1428571428571429,-0.3245833333333348,12.831041666666668,14,0.9333333333333333,1,0,0,0.0,0.9333333333333333,11.97563888888889,8.0,0.8571428571428571,1
1,17,1,8014,0,1,132.0,1,37,19,5,5,121.2,0,0,0,1,0,0,18,0,0,6,8,5,12.2,0,0,6,10,5,12.8,0,10.8,1.4,1.74,2,0.8333333333333334,0.8333333333333334,0.6944444444444445,0.0,0.6000000000000014,12.5,10,0.8333333333333334,0,0,1,1.1666666666666665,0.8333333333333334,10.416666666666668,5.0,1.0,1
1,1,1,9147,1,1,136.0,1,37,38,193,181,125.9,0,0,0,1,0,0,21,0,0,5,7,5,12.2,0,0,5,7,5,11.8,0,11.1,0.6,2.02,2,1.0,1.0,1.0,0.0,-0.3999999999999986,12.0,10,1.0,0,0,1,1.0,1.0,12.0,5.0,1.0,1
1,1,1,9254,1,1,133.0,1,19,9,0,0,121.5,1,0,0,1,0,1,20,0,0,6,12,0,0.0,0,0,6,12,0,0.0,0,7.6,2.6,0.32,0,0.0,0.0,0.0,0.0,0.0,0.0,0,0.0,0,0,0,1.0,0.0,0.0,0.0,1.0,1
1,1,5,9238,1,1,126.0,1,30,19,0,2,121.5,1,0,0,1,0,0,18,0,0,6,8,6,11.333333333333334,0,0,6,6,6,11.666666666666666,0,7.6,2.6,0.32,2,1.0,1.0,1.0,0.0,0.33333333333333215,11.5,12,1.0,0,0,1,1.0,1.0,11.5,6.0,1.0,1
1,17,1,9085,1,1,142.0,1,3,37,4,8,132.4,1,0,0,1,0,0,18,0,0,6,8,6,13.857142857142858,0,0,6,15,6,13.1,0,12.4,0.5,1.79,2,1.0,1.0,1.0,0.0,-0.757142857142858,13.478571428571428,12,1.0,0,0,1,1.0,1.0,13.478571428571428,6.0,1.0,1
1,17,1,9773,1,1,121.0,1,37,37,9,9,122.4,0,0,0,1,0,0,18,0,0,6,7,6,12.857142857142858,0,0,6,6,6,13.333333333333334,0,13.9,-0.3,0.79,2,1.0,1.0,1.0,0.0,0.4761904761904763,13.095238095238095,12,1.0,0,0,1,1.0,1.0,13.095238095238095,6.0,1.0,1
1,39,1,8014,0,1,134.0,1,37,38,4,7,110.0,1,0,0,1,0,0,24,0,0,6,10,1,10.0,0,0,6,12,0,0.0,0,9.4,-0.8,-3.12,0,0.16666666666666666,0.0,0.0,-0.16666666666666666,-10.0,5.0,1,0.08333333333333333,0,0,1,2.0,0.08333333333333333,0.41666666666666663,0.0,0.8333333333333334,1
1,51,1,9147,1,1,140.0,1,19,19,9,7,120.4,0,0,1,0,0,0,32,0,14,15,17,14,10.214285714285714,0,13,13,13,13,11.384615384615383,0,16.2,0.3,-0.92,2,0.9333333333333333,1.0,0.9333333333333333,0.06666666666666665,1.1703296703296697,10.799450549450547,27,0.9642857142857143,-2,0,3,3.0,0.9642857142857143,10.41375588697017,13.0,0.9333333333333333,1
1,39,1,9254,1,1,133.1,1,1,1,9,6,105.0,1,0,1,0,0,0,24,0,0,6,14,6,11.285714285714286,0,0,6,16,3,10.333333333333334,0,8.9,1.4,3.51,0,1.0,0.5,0.5,-0.5,-0.9523809523809526,10.80952380952381,9,0.75,0,0,3,3.5,0.75,8.107142857142858,3.0,0.5,1
1,1,1,9238,1,1,157.0,1,38,37,9,5,137.8,0,0,0,1,0,1,18,0,0,6,6,6,13.833333333333334,0,0,6,7,0,0.0,0,15.5,2.8,-4.06,0,1.0,0.0,0.0,-1.0,-13.833333333333334,6.916666666666667,6,0.5,0,0,0,1.0,0.5,3.4583333333333335,0.0,0.0,1
1,51,1,9254,1,1,120.0,1,38,38,9,9,118.0,0,0,0,1,0,0,28,0,0,6,8,6,12.857142857142858,0,0,6,8,5,12.6,0,8.9,1.4,3.51,2,1.0,0.8333333333333334,0.8333333333333334,-0.16666666666666663,-0.257142857142858,12.728571428571428,11,0.9166666666666666,0,0,1,1.1666666666666665,0.9166666666666666,11.667857142857141,5.0,0.8333333333333334,1
1,7,1,9853,1,3,140.0,1,34,34,0,0,140.0,1,0,0,0,0,0,24,0,0,6,12,0,0.0,0,0,5,10,0,0.0,0,9.4,-0.8,-3.12,0,0.0,0.0,0.0,0.0,0.0,0.0,0,0.0,-1,0,2,3.0,0.0,0.0,0.0,1.0,1
1,1,1,9085,1,1,133.0,1,1,37,4,10,143.2,0,0,0,1,0,0,19,0,0,5,7,5,14.4,0,0,5,6,5,13.2,0,7.6,2.6,0.32,2,1.0,1.0,1.0,0.0,-1.200000000000001,13.8,10,1.0,0,0,1,1.0,1.0,13.8,5.0,1.0,1
2,39,1,8014,0,1,146.0,1,37,37,9,8,120.5,0,0,0,1,0,0,44,0,0,6,6,6,14.833333333333334,0,0,6,6,6,14.166666666666666,0,10.8,1.4,1.74,2,1.0,1.0,1.0,0.0,-0.6666666666666679,14.5,12,1.0,0,0,1,1.0,1.0,14.5,6.0,1.0,1
1,16,3,9085,1,1,130.0,1,37,37,9,2,119.5,1,0,0,1,0,1,18,0,0,6,14,6,14.333333333333334,0,0,6,9,6,12.0,0,15.5,2.8,-4.06,2,1.0,1.0,1.0,0.0,-2.333333333333334,13.166666666666668,12,1.0,0,0,0,0.0,1.0,13.166666666666668,6.0,1.0,1
1,1,1,171,1,1,151.0,1,37,37,9,7,147.5,1,0,0,1,0,0,18,0,0,0,0,0,0.0,0,0,0,0,0,0.0,0,7.6,2.6,0.32,2,0.0,0.0,0.0,0.0,0.0,0.0,0,0.0,0,1,1,3.0,0.0,0.0,0.0,1.0,0
1,1,6,9773,1,1,133.1,1,1,1,90,90,129.6,0,0,0,1,0,0,22,0,0,6,0,0,0.0,0,0,6,0,0,0.0,0,7.6,2.6,0.32,0,0.0,0.0,0.0,0.0,0.0,0.0,0,0.0,0,0,1,2.0,0.0,0.0,0.0,1.0,1
1,18,1,9853,1,1,132.0,1,37,37,9,5,126.1,0,0,0,1,0,1,18,0,0,7,9,6,12.333333333333334,0,0,7,7,6,12.666666666666666,0,11.1,0.6,2.02,2,0.8571428571428571,0.8571428571428571,0.7346938775510203,0.0,0.33333333333333215,12.5,12,0.8571428571428571,0,0,0,0.1428571428571429,0.8571428571428571,10.714285714285714,6.0,1.0,1
2,39,1,9991,0,1,110.0,1,37,37,9,4,160.0,0,0,0,1,0,0,44,0,0,5,5,5,11.8,0,0,5,5,5,12.4,0,15.5,2.8,-4.06,2,1.0,1.0,1.0,0.0,0.5999999999999996,12.100000000000001,10,1.0,0,0,1,1.0,1.0,12.100000000000001,5.0,1.0,1
2,39,1,9853,1,1,110.0,1,37,37,9,9,95.5,0,0,1,0,0,0,32,0,0,6,6,0,0.0,0,0,5,10,0,0.0,0,10.8,1.4,1.74,0,0.0,0.0,0.0,0.0,0.0,0.0,0,0.0,-1,0,3,4.0,0.0,0.0,0.0,1.0,1
2,39,1,9003,1,1,133.1,1,19,19,4,4,107.5,0,0,0,0,0,0,35,0,0,6,0,0,0.0,0,0,6,0,0,0.0,0,15.5,2.8,-4.06,0,0.0,0.0,0.0,0.0,0.0,0.0,0,0.0,0,0,2,3.0,0.0,0.0,0.0,1.0,1
1,1,1,9238,1,1,105.0,1,19,19,6,6,106.1,1,0,0,1,0,0,20,0,0,6,6,6,11.5,0,0,6,7,6,13.285714285714286,0,11.1,0.6,2.02,2,1.0,1.0,1.0,0.0,1.7857142857142865,12.392857142857142,12,1.0,0,0,1,1.0,1.0,12.392857142857142,6.0,1.0,1
1,39,1,9254,1,1,160.0,1,3,1,6,6,116.3,1,0,0,1,0,0,24,0,0,6,8,5,12.6,0,0,6,7,5,12.2,0,9.4,-0.8,-3.12,2,0.8333333333333334,0.8333333333333334,0.6944444444444445,0.0,-0.40000000000000036,12.399999999999999,10,0.8333333333333334,0,0,1,1.1666666666666665,0.8333333333333334,10.333333333333332,5.0,1.0,1
1,1,1,9500,1,1,144.0,1,38,1,9,10,137.4,0,0,0,1,0,0,19,0,0,7,7,7,13.542857142857144,0,0,8,9,8,14.22222222222222,0,16.2,0.3,-0.92,2,1.0,1.0,1.0,0.0,0.6793650793650752,13.882539682539683,15,1.0,1,0,1,1.0,1.0,13.882539682539683,8.0,1.0,1
1,1,2,9773,1,1,143.0,1,1,1,4,9,144.1,1,0,0,1,1,1,19,0,0,6,7,6,13.666666666666666,0,0,6,6,6,13.833333333333334,0,12.7,3.7,-1.7,2,1.0,1.0,1.0,0.0,0.16666666666666785,13.75,12,1.0,0,0,0,0.0,1.0,13.75,6.0,1.0,1
1,42,1,9003,1,1,160.0,1,19,1,9,5,107.8,1,0,0,0,1,0,27,0,0,6,10,0,0.0,0,0,6,8,0,0.0,0,15.5,2.8,-4.06,0,0.0,0.0,0.0,0.0,0.0,0.0,0,0.0,0,0,2,3.0,0.0,0.0,0.0,1.0,1
1,39,1,9853,1,1,140.0,1,19,1,9,4,128.2,0,0,0,0,0,0,30,0,0,6,0,0,0.0,0,0,6,0,0,0.0,0,12.7,3.7,-1.7,0,0.0,0.0,0.0,0.0,0.0,0.0,0,0.0,0,0,2,3.0,0.0,0.0,0.0,1.0,1
1,17,4,171,1,1,133.1,1,38,38,9,9,117.0,1,0,0,1,1,0,21,0,0,0,0,0,0.0,0,0,0,0,0,0.0,0,10.8,1.4,1.74,0,0.0,0.0,0.0,0.0,0.0,0.0,0,0.0,0,1,1,3.0,0.0,0.0,0.0,1.0,0
1,1,1,9070,1,1,116.0,1,1,12,5,8,110.4,1,0,0,1,1,0,19,0,0,6,6,6,11.5,0,0,6,8,6,12.285714285714286,0,8.9,1.4,3.51,2,1.0,1.0,1.0,0.0,0.7857142857142865,11.892857142857142,12,1.0,0,0,1,1.0,1.0,11.892857142857142,6.0,1.0,1
2,39,1,9991,0,1,120.0,1,37,37,9,10,170.0,0,0,0,1,0,0,34,0,0,5,12,2,11.5,0,0,5,9,4,11.75,0,9.4,-0.8,-3.12,1,0.4,0.8,0.32000000000000006,0.4,0.25,11.625,6,0.6,0,0,1,1.2,0.6,6.975,4.0,0.6,1
1,43,1,9500,1,1,141.0,1,4,19,4,10,100.0,0,0,0,1,1,0,18,0,0,7,7,7,11.828571428571427,0,0,8,10,7,12.9125,0,13.9,-0.3,0.79,2,1.0,0.875,0.875,-0.125,1.0839285714285722,12.370535714285714,14,0.9333333333333333,1,0,1,1.125,0.9333333333333333,11.545833333333333,7.0,0.875,1
1,1,1,9500,1,1,132.0,1,19,37,4,9,128.0,1,0,0,1,0,1,19,0,0,7,7,6,12.966666666666669,0,0,7,7,6,12.966666666666669,0,7.6,2.6,0.32,2,0.8571428571428571,0.8571428571428571,0.7346938775510203,0.0,0.0,12.966666666666669,12,0.8571428571428571,0,0,0,0.1428571428571429,0.8571428571428571,11.114285714285716,6.0,1.0,1
1,1,1,9773,1,1,135.0,1,37,38,9,6,122.1,1,0,0,1,1,0,18,0,0,6,6,6,13.833333333333334,0,0,6,6,6,13.666666666666666,0,12.7,3.7,-1.7,2,1.0,1.0,1.0,0.0,-0.16666666666666785,13.75,12,1.0,0,0,1,1.0,1.0,13.75,6.0,1.0,1
1,17,2,9500,1,1,135.0,1,19,19,9,10,133.4,1,0,0,1,0,0,19,0,0,7,7,7,14.125714285714285,0,0,8,8,8,14.36875,0,11.1,0.6,2.02,2,1.0,1.0,1.0,0.0,0.2430357142857158,14.247232142857143,15,1.0,1,0,1,1.0,1.0,14.247232142857143,8.0,1.0,1
4,39,1,9254,1,1,140.0,1,38,37,9,9,112.0,0,0,1,1,0,0,45,0,4,10,12,5,12.166666666666666,4,2,8,8,0,0.0,2,12.7,3.7,-1.7,0,0.5,0.0,0.0,-0.5,-12.166666666666666,6.083333333333333,5,0.2777777777777778,-2,0,2,3.0,0.2777777777777778,1.6898148148148149,0.0,0.5,1
2,39,2,9991,0,1,100.0,1,37,37,9,9,100.0,1,0,0,1,1,0,51,0,0,4,4,0,0.0,0,0,5,0,0,0.0,0,12.7,3.7,-1.7,0,0.0,0.0,0.0,0.0,0.0,0.0,0,0.0,1,0,1,2.0,0.0,0.0,0.0,1.0,1
2,39,1,9773,1,19,133.1,1,37,37,6,6,162.0,0,0,1,1,1,1,49,0,0,6,8,6,12.285714285714286,0,0,6,7,6,14.166666666666666,0,10.8,1.4,1.74,2,1.0,1.0,1.0,0.0,1.8809523809523796,13.226190476190476,12,1.0,0,0,1,1.0,1.0,13.226190476190476,6.0,1.0,1
1,17,1,9147,1,1,137.0,1,1,37,5,9,131.4,1,0,0,1,1,0,22,0,0,5,8,2,10.0,0,0,5,7,1,10.0,0,7.6,2.6,0.32,0,0.4,0.2,0.08000000000000002,-0.2,0.0,10.0,3,0.3,0,0,1,1.8,0.3,3.0,1.0,0.8,1
2,7,1,9130,1,3,120.0,1,3,3,1,1,128.2,0,0,0,1,0,0,33,0,1,5,11,2,11.5,1,1,5,8,2,12.0,0,9.4,-0.8,-3.12,0,0.4,0.4,0.16000000000000003,0.0,0.5,11.75,4,0.4,0,0,1,1.6,0.4,4.7,2.0,1.0,1
1,10,1,9670,1,1,148.9,22,37,37,9,9,148.9,0,0,0,1,0,0,20,1,0,5,6,5,11.6,0,0,5,6,4,11.5,0,9.4,-0.8,-3.12,2,1.0,0.8,0.8,-0.19999999999999996,-0.09999999999999964,11.55,9,0.9,0,0,1,1.2,0.9,10.395000000000001,4.0,0.8,1
1,1,4,9238,1,1,134.0,1,38,19,7,7,128.4,1,0,0,1,0,1,18,0,0,6,6,6,12.5,0,0,6,6,6,11.666666666666666,0,10.8,1.4,1.74,2,1.0,1.0,1.0,0.0,-0.8333333333333339,12.083333333333332,12,1.0,0,0,0,0.0,1.0,12.083333333333332,6.0,1.0,1
1,1,5,9853,1,1,128.0,1,38,37,9,9,120.3,1,0,1,0,0,0,20,0,0,6,9,3,11.666666666666666,0,0,6,10,2,11.0,0,10.8,1.4,1.74,0,0.5,0.3333333333333333,0.16666666666666666,-0.16666666666666669,-0.6666666666666661,11.333333333333332,5,0.4166666666666667,0,0,3,3.666666666666667,0.4166666666666667,4.722222222222222,2.0,0.8333333333333333,1
2,57,1,9991,0,1,133.1,41,38,37,4,6,100.0,0,0,0,1,0,0,37,1,5,10,11,7,13.428571428571429,0,5,10,11,10,11.6,0,8.9,1.4,3.51,2,0.7,1.0,0.7,0.30000000000000004,-1.8285714285714292,12.514285714285714,17,0.85,0,0,1,1.0,0.85,10.637142857142857,10.0,0.7,1
1,1,1,9254,1,1,131.0,2,37,1,9,3,126.1,1,0,0,1,1,0,18,1,0,6,6,6,13.666666666666666,0,0,6,6,6,13.5,0,7.6,2.6,0.32,2,1.0,1.0,1.0,0.0,-0.16666666666666607,13.583333333333332,12,1.0,0,0,1,1.0,1.0,13.583333333333332,6.0,1.0,1
1,1,3,9254,1,1,118.0,1,1,19,9,9,111.7,1,0,0,1,0,0,19,0,0,6,6,6,12.5,0,0,6,6,6,12.166666666666666,0,12.4,0.5,1.79,2,1.0,1.0,1.0,0.0,-0.3333333333333339,12.333333333333332,12,1.0,0,0,1,1.0,1.0,12.333333333333332,6.0,1.0,1
1,1,2,9500,1,1,133.0,1,19,1,9,1,122.2,0,0,0,1,0,0,20,0,0,7,9,6,12.783333333333331,0,0,8,9,7,12.842857142857143,0,13.9,-0.3,0.79,2,0.8571428571428571,0.875,0.75,0.017857142857142905,0.05952380952381198,12.813095238095237,13,0.8666666666666667,1,0,1,1.125,0.8666666666666667,11.104682539682539,7.0,0.9821428571428571,1
1,1,2,9500,1,1,126.0,1,37,1,7,7,118.7,1,0,0,1,0,0,19,0,0,7,0,0,0.0,0,0,8,0,0,0.0,0,13.9,-0.3,0.79,0,0.0,0.0,0.0,0.0,0.0,0.0,0,0.0,1,0,1,2.0,0.0,0.0,0.0,1.0,1
1,17,4,9500,1,1,138.0,1,3,1,2,5,134.5,1,0,0,1,0,0,18,0,0,7,7,7,13.457142857142856,0,0,8,8,8,15.125,0,13.9,-0.3,0.79,2,1.0,1.0,1.0,0.0,1.6678571428571445,14.291071428571428,15,1.0,1,0,1,1.0,1.0,14.291071428571428,8.0,1.0,1
1,1,4,9500,1,1,140.0,1,1,19,9,7,127.0,1,0,0,1,0,0,19,0,0,8,8,7,13.44285714285714,0,0,8,8,7,13.44285714285714,0,12.7,3.7,-1.7,2,0.875,0.875,0.765625,0.0,0.0,13.44285714285714,14,0.875,0,0,1,1.125,0.875,11.762499999999998,7.0,1.0,1
1,17,1,9238,1,1,133.0,1,38,38,7,7,125.3,1,0,0,1,0,1,18,0,0,6,6,6,11.333333333333334,0,0,6,7,6,12.285714285714286,0,15.5,2.8,-4.06,2,1.0,1.0,1.0,0.0,0.9523809523809526,11.80952380952381,12,1.0,0,0,0,0.0,1.0,11.80952380952381,6.0,1.0,1
1,1,2,9773,1,1,127.0,1,1,19,4,5,120.4,1,0,0,1,0,0,18,0,0,5,7,2,10.0,0,0,1,1,0,0.0,0,12.7,3.7,-1.7,0,0.4,0.0,0.0,-0.4,-10.0,5.0,2,0.3333333333333333,-4,0,1,2.0,0.3333333333333333,1.6666666666666665,0.0,0.6,1
1,1,2,9556,1,1,142.0,1,1,19,4,5,130.5,1,0,0,1,0,1,18,0,0,7,8,7,12.214285714285714,0,0,8,8,8,14.0625,0,16.2,0.3,-0.92,2,1.0,1.0,1.0,0.0,1.8482142857142865,13.138392857142858,15,1.0,1,0,0,0.0,1.0,13.138392857142858,8.0,1.0,1
1,1,1,9070,1,1,130.0,41,37,19,9,8,125.5,1,0,0,1,0,1,19,1,0,6,6,6,14.166666666666666,0,0,6,6,6,13.5,0,11.1,0.6,2.02,2,1.0,1.0,1.0,0.0,-0.6666666666666661,13.833333333333332,12,1.0,0,0,0,0.0,1.0,13.833333333333332,6.0,1.0,1
1,53,1,9003,1,42,130.0,1,1,19,9,7,133.8,0,0,1,1,0,1,24,0,7,12,13,12,12.846153846153848,0,5,11,13,11,12.636363636363637,0,8.9,1.4,3.51,2,1.0,1.0,1.0,0.0,-0.2097902097902118,12.741258741258743,23,1.0,-1,0,1,1.0,1.0,12.741258741258743,11.0,1.0,1
1,44,1,9085,1,39,150.0,1,37,37,9,9,150.0,0,0,0,1,0,0,20,0,2,6,8,6,13.0,0,1,6,18,2,12.0,0,12.4,0.5,1.79,1,1.0,0.3333333333333333,0.3333333333333333,-0.6666666666666667,-1.0,12.5,8,0.6666666666666666,0,0,1,1.6666666666666667,0.6666666666666666,8.333333333333332,2.0,0.33333333333333326,1
1,1,1,9147,1,1,127.0,1,1,19,5,7,130.5,1,0,0,1,0,1,21,0,0,5,6,5,12.8,1,0,5,7,4,11.25,0,9.4,-0.8,-3.12,2,1.0,0.8,0.8,-0.19999999999999996,-1.5500000000000007,12.025,9,0.9,0,0,0,0.19999999999999996,0.9,10.8225,4.0,0.8,1
1,44,1,9085,1,39,140.0,1,38,37,4,10,140.0,0,0,1,0,0,0,20,0,1,6,13,4,13.0,0,1,6,11,5,12.0,0,16.2,0.3,-0.92,0,0.6666666666666666,0.8333333333333334,0.5555555555555556,0.16666666666666674,-1.0,12.5,9,0.75,0,0,3,3.1666666666666665,0.75,9.375,5.0,0.8333333333333333,1
1,17,6,9500,1,1,126.0,1,19,37,3,9,119.4,1,0,0,1,0,1,19,0,0,7,7,7,13.371428571428572,0,0,8,9,8,13.666666666666666,0,16.2,0.3,-0.92,2,1.0,1.0,1.0,0.0,0.2952380952380942,13.519047619047619,15,1.0,1,0,0,0.0,1.0,13.519047619047619,8.0,1.0,1
1,17,5,9556,1,1,139.0,1,19,19,9,8,121.3,1,0,0,1,0,1,19,0,0,7,8,7,13.385714285714286,0,0,8,8,8,13.3875,0,10.8,1.4,1.74,2,1.0,1.0,1.0,0.0,0.0017857142857131691,13.386607142857143,15,1.0,1,0,0,0.0,1.0,13.386607142857143,8.0,1.0,1
1,1,3,9500,1,1,141.0,1,1,1,9,9,126.3,1,0,0,1,0,0,18,0,0,8,8,7,13.328571428571427,0,0,8,8,7,13.328571428571427,0,12.7,3.7,-1.7,2,0.875,0.875,0.765625,0.0,0.0,13.328571428571427,14,0.875,0,0,1,1.125,0.875,11.6625,7.0,1.0,1
1,1,1,9085,1,1,120.0,1,38,38,4,7,111.6,1,0,0,1,0,0,19,0,0,6,12,5,14.0,0,0,6,14,5,11.0,0,16.2,0.3,-0.92,2,0.8333333333333334,0.8333333333333334,0.6944444444444445,0.0,-3.0,12.5,10,0.8333333333333334,0,0,1,1.1666666666666665,0.8333333333333334,10.416666666666668,5.0,1.0,1
1,17,4,9147,1,1,120.0,1,38,19,9,9,111.3,1,0,0,1,0,0,21,0,0,5,5,5,12.6,0,0,5,5,5,13.2,0,8.9,1.4,3.51,2,1.0,1.0,1.0,0.0,0.5999999999999996,12.899999999999999,10,1.0,0,0,1,1.0,1.0,12.899999999999999,5.0,1.0,1
1,1,2,9853,1,1,134.0,1,1,38,9,8,122.5,1,0,0,1,0,1,19,0,0,6,7,6,14.0,0,0,6,6,6,15.0,0,15.5,2.8,-4.06,2,1.0,1.0,1.0,0.0,1.0,14.5,12,1.0,0,0,0,0.0,1.0,14.5,6.0,1.0,1
1,1,5,9254,1,1,128.0,1,19,1,7,10,116.5,1,0,0,1,0,1,18,0,0,6,7,6,13.428571428571429,0,0,6,6,6,12.666666666666666,0,8.9,1.4,3.51,2,1.0,1.0,1.0,0.0,-0.7619047619047628,13.047619047619047,12,1.0,0,0,0,0.0,1.0,13.047619047619047,6.0,1.0,1
1,17,5,9070,1,1,133.0,1,4,1,4,4,132.0,1,1,0,1,0,1,17,0,0,6,6,6,13.0,0,0,6,6,6,12.5,0,15.5,2.8,-4.06,2,1.0,1.0,1.0,0.0,-0.5,12.75,12,1.0,0,0,0,0.0,1.0,12.75,6.0,1.0,1
1,18,4,9853,1,1,123.0,1,19,38,4,10,123.7,1,0,0,1,0,0,19,0,0,6,8,5,12.666666666666666,0,0,6,8,5,11.0,0,15.5,2.8,-4.06,1,0.8333333333333334,0.8333333333333334,0.6944444444444445,0.0,-1.666666666666666,11.833333333333332,10,0.8333333333333334,0,0,1,1.1666666666666665,0.8333333333333334,9.86111111111111,5.0,1.0,1
1,17,6,9147,1,1,118.0,1,37,1,9,7,117.0,1,0,0,0,1,0,23,0,0,5,9,3,10.0,1,0,5,9,3,12.333333333333334,0,9.4,-0.8,-3.12,0,0.6,0.6,0.36,0.0,2.333333333333334,11.166666666666668,6,0.6,0,0,2,2.4,0.6,6.7,3.0,1.0,1
1,1,1,9670,1,1,113.0,1,1,37,1,10,116.5,1,0,0,1,0,0,19,0,0,6,7,6,12.833333333333334,0,0,6,10,6,11.77777777777778,0,8.9,1.4,3.51,2,1.0,1.0,1.0,0.0,-1.0555555555555536,12.305555555555557,12,1.0,0,0,1,1.0,1.0,12.305555555555557,6.0,1.0,1
1,1,1,9500,1,1,135.0,1,19,3,9,4,121.5,1,0,0,1,0,0,18,0,0,7,7,6,12.916666666666666,0,0,7,7,6,12.916666666666666,0,7.6,2.6,0.32,2,0.8571428571428571,0.8571428571428571,0.7346938775510203,0.0,0.0,12.916666666666666,12,0.8571428571428571,0,0,1,1.1428571428571428,0.8571428571428571,11.071428571428571,6.0,1.0,1
1,1,1,9670,1,1,133.1,1,38,38,5,9,105.0,1,0,0,1,0,0,20,0,0,6,9,6,13.285714285714286,0,0,6,8,5,13.8,0,15.5,2.8,-4.06,2,1.0,0.8333333333333334,0.8333333333333334,-0.16666666666666663,0.5142857142857142,13.542857142857144,11,0.9166666666666666,0,0,1,1.1666666666666665,0.9166666666666666,12.414285714285715,5.0,0.8333333333333334,1
1,1,3,9085,1,1,130.0,1,1,19,9,9,121.3,1,0,0,1,0,1,19,0,0,5,6,5,14.6,0,0,5,5,5,13.8,0,10.8,1.4,1.74,2,1.0,1.0,1.0,0.0,-0.7999999999999989,14.2,10,1.0,0,0,0,0.0,1.0,14.2,5.0,1.0,1
1,1,1,9238,1,1,135.0,1,19,38,3,9,136.1,1,0,0,1,0,1,18,0,0,6,6,6,14.0,0,0,6,6,6,13.666666666666666,0,12.4,0.5,1.79,2,1.0,1.0,1.0,0.0,-0.3333333333333339,13.833333333333332,12,1.0,0,0,0,0.0,1.0,13.833333333333332,6.0,1.0,1
1,17,2,9238,1,1,133.0,1,37,37,9,4,123.6,0,0,0,1,0,1,19,0,0,6,7,6,14.142857142857142,0,0,6,6,6,15.0,0,13.9,-0.3,0.79,2,1.0,1.0,1.0,0.0,0.8571428571428577,14.571428571428571,12,1.0,0,0,0,0.0,1.0,14.571428571428571,6.0,1.0,1
1,1,4,9238,1,1,123.0,1,38,1,4,10,129.0,1,0,0,1,0,0,19,0,0,6,8,6,11.666666666666666,0,0,6,6,6,12.333333333333334,0,10.8,1.4,1.74,2,1.0,1.0,1.0,0.0,0.6666666666666679,12.0,12,1.0,0,0,1,1.0,1.0,12.0,6.0,1.0,1
1,17,1,9500,1,1,145.0,1,19,37,4,8,136.8,1,0,0,1,0,0,18,0,0,8,9,8,14.3775,1,0,8,9,8,14.3775,1,9.4,-0.8,-3.12,2,1.0,1.0,1.0,0.0,0.0,14.3775,16,1.0,0,0,1,1.0,1.0,14.3775,8.0,1.0,1
1,17,2,9500,1,1,146.0,1,3,3,3,6,133.4,1,0,0,1,0,0,18,0,0,7,8,7,12.5,0,0,8,9,7,13.042857142857144,0,13.9,-0.3,0.79,2,1.0,0.875,0.875,-0.125,0.5428571428571445,12.771428571428572,14,0.9333333333333333,1,0,1,1.125,0.9333333333333333,11.920000000000002,7.0,0.875,1
1,1,5,9500,1,1,144.0,1,38,38,7,7,136.0,1,0,0,1,0,1,19,0,0,7,7,6,14.15,0,0,7,7,6,14.15,0,7.6,2.6,0.32,2,0.8571428571428571,0.8571428571428571,0.7346938775510203,0.0,0.0,14.15,12,0.8571428571428571,0,0,0,0.1428571428571429,0.8571428571428571,12.128571428571428,6.0,1.0,1
1,1,1,9500,1,1,144.0,1,38,37,9,9,125.8,0,0,0,1,0,1,19,0,0,8,12,7,12.471428571428572,0,0,8,12,7,12.471428571428572,0,12.7,3.7,-1.7,2,0.875,0.875,0.765625,0.0,0.0,12.471428571428572,14,0.875,0,0,0,0.125,0.875,10.9125,7.0,1.0,1
1,1,1,9500,1,1,131.0,1,4,4,2,1,120.5,0,0,0,1,0,0,19,0,0,7,7,6,14.15,0,0,7,7,6,14.15,0,7.6,2.6,0.32,2,0.8571428571428571,0.8571428571428571,0.7346938775510203,0.0,0.0,14.15,12,0.8571428571428571,0,0,1,1.1428571428571428,0.8571428571428571,12.128571428571428,6.0,1.0,1
1,1,2,9500,1,1,141.0,1,37,37,9,8,130.2,1,0,0,1,0,0,21,0,0,7,11,7,14.072222222222225,0,0,8,8,8,14.0475,0,15.5,2.8,-4.06,2,1.0,1.0,1.0,0.0,-0.0247222222222252,14.059861111111111,15,1.0,1,0,1,1.0,1.0,14.059861111111111,8.0,1.0,1
1,1,3,9773,1,1,138.0,1,3,1,2,3,135.9,1,0,0,1,0,0,18,0,0,6,7,6,14.857142857142858,0,0,6,6,6,14.666666666666666,0,13.9,-0.3,0.79,2,1.0,1.0,1.0,0.0,-0.19047619047619158,14.761904761904763,12,1.0,0,0,1,1.0,1.0,14.761904761904763,6.0,1.0,1
1,1,1,9773,1,1,127.0,1,19,37,9,9,116.5,0,0,0,1,0,1,19,0,0,6,7,6,14.285714285714286,0,0,6,6,6,13.166666666666666,0,11.1,0.6,2.02,2,1.0,1.0,1.0,0.0,-1.1190476190476204,13.726190476190476,12,1.0,0,0,0,0.0,1.0,13.726190476190476,6.0,1.0,1
1,1,4,9773,1,1,124.0,1,19,37,99,90,124.0,0,0,0,0,0,0,18,0,0,4,4,0,0.0,0,0,4,4,0,0.0,0,12.7,3.7,-1.7,0,0.0,0.0,0.0,0.0,0.0,0.0,0,0.0,0,0,2,3.0,0.0,0.0,0.0,1.0,1
1,7,1,8014,0,3,140.0,1,1,1,4,4,140.0,0,0,0,1,0,0,30,0,0,6,0,0,0.0,0,0,6,0,0,0.0,0,10.8,1.4,1.74,0,0.0,0.0,0.0,0.0,0.0,0.0,0,0.0,0,0,1,2.0,0.0,0.0,0.0,1.0,1
1,1,3,9500,1,1,129.0,1,19,19,4,8,127.3,1,0,0,1,0,1,20,0,0,7,7,6,12.633333333333333,0,0,7,7,6,12.633333333333333,0,7.6,2.6,0.32,2,0.8571428571428571,0.8571428571428571,0.7346938775510203,0.0,0.0,12.633333333333333,12,0.8571428571428571,0,0,0,0.1428571428571429,0.8571428571428571,10.828571428571427,6.0,1.0,1
1,39,1,9670,1,19,133.1,1,1,1,4,7,100.0,0,0,1,0,0,0,25,0,0,5,5,5,11.2,0,0,5,5,5,12.6,0,9.4,-0.8,-3.12,0,1.0,1.0,1.0,0.0,1.4000000000000004,11.899999999999999,10,1.0,0,0,3,3.0,1.0,11.899999999999999,5.0,1.0,1
1,1,5,9500,1,1,142.0,1,38,37,5,7,128.8,1,0,0,1,0,0,18,0,0,7,7,6,14.233333333333334,0,0,7,7,6,14.233333333333334,0,7.6,2.6,0.32,2,0.8571428571428571,0.8571428571428571,0.7346938775510203,0.0,0.0,14.233333333333334,12,0.8571428571428571,0,0,1,1.1428571428571428,0.8571428571428571,12.2,6.0,1.0,1
5,1,3,9085,1,1,133.0,1,19,19,4,7,119.7,1,0,0,1,0,0,21,0,0,5,13,5,12.2,2,0,5,10,3,11.333333333333334,1,9.4,-0.8,-3.12,1,1.0,0.6,0.6,-0.4,-0.8666666666666654,11.766666666666666,8,0.8,0,0,1,1.4,0.8,9.413333333333332,3.0,0.6,1
1,1,1,9500,1,1,156.0,1,5,4,2,1,140.8,0,0,0,1,0,0,18,0,0,8,8,7,15.7,0,0,8,8,7,15.7,0,12.7,3.7,-1.7,2,0.875,0.875,0.765625,0.0,0.0,15.7,14,0.875,0,0,1,1.125,0.875,13.737499999999999,7.0,1.0,1
1,1,1,9500,1,1,151.0,1,37,37,9,9,138.0,1,0,0,1,0,0,18,0,0,7,7,6,15.2,0,0,7,7,6,15.2,0,7.6,2.6,0.32,2,0.8571428571428571,0.8571428571428571,0.7346938775510203,0.0,0.0,15.2,12,0.8571428571428571,0,0,1,1.1428571428571428,0.8571428571428571,13.028571428571427,6.0,1.0,1
1,43,1,9130,1,1,140.0,1,3,3,2,2,140.0,0,0,0,1,0,0,20,0,10,17,29,14,12.5625,4,7,12,24,12,12.857142857142858,1,15.5,2.8,-4.06,2,0.8235294117647058,1.0,0.8235294117647058,0.17647058823529416,0.29464285714285765,12.709821428571429,26,0.896551724137931,-5,0,1,1.0,0.896551724137931,11.395012315270936,12.0,0.8235294117647058,1
1,7,1,9500,1,3,140.0,1,3,1,4,4,140.0,0,0,0,1,0,0,26,0,0,7,0,0,0.0,0,0,8,0,0,0.0,0,13.9,-0.3,0.79,0,0.0,0.0,0.0,0.0,0.0,0.0,0,0.0,1,0,1,2.0,0.0,0.0,0.0,1.0,1
1,1,2,9238,1,1,100.0,1,38,1,7,7,99.3,1,0,0,1,0,0,21,0,0,6,8,5,12.4,0,0,6,6,6,12.0,0,12.4,0.5,1.79,2,0.8333333333333334,1.0,0.8333333333333334,0.16666666666666663,-0.40000000000000036,12.2,11,0.9166666666666666,0,0,1,1.0,0.9166666666666666,11.183333333333332,6.0,0.8333333333333334,1
1,18,1,9500,1,1,126.0,1,37,19,5,5,119.3,0,0,0,1,0,1,19,0,0,8,9,8,13.78125,1,0,8,9,8,13.78125,1,9.4,-0.8,-3.12,2,1.0,1.0,1.0,0.0,0.0,13.78125,16,1.0,0,0,0,0.0,1.0,13.78125,8.0,1.0,1
1,17,1,9773,1,1,133.1,1,38,38,9,5,117.0,0,0,0,1,0,0,21,0,0,6,8,5,11.8,0,0,6,8,5,11.833333333333334,0,15.5,2.8,-4.06,1,0.8333333333333334,0.8333333333333334,0.6944444444444445,0.0,0.033333333333333215,11.816666666666666,10,0.8333333333333334,0,0,1,1.1666666666666665,0.8333333333333334,9.847222222222223,5.0,1.0,1
1,18,1,8014,0,1,137.0,1,1,1,4,3,123.0,0,0,1,1,0,0,20,0,0,6,13,4,10.8,0,0,6,15,4,12.0,0,16.2,0.3,-0.92,2,0.6666666666666666,0.6666666666666666,0.4444444444444444,0.0,1.1999999999999993,11.4,8,0.6666666666666666,0,0,2,2.3333333333333335,0.6666666666666666,7.6,4.0,1.0,1
1,1,6,9500,1,1,138.0,1,37,37,9,8,127.2,1,0,0,1,0,1,18,0,0,7,8,7,13.26,0,0,8,8,8,14.28625,0,15.5,2.8,-4.06,2,1.0,1.0,1.0,0.0,1.026250000000001,13.773125,15,1.0,1,0,0,0.0,1.0,13.773125,8.0,1.0,1
1,1,2,9773,1,1,128.0,1,34,19,3,0,141.0,1,0,0,0,0,0,20,0,0,6,10,4,12.0,0,0,6,15,3,10.666666666666666,0,7.6,2.6,0.32,0,0.6666666666666666,0.5,0.3333333333333333,-0.16666666666666663,-1.333333333333334,11.333333333333332,7,0.5833333333333334,0,0,2,2.5,0.5833333333333334,6.611111111111111,3.0,0.8333333333333334,1
1,1,1,9238,1,1,136.0,1,19,38,9,9,121.7,0,1,0,1,0,1,20,0,0,6,9,6,11.875,0,0,6,7,6,14.428571428571429,0,16.2,0.3,-0.92,2,1.0,1.0,1.0,0.0,2.553571428571429,13.151785714285715,12,1.0,0,0,0,0.0,1.0,13.151785714285715,6.0,1.0,1
1,16,1,9070,1,1,145.0,1,1,1,3,3,146.1,1,0,0,1,0,0,18,0,0,6,6,1,15.0,0,0,6,7,4,12.5,0,9.4,-0.8,-3.12,1,0.16666666666666666,0.6666666666666666,0.1111111111111111,0.5,-2.5,13.75,5,0.4166666666666667,0,0,1,1.3333333333333335,0.4166666666666667,5.729166666666667,4.0,0.5,1
1,1,1,9773,1,1,140.0,1,37,37,9,9,142.5,1,0,0,1,0,0,18,0,0,6,6,6,13.333333333333334,0,0,6,9,5,13.2,0,9.4,-0.8,-3.12,2,1.0,0.8333333333333334,0.8333333333333334,-0.16666666666666663,-0.13333333333333464,13.266666666666666,11,0.9166666666666666,0,0,1,1.1666666666666665,0.9166666666666666,12.16111111111111,5.0,0.8333333333333334,1
1,17,1,9085,1,1,138.0,1,2,19,2,9,126.8,1,0,0,1,0,0,18,0,0,5,12,2,11.5,0,0,5,12,3,11.8,2,10.8,1.4,1.74,1,0.4,0.6,0.24,0.19999999999999996,0.3000000000000007,11.65,5,0.5,0,0,1,1.4,0.5,5.825,3.0,0.8,1
1,44,1,9085,1,39,150.0,1,3,3,2,2,150.0,1,0,0,1,0,0,22,0,2,6,7,6,14.428571428571429,0,1,6,9,5,13.0,0,13.9,-0.3,0.79,2,1.0,0.8333333333333334,0.8333333333333334,-0.16666666666666663,-1.4285714285714288,13.714285714285715,11,0.9166666666666666,0,0,1,1.1666666666666665,0.9166666666666666,12.571428571428571,5.0,0.8333333333333334,1
1,44,3,9085,1,39,150.0,1,1,19,4,1,150.0,1,0,0,1,0,0,19,0,0,5,10,1,13.0,1,0,5,8,3,15.333333333333334,0,12.7,3.7,-1.7,1,0.2,0.6,0.12,0.39999999999999997,2.333333333333334,14.166666666666668,4,0.4,0,0,1,1.4,0.4,5.666666666666668,3.0,0.6000000000000001,1
1,17,1,9003,1,1,131.0,1,19,1,9,2,134.5,1,0,0,1,0,1,19,0,0,6,7,6,15.0,0,0,6,8,6,14.333333333333334,0,12.4,0.5,1.79,2,1.0,1.0,1.0,0.0,-0.6666666666666661,14.666666666666668,12,1.0,0,0,0,0.0,1.0,14.666666666666668,6.0,1.0,1
1,1,2,9556,1,1,136.0,1,19,19,9,9,129.5,1,0,0,1,0,0,18,0,0,7,9,7,15.155555555555557,0,0,8,8,8,16.8,0,12.7,3.7,-1.7,2,1.0,1.0,1.0,0.0,1.644444444444444,15.977777777777778,15,1.0,1,0,1,1.0,1.0,15.977777777777778,8.0,1.0,1
1,1,1,9238,1,1,117.0,1,38,38,175,183,113.2,1,0,1,1,0,0,20,0,0,6,8,6,10.666666666666666,0,0,6,7,6,11.857142857142858,0,11.1,0.6,2.02,2,1.0,1.0,1.0,0.0,1.1904761904761916,11.261904761904763,12,1.0,0,0,2,2.0,1.0,11.261904761904763,6.0,1.0,1
1,17,2,9670,1,1,129.0,1,1,19,5,5,119.2,1,0,0,1,0,0,21,0,0,6,0,0,0.0,0,0,6,0,0,0.0,0,8.9,1.4,3.51,0,0.0,0.0,0.0,0.0,0.0,0.0,0,0.0,0,0,1,2.0,0.0,0.0,0.0,1.0,1
1,1,1,9238,1,1,140.0,1,1,19,4,4,140.7,0,0,0,1,0,0,19,0,0,6,7,6,12.285714285714286,0,0,6,7,6,12.0,0,12.4,0.5,1.79,2,1.0,1.0,1.0,0.0,-0.2857142857142865,12.142857142857142,12,1.0,0,0,1,1.0,1.0,12.142857142857142,6.0,1.0,1
1,1,4,9773,1,1,132.0,11,12,12,90,4,129.9,1,0,0,1,0,0,18,1,0,6,6,6,12.666666666666666,0,0,6,8,5,14.4,0,7.6,2.6,0.32,2,1.0,0.8333333333333334,0.8333333333333334,-0.16666666666666663,1.7333333333333343,13.533333333333333,11,0.9166666666666666,0,0,1,1.1666666666666665,0.9166666666666666,12.405555555555555,5.0,0.8333333333333334,1
1,17,1,9085,1,1,109.0,1,19,19,4,9,104.1,1,0,1,0,0,1,21,0,0,6,16,2,13.0,0,0,6,8,0,0.0,0,15.5,2.8,-4.06,0,0.3333333333333333,0.0,0.0,-0.3333333333333333,-13.0,6.5,2,0.16666666666666666,0,0,2,3.0,0.16666666666666666,1.0833333333333333,0.0,0.6666666666666667,1
1,1,1,9147,1,1,135.0,1,1,38,5,5,122.4,0,0,1,1,0,0,19,0,0,5,10,5,10.875,0,0,5,8,4,12.4,0,13.9,-0.3,0.79,2,1.0,0.8,0.8,-0.19999999999999996,1.5250000000000004,11.6375,9,0.9,0,0,2,2.2,0.9,10.473749999999999,4.0,0.8,1
1,1,1,9147,1,1,122.0,1,37,37,9,7,120.6,1,0,0,1,0,1,19,0,0,5,5,5,12.8,0,0,5,8,5,11.6,0,9.4,-0.8,-3.12,2,1.0,1.0,1.0,0.0,-1.200000000000001,12.2,10,1.0,0,0,0,0.0,1.0,12.2,5.0,1.0,1
1,17,3,9238,1,1,118.0,1,1,19,4,10,112.4,1,0,0,1,0,0,19,0,0,6,10,5,11.285714285714286,0,0,6,7,0,0.0,0,16.2,0.3,-0.92,0,0.8333333333333334,0.0,0.0,-0.8333333333333334,-11.285714285714286,5.642857142857143,5,0.4166666666666667,0,0,1,2.0,0.4166666666666667,2.3511904761904763,0.0,0.16666666666666663,1
1,1,1,171,1,1,174.0,1,5,3,3,3,157.9,0,0,0,1,0,0,18,0,0,0,0,0,0.0,0,0,0,0,0,0.0,0,13.9,-0.3,0.79,2,0.0,0.0,0.0,0.0,0.0,0.0,0,0.0,0,1,1,3.0,0.0,0.0,0.0,1.0,0
1,43,1,9254,1,1,142.0,1,38,38,9,9,125.9,0,0,0,1,0,1,19,0,0,6,0,0,0.0,0,0,6,11,1,10.0,0,10.8,1.4,1.74,0,0.0,0.16666666666666666,0.0,0.16666666666666666,10.0,5.0,1,0.08333333333333333,0,0,0,0.8333333333333334,0.08333333333333333,0.41666666666666663,1.0,0.8333333333333334,1
1,1,1,9070,1,1,182.0,1,19,1,5,7,156.8,1,0,0,1,0,0,18,0,0,6,6,6,12.666666666666666,0,0,6,8,6,13.25,0,10.8,1.4,1.74,2,1.0,1.0,1.0,0.0,0.5833333333333339,12.958333333333332,12,1.0,0,0,1,1.0,1.0,12.958333333333332,6.0,1.0,1
1,1,1,9085,1,1,125.0,1,19,37,3,7,126.8,0,0,0,1,0,0,18,0,0,6,13,6,12.0,0,0,6,16,4,12.75,0,11.1,0.6,2.02,1,1.0,0.6666666666666666,0.6666666666666666,-0.33333333333333337,0.75,12.375,10,0.8333333333333334,0,0,1,1.3333333333333335,0.8333333333333334,10.3125,4.0,0.6666666666666666,1
1,1,1,9238,1,1,142.0,1,1,37,5,7,128.0,0,0,0,1,0,1,19,0,0,6,8,6,12.25,0,0,6,8,6,12.0,0,16.2,0.3,-0.92,2,1.0,1.0,1.0,0.0,-0.25,12.125,12,1.0,0,0,0,0.0,1.0,12.125,6.0,1.0,1
1,1,2,9147,1,1,119.0,1,19,37,4,5,113.8,1,0,0,1,0,0,20,0,0,5,8,3,11.333333333333334,0,0,5,8,5,12.2,0,7.6,2.6,0.32,2,0.6,1.0,0.6,0.4,0.8666666666666654,11.766666666666666,8,0.8,0,0,1,1.0,0.8,9.413333333333332,5.0,0.6,1
1,17,5,9500,1,1,128.0,1,1,1,4,5,120.8,1,0,0,1,0,1,19,0,0,7,9,7,13.507142857142856,0,0,8,12,8,13.05,0,16.2,0.3,-0.92,2,1.0,1.0,1.0,0.0,-0.4571428571428555,13.278571428571428,15,1.0,1,0,0,0.0,1.0,13.278571428571428,8.0,1.0,1
1,1,3,9500,1,1,150.0,1,19,38,1,1,130.8,1,0,0,1,0,0,18,0,0,8,8,7,13.614285714285714,0,0,8,8,7,13.614285714285714,0,12.7,3.7,-1.7,2,0.875,0.875,0.765625,0.0,0.0,13.614285714285714,14,0.875,0,0,1,1.125,0.875,11.9125,7.0,1.0,1
1,39,1,9254,1,1,133.1,1,19,1,4,1,101.0,0,0,1,1,0,0,25,0,0,6,6,0,0.0,0,0,6,6,0,0.0,0,15.5,2.8,-4.06,0,0.0,0.0,0.0,0.0,0.0,0.0,0,0.0,0,0,2,3.0,0.0,0.0,0.0,1.0,1
1,17,5,9070,1,1,131.0,1,37,37,9,9,126.1,1,0,0,0,0,0,18,0,0,6,9,4,11.5,1,0,6,6,6,12.166666666666666,0,7.6,2.6,0.32,2,0.6666666666666666,1.0,0.6666666666666666,0.33333333333333337,0.6666666666666661,11.833333333333332,10,0.8333333333333334,0,0,2,2.0,0.8333333333333334,9.86111111111111,6.0,0.6666666666666666,1
1,1,5,9773,1,1,118.0,1,38,19,9,9,113.8,1,0,0,1,0,0,19,0,0,6,7,6,12.333333333333334,0,0,6,7,6,12.5,0,8.9,1.4,3.51,2,1.0,1.0,1.0,0.0,0.16666666666666607,12.416666666666668,12,1.0,0,0,1,1.0,1.0,12.416666666666668,6.0,1.0,1
1,17,2,9556,1,1,122.0,1,19,38,4,8,118.3,1,0,0,1,0,1,19,0,0,7,7,7,11.971428571428572,0,0,8,8,8,14.4375,0,15.5,2.8,-4.06,2,1.0,1.0,1.0,0.0,2.4660714285714285,13.204464285714286,15,1.0,1,0,0,0.0,1.0,13.204464285714286,8.0,1.0,1
1,1,1,9147,1,1,116.0,1,19,19,5,8,127.9,0,0,1,0,0,1,20,0,0,5,12,2,13.0,1,0,5,13,2,11.5,0,9.4,-0.8,-3.12,0,0.4,0.4,0.16000000000000003,0.0,-1.5,12.25,4,0.4,0,0,2,2.6,0.4,4.9,2.0,1.0,1
1,17,4,9085,1,1,128.0,1,38,37,4,9,117.9,1,0,0,1,0,0,20,0,0,5,12,2,13.5,0,0,5,12,5,11.285714285714286,1,10.8,1.4,1.74,2,0.4,1.0,0.4,0.6,-2.2142857142857135,12.392857142857142,7,0.7,0,0,1,1.0,0.7,8.674999999999999,5.0,0.4,1
1,17,1,9238,1,1,123.0,1,1,1,9,9,115.7,1,0,0,1,0,0,21,0,0,6,8,6,12.166666666666666,0,0,6,7,6,13.285714285714286,0,11.1,0.6,2.02,2,1.0,1.0,1.0,0.0,1.1190476190476204,12.726190476190476,12,1.0,0,0,1,1.0,1.0,12.726190476190476,6.0,1.0,1
2,39,1,8014,0,12,110.0,1,37,37,7,9,120.0,0,0,0,1,0,0,42,0,0,6,6,6,11.666666666666666,0,0,6,6,6,13.666666666666666,0,10.8,1.4,1.74,2,1.0,1.0,1.0,0.0,2.0,12.666666666666666,12,1.0,0,0,1,1.0,1.0,12.666666666666666,6.0,1.0,1
1,1,1,9070,1,1,150.0,1,37,37,9,6,131.1,0,0,0,1,0,1,19,0,0,6,7,5,13.4,0,0,6,6,6,12.833333333333334,0,15.5,2.8,-4.06,2,0.8333333333333334,1.0,0.8333333333333334,0.16666666666666663,-0.5666666666666664,13.116666666666667,11,0.9166666666666666,0,0,0,0.0,0.9166666666666666,12.02361111111111,6.0,0.8333333333333334,1
1,1,6,9254,1,1,129.0,1,38,19,9,5,117.8,1,0,0,1,0,0,18,0,0,6,11,6,12.0,0,0,6,11,4,12.5,0,8.9,1.4,3.51,2,1.0,0.6666666666666666,0.6666666666666666,-0.33333333333333337,0.5,12.25,10,0.8333333333333334,0,0,1,1.3333333333333335,0.8333333333333334,10.208333333333334,4.0,0.6666666666666666,1
1,10,1,9085,1,1,140.0,1,19,19,4,5,140.0,1,0,0,1,0,0,21,0,0,5,6,5,14.2,0,0,5,5,5,14.8,0,10.8,1.4,1.74,2,1.0,1.0,1.0,0.0,0.6000000000000014,14.5,10,1.0,0,0,1,1.0,1.0,14.5,5.0,1.0,1
1,1,1,9238,1,1,133.1,1,38,37,5,5,108.0,0,0,0,1,0,1,20,0,0,6,8,6,12.125,0,0,6,7,6,14.428571428571429,0,16.2,0.3,-0.92,2,1.0,1.0,1.0,0.0,2.303571428571429,13.276785714285715,12,1.0,0,0,0,0.0,1.0,13.276785714285715,6.0,1.0,1
1,1,1,9853,1,1,132.0,1,1,19,3,3,122.9,1,0,0,1,0,0,20,0,0,7,7,7,13.857142857142858,0,0,7,7,7,13.285714285714286,0,11.1,0.6,2.02,2,1.0,1.0,1.0,0.0,-0.5714285714285712,13.571428571428573,14,1.0,0,0,1,1.0,1.0,13.571428571428573,7.0,1.0,1
1,44,1,9085,1,39,130.0,1,3,1,2,9,130.0,1,0,0,1,0,0,21,0,1,6,13,3,11.75,0,1,6,13,5,12.333333333333334,0,12.4,0.5,1.79,1,0.5,0.8333333333333334,0.4166666666666667,0.33333333333333337,0.5833333333333339,12.041666666666668,8,0.6666666666666666,0,0,1,1.1666666666666665,0.6666666666666666,8.027777777777779,5.0,0.6666666666666666,1
1,1,4,9500,1,1,137.0,1,38,37,7,7,126.0,1,0,0,1,0,0,19,0,0,7,9,7,14.283333333333337,0,0,8,9,8,13.125555555555556,0,15.5,2.8,-4.06,2,1.0,1.0,1.0,0.0,-1.1577777777777811,13.704444444444446,15,1.0,1,0,1,1.0,1.0,13.704444444444446,8.0,1.0,1
1,42,1,9238,1,1,133.1,1,1,19,4,9,134.0,0,0,0,1,0,0,21,0,10,13,21,11,13.272727272727272,0,6,11,13,9,13.0,0,7.6,2.6,0.32,2,0.8461538461538461,0.8181818181818182,0.6923076923076923,-0.027972027972027913,-0.2727272727272716,13.136363636363637,20,0.8333333333333334,-2,0,1,1.1818181818181817,0.8333333333333334,10.946969696969697,9.0,0.9720279720279721,1
1,1,1,9070,1,1,143.0,1,38,19,151,193,134.3,1,1,0,1,0,0,19,0,0,6,6,6,14.666666666666666,0,0,6,7,6,15.142857142857142,0,8.9,1.4,3.51,2,1.0,1.0,1.0,0.0,0.4761904761904763,14.904761904761905,12,1.0,0,0,1,1.0,1.0,14.904761904761905,6.0,1.0,1
1,1,1,9500,1,1,148.0,1,19,19,9,9,138.7,0,0,0,1,0,1,19,0,0,7,10,7,15.114999999999998,0,0,8,10,8,15.092,0,15.5,2.8,-4.06,2,1.0,1.0,1.0,0.0,-0.02299999999999791,15.1035,15,1.0,1,0,0,0.0,1.0,15.1035,8.0,1.0,1
1,44,1,9085,1,39,160.0,1,37,19,9,10,160.0,1,0,0,1,0,0,22,0,1,6,13,6,15.0,0,1,6,7,6,13.142857142857142,0,16.2,0.3,-0.92,2,1.0,1.0,1.0,0.0,-1.8571428571428577,14.071428571428571,12,1.0,0,0,1,1.0,1.0,14.071428571428571,6.0,1.0,1
1,1,2,9853,1,1,112.0,1,3,1,3,5,111.0,0,0,0,1,0,0,21,0,0,6,8,5,13.2,0,0,6,9,5,14.333333333333334,0,9.4,-0.8,-3.12,2,0.8333333333333334,0.8333333333333334,0.6944444444444445,0.0,1.1333333333333346,13.766666666666666,10,0.8333333333333334,0,0,1,1.1666666666666665,0.8333333333333334,11.472222222222221,5.0,1.0,1
1,1,4,9500,1,1,142.0,1,1,3,1,2,133.0,0,0,0,1,0,1,20,0,0,8,8,7,14.565714285714288,0,0,8,8,7,14.565714285714288,0,10.8,1.4,1.74,2,0.875,0.875,0.765625,0.0,0.0,14.565714285714288,14,0.875,0,0,0,0.125,0.875,12.745000000000001,7.0,1.0,1
1,17,2,9670,1,1,123.0,1,34,37,0,0,114.6,1,0,1,0,0,0,18,0,0,5,8,3,12.0,0,0,5,6,4,10.75,0,7.6,2.6,0.32,0,0.6,0.8,0.48,0.20000000000000007,-1.25,11.375,7,0.7,0,0,3,3.2,0.7,7.9624999999999995,4.0,0.7999999999999999,1
1,17,1,9238,1,1,103.0,1,19,37,7,9,104.1,0,0,0,1,0,0,20,0,0,6,6,0,0.0,0,0,5,5,0,0.0,0,8.9,1.4,3.51,0,0.0,0.0,0.0,0.0,0.0,0.0,0,0.0,-1,0,1,2.0,0.0,0.0,0.0,1.0,1
1,17,4,9500,1,1,140.0,1,1,1,3,3,127.6,1,0,0,1,0,0,23,0,0,7,7,6,13.796666666666669,0,0,8,11,7,13.775,0,12.4,0.5,1.79,2,0.8571428571428571,0.875,0.75,0.017857142857142905,-0.021666666666668277,13.785833333333334,13,0.8666666666666667,1,0,1,1.125,0.8666666666666667,11.947722222222223,7.0,0.9821428571428571,1
1,1,2,9773,1,1,159.0,1,1,1,3,3,151.0,1,0,0,1,0,0,18,0,0,6,6,6,14.833333333333334,0,0,6,6,6,15.333333333333334,0,12.7,3.7,-1.7,2,1.0,1.0,1.0,0.0,0.5,15.083333333333334,12,1.0,0,0,1,1.0,1.0,15.083333333333334,6.0,1.0,1
1,44,1,9238,1,39,140.0,1,1,1,9,3,135.7,1,0,0,1,0,0,20,0,3,6,6,6,12.833333333333334,0,2,6,6,6,13.833333333333334,0,12.4,0.5,1.79,2,1.0,1.0,1.0,0.0,1.0,13.333333333333334,12,1.0,0,0,1,1.0,1.0,13.333333333333334,6.0,1.0,1
1,17,1,9500,1,1,148.0,1,38,37,5,9,137.8,1,0,0,1,0,1,18,0,0,8,8,7,14.962857142857144,0,0,8,8,7,14.962857142857144,0,10.8,1.4,1.74,2,0.875,0.875,0.765625,0.0,0.0,14.962857142857144,14,0.875,0,0,0,0.125,0.875,13.092500000000001,7.0,1.0,1
1,1,6,9147,1,1,112.0,1,38,38,9,9,117.3,1,0,0,1,0,0,20,0,0,5,8,4,12.0,0,0,5,8,5,11.2,0,11.1,0.6,2.02,2,0.8,1.0,0.8,0.19999999999999996,-0.8000000000000007,11.6,9,0.9,0,0,1,1.0,0.9,10.44,5.0,0.8,1
1,18,2,9500,1,1,131.0,1,1,3,3,2,121.2,1,0,0,1,0,0,18,0,0,7,8,7,12.4,0,0,8,9,8,12.8,0,16.2,0.3,-0.92,2,1.0,1.0,1.0,0.0,0.40000000000000036,12.600000000000001,15,1.0,1,0,1,1.0,1.0,12.600000000000001,8.0,1.0,1
1,17,1,9670,1,1,145.0,1,3,3,2,1,129.3,1,0,0,1,0,0,20,0,0,6,7,6,15.571428571428571,0,0,6,6,6,17.166666666666668,0,16.2,0.3,-0.92,2,1.0,1.0,1.0,0.0,1.5952380952380967,16.36904761904762,12,1.0,0,0,1,1.0,1.0,16.36904761904762,6.0,1.0,1
1,1,5,9500,1,1,133.1,1,1,1,5,8,123.0,1,0,0,1,0,0,19,0,0,8,8,7,13.714285714285714,0,0,8,8,7,13.714285714285714,0,12.7,3.7,-1.7,2,0.875,0.875,0.765625,0.0,0.0,13.714285714285714,14,0.875,0,0,1,1.125,0.875,12.0,7.0,1.0,1
1,44,1,9085,1,39,140.0,1,1,19,4,4,140.0,0,0,0,1,0,0,21,0,2,6,9,6,13.142857142857142,0,0,6,9,6,12.166666666666666,0,13.9,-0.3,0.79,2,1.0,1.0,1.0,0.0,-0.9761904761904763,12.654761904761905,12,1.0,0,0,1,1.0,1.0,12.654761904761905,6.0,1.0,1
2,7,1,9070,1,43,140.0,1,37,1,9,7,140.0,0,0,0,1,0,0,33,0,0,6,7,6,15.0,0,0,6,8,3,11.0,0,11.1,0.6,2.02,2,1.0,0.5,0.5,-0.5,-4.0,13.0,9,0.75,0,0,1,1.5,0.75,9.75,3.0,0.5,1
1,1,1,9085,1,1,150.0,1,12,2,4,2,144.6,0,0,1,0,0,0,24,0,0,5,6,1,13.0,0,0,5,5,0,0.0,0,7.6,2.6,0.32,0,0.2,0.0,0.0,-0.2,-13.0,6.5,1,0.1,0,0,3,4.0,0.1,0.65,0.0,0.8,1
1,43,1,9238,1,1,120.0,1,1,38,4,3,118.3,0,0,0,1,0,1,20,0,8,11,12,11,12.0,0,6,11,14,11,12.75,0,13.9,-0.3,0.79,2,1.0,1.0,1.0,0.0,0.75,12.375,22,1.0,0,0,0,0.0,1.0,12.375,11.0,1.0,1
1,1,1,171,1,1,156.0,1,19,38,9,1,153.6,1,0,0,1,0,0,18,0,0,0,0,0,0.0,0,0,0,0,0,0.0,0,9.4,-0.8,-3.12,2,0.0,0.0,0.0,0.0,0.0,0.0,0,0.0,0,1,1,3.0,0.0,0.0,0.0,1.0,0
1,1,4,9070,1,1,167.0,1,1,1,7,3,158.3,1,0,0,1,0,0,18,0,0,6,6,6,15.166666666666666,0,0,6,6,6,14.166666666666666,0,15.5,2.8,-4.06,2,1.0,1.0,1.0,0.0,-1.0,14.666666666666666,12,1.0,0,0,1,1.0,1.0,14.666666666666666,6.0,1.0,1
1,43,1,8014,0,6,133.1,1,34,34,0,0,100.0,0,0,1,1,0,0,29,0,1,6,9,4,12.0,0,1,6,13,2,10.5,0,7.6,2.6,0.32,0,0.6666666666666666,0.3333333333333333,0.2222222222222222,-0.3333333333333333,-1.5,11.25,6,0.5,0,0,2,2.666666666666667,0.5,5.625,2.0,0.6666666666666667,1
1,17,1,9500,1,1,147.0,1,1,1,5,5,134.9,0,1,0,1,0,0,18,0,0,7,7,7,13.642857142857142,0,0,8,11,8,14.772727272727272,0,16.2,0.3,-0.92,2,1.0,1.0,1.0,0.0,1.1298701298701292,14.207792207792206,15,1.0,1,0,1,1.0,1.0,14.207792207792206,8.0,1.0,1
1,1,3,9773,1,1,129.0,1,38,37,5,5,142.0,1,0,0,1,0,0,19,0,0,6,8,6,12.666666666666666,0,0,6,7,6,12.714285714285714,0,9.4,-0.8,-3.12,2,1.0,1.0,1.0,0.0,0.04761904761904745,12.69047619047619,12,1.0,0,0,1,1.0,1.0,12.69047619047619,6.0,1.0,1
1,17,1,171,1,1,136.0,1,38,38,7,7,127.3,1,0,0,1,0,0,19,0,0,0,0,0,0.0,0,0,0,0,0,0.0,0,15.5,2.8,-4.06,0,0.0,0.0,0.0,0.0,0.0,0.0,0,0.0,0,1,1,3.0,0.0,0.0,0.0,1.0,0
1,17,1,9238,1,1,128.0,1,19,19,5,4,116.5,0,0,0,1,0,1,18,0,0,6,8,5,10.8,0,0,6,9,6,10.5,0,12.4,0.5,1.79,2,0.8333333333333334,1.0,0.8333333333333334,0.16666666666666663,-0.3000000000000007,10.65,11,0.9166666666666666,0,0,0,0.0,0.9166666666666666,9.7625,6.0,0.8333333333333334,1
1,43,1,9500,1,1,140.0,1,19,19,7,7,138.6,0,0,0,1,0,1,19,0,0,7,9,6,14.25,0,0,8,11,8,13.063636363636364,0,16.2,0.3,-0.92,2,0.8571428571428571,1.0,0.8571428571428571,0.1428571428571429,-1.1863636363636356,13.656818181818181,14,0.9333333333333333,1,0,0,0.0,0.9333333333333333,12.746363636363636,8.0,0.8571428571428571,1
1,17,2,9238,1,1,133.0,1,2,1,3,4,136.2,1,0,0,1,0,0,19,0,0,6,14,1,11.5,0,0,6,12,2,10.5,0,7.6,2.6,0.32,1,0.16666666666666666,0.3333333333333333,0.05555555555555555,0.16666666666666666,-1.0,11.0,3,0.25,0,0,1,1.6666666666666667,0.25,2.75,2.0,0.8333333333333334,1
1,17,1,9254,1,1,125.0,1,19,19,7,5,118.0,1,0,0,1,0,1,19,0,0,6,10,4,12.25,0,0,6,9,3,12.333333333333334,0,9.4,-0.8,-3.12,2,0.6666666666666666,0.5,0.3333333333333333,-0.16666666666666663,0.08333333333333393,12.291666666666668,7,0.5833333333333334,0,0,0,0.5,0.5833333333333334,7.17013888888889,3.0,0.8333333333333334,1
1,1,6,9500,1,1,140.0,1,19,38,5,7,128.5,1,0,0,1,0,1,18,0,0,8,8,8,13.40375,0,0,8,8,8,13.40375,0,9.4,-0.8,-3.12,2,1.0,1.0,1.0,0.0,0.0,13.40375,16,1.0,0,0,0,0.0,1.0,13.40375,8.0,1.0,1
1,17,1,9254,1,1,140.0,1,3,1,2,3,129.9,0,0,0,1,0,1,19,0,0,6,15,6,11.333333333333334,0,0,6,9,3,12.666666666666666,0,9.4,-0.8,-3.12,2,1.0,0.5,0.5,-0.5,1.3333333333333321,12.0,9,0.75,0,0,0,0.5,0.75,9.0,3.0,0.5,1
1,17,4,9773,1,1,137.0,1,1,1,5,5,125.8,0,0,1,1,1,0,20,0,0,6,7,5,12.2,0,0,6,6,6,12.333333333333334,0,12.7,3.7,-1.7,0,0.8333333333333334,1.0,0.8333333333333334,0.16666666666666663,0.13333333333333464,12.266666666666666,11,0.9166666666666666,0,0,2,2.0,0.9166666666666666,11.244444444444444,6.0,0.8333333333333334,1
1,1,6,9500,1,1,138.0,1,4,19,2,3,124.7,1,0,0,1,1,0,18,0,0,7,0,0,0.0,0,0,8,0,0,0.0,0,16.2,0.3,-0.92,0,0.0,0.0,0.0,0.0,0.0,0.0,0,0.0,1,0,1,2.0,0.0,0.0,0.0,1.0,1
1,39,1,9003,1,1,130.0,1,3,1,2,4,154.9,0,0,1,0,1,0,35,0,0,6,8,5,16.166666666666668,0,0,6,10,4,16.0,0,8.9,1.4,3.51,0,0.8333333333333334,0.6666666666666666,0.5555555555555556,-0.16666666666666674,-0.16666666666666785,16.083333333333336,9,0.75,0,0,3,3.3333333333333335,0.75,12.062500000000002,4.0,0.8333333333333333,1
1,17,1,9119,1,1,142.0,1,19,38,9,7,127.3,0,0,0,1,1,0,18,0,0,5,10,3,11.0,0,0,5,6,3,11.0,1,16.2,0.3,-0.92,1,0.6,0.6,0.36,0.0,0.0,11.0,6,0.6,0,0,1,1.4,0.6,6.6,3.0,1.0,1
1,1,1,171,1,1,136.0,1,37,19,5,8,129.0,1,0,0,1,1,1,19,0,0,0,0,0,0.0,0,0,0,0,0,0.0,0,13.9,-0.3,0.79,2,0.0,0.0,0.0,0.0,0.0,0.0,0,0.0,0,1,0,2.0,0.0,0.0,0.0,1.0,0
1,17,2,9147,1,1,130.0,1,1,38,5,7,122.0,1,0,0,1,1,0,20,0,0,5,8,2,10.5,0,0,5,11,4,12.25,0,10.8,1.4,1.74,1,0.4,0.8,0.32000000000000006,0.4,1.75,11.375,6,0.6,0,0,1,1.2,0.6,6.825,4.0,0.6,1
1,43,1,9070,1,1,117.0,1,1,1,4,7,112.5,1,0,0,1,1,0,19,0,3,6,7,3,11.666666666666666,0,1,6,13,4,10.333333333333334,0,13.9,-0.3,0.79,1,0.5,0.6666666666666666,0.3333333333333333,0.16666666666666663,-1.3333333333333321,11.0,7,0.5833333333333334,0,0,1,1.3333333333333335,0.5833333333333334,6.416666666666667,4.0,0.8333333333333334,1
1,1,3,9147,1,1,136.0,1,38,38,9,9,127.3,1,0,0,1,1,0,19,0,0,5,8,3,11.0,0,0,5,7,2,10.0,0,12.7,3.7,-1.7,0,0.6,0.4,0.24,-0.19999999999999996,-1.0,10.5,5,0.5,0,0,1,1.6,0.5,5.25,2.0,0.8,1
1,39,2,9556,1,1,133.1,1,1,1,9,10,100.5,0,0,0,1,1,0,24,0,0,7,18,0,0.0,0,0,7,13,0,0.0,1,11.1,0.6,2.02,0,0.0,0.0,0.0,0.0,0.0,0.0,0,0.0,0,0,1,2.0,0.0,0.0,0.0,1.0,1
1,39,1,8014,0,1,140.0,1,37,37,9,7,122.0,1,0,1,0,1,0,29,0,0,6,11,4,12.5,0,0,6,7,0,0.0,0,12.4,0.5,1.79,0,0.6666666666666666,0.0,0.0,-0.6666666666666666,-12.5,6.25,4,0.3333333333333333,0,0,3,4.0,0.3333333333333333,2.083333333333333,0.0,0.33333333333333337,1
2,7,1,171,1,3,120.0,1,19,19,9,9,130.0,1,0,0,1,1,0,37,0,0,0,0,0,0.0,0,0,0,0,0,0.0,0,7.6,2.6,0.32,0,0.0,0.0,0.0,0.0,0.0,0.0,0,0.0,0,1,1,3.0,0.0,0.0,0.0,1.0,0
1,5,2,9070,1,1,143.0,1,1,1,4,10,146.2,1,0,0,1,1,0,18,0,0,6,7,5,13.2,0,0,6,6,5,11.8,0,16.2,0.3,-0.92,2,0.8333333333333334,0.8333333333333334,0.6944444444444445,0.0,-1.3999999999999986,12.5,10,0.8333333333333334,0,0,1,1.1666666666666665,0.8333333333333334,10.416666666666668,5.0,1.0,1
1,1,5,9147,1,1,132.0,1,39,39,3,3,127.8,1,0,0,0,1,0,18,0,0,5,0,0,0.0,0,0,5,0,0,0.0,0,11.1,0.6,2.02,0,0.0,0.0,0.0,0.0,0.0,0.0,0,0.0,0,0,2,3.0,0.0,0.0,0.0,1.0,1
1,17,2,9147,1,1,133.1,1,38,38,4,7,109.0,1,0,0,1,1,1,22,0,0,5,7,3,12.333333333333334,0,0,5,9,3,10.571428571428571,0,10.8,1.4,1.74,1,0.6,0.6,0.36,0.0,-1.7619047619047628,11.452380952380953,6,0.6,0,0,0,0.4,0.6,6.871428571428571,3.0,1.0,1
1,1,5,9773,1,1,131.0,1,1,38,9,5,132.4,1,0,1,0,1,0,18,0,0,6,6,0,0.0,0,0,6,0,0,0.0,0,11.1,0.6,2.02,0,0.0,0.0,0.0,0.0,0.0,0.0,0,0.0,0,0,3,4.0,0.0,0.0,0.0,1.0,1
1,1,3,9500,1,1,149.0,1,1,1,4,4,129.3,1,0,0,1,1,0,18,0,0,8,8,7,13.1,0,0,8,8,7,13.1,0,12.7,3.7,-1.7,2,0.875,0.875,0.765625,0.0,0.0,13.1,14,0.875,0,0,1,1.125,0.875,11.4625,7.0,1.0,1
1,1,1,9070,1,1,124.0,1,37,37,9,9,125.4,1,0,0,1,1,0,19,0,0,6,6,6,13.5,0,0,6,6,6,13.166666666666666,0,9.4,-0.8,-3.12,2,1.0,1.0,1.0,0.0,-0.3333333333333339,13.333333333333332,12,1.0,0,0,1,1.0,1.0,13.333333333333332,6.0,1.0,1
1,1,1,9119,1,1,126.0,1,38,19,5,5,130.2,0,0,0,1,1,0,19,0,0,5,7,5,10.2,0,0,5,8,3,12.0,0,10.8,1.4,1.74,1,1.0,0.6,0.6,-0.4,1.8000000000000007,11.1,8,0.8,0,0,1,1.4,0.8,8.88,3.0,0.6,1
1,44,1,9003,1,39,170.0,1,19,19,9,7,170.0,1,0,1,1,1,0,21,0,0,6,7,6,15.285714285714286,0,0,6,6,6,15.166666666666666,0,12.4,0.5,1.79,2,1.0,1.0,1.0,0.0,-0.1190476190476204,15.226190476190476,12,1.0,0,0,2,2.0,1.0,15.226190476190476,6.0,1.0,1
1,7,1,9773,1,43,140.0,1,19,1,4,8,140.0,0,0,0,1,1,0,25,0,0,6,6,6,14.666666666666666,0,0,6,6,6,13.5,0,11.1,0.6,2.02,2,1.0,1.0,1.0,0.0,-1.166666666666666,14.083333333333332,12,1.0,0,0,1,1.0,1.0,14.083333333333332,6.0,1.0,1
1,1,1,9070,1,1,130.0,1,37,1,9,8,120.2,1,0,0,1,1,0,22,0,0,6,9,6,14.666666666666666,0,0,6,12,6,14.666666666666666,0,12.7,3.7,-1.7,2,1.0,1.0,1.0,0.0,0.0,14.666666666666666,12,1.0,0,0,1,1.0,1.0,14.666666666666666,6.0,1.0,1
1,39,1,9500,1,1,130.0,1,1,1,4,9,150.0,0,0,0,1,1,0,24,0,0,8,8,7,12.742857142857144,0,0,8,8,7,12.742857142857144,0,12.7,3.7,-1.7,2,0.875,0.875,0.765625,0.0,0.0,12.742857142857144,14,0.875,0,0,1,1.125,0.875,11.15,7.0,1.0,1
1,1,2,9500,1,1,99.0,1,1,3,5,10,100.0,1,0,0,1,1,0,19,0,0,7,9,7,11.975,0,0,8,9,7,13.12857142857143,0,13.9,-0.3,0.79,2,1.0,0.875,0.875,-0.125,1.1535714285714302,12.551785714285714,14,0.9333333333333333,1,0,1,1.125,0.9333333333333333,11.715,7.0,0.875,1
1,43,1,9119,1,1,146.0,1,3,1,2,3,100.0,0,0,0,1,1,0,18,0,0,5,9,4,12.25,0,0,5,11,3,11.666666666666666,0,13.9,-0.3,0.79,1,0.8,0.6,0.48,-0.20000000000000007,-0.5833333333333339,11.958333333333332,7,0.7,0,0,1,1.4,0.7,8.370833333333332,3.0,0.7999999999999999,1
1,17,1,171,1,1,129.0,1,38,37,4,6,128.0,0,0,0,0,1,0,20,0,0,0,0,0,0.0,0,0,0,0,0,0.0,0,9.4,-0.8,-3.12,0,0.0,0.0,0.0,0.0,0.0,0.0,0,0.0,0,1,2,4.0,0.0,0.0,0.0,1.0,0
1,1,2,9500,1,1,132.0,1,19,19,9,7,128.0,1,0,0,1,1,1,19,0,0,8,8,7,14.935714285714283,0,0,8,8,7,14.935714285714283,0,10.8,1.4,1.74,2,0.875,0.875,0.765625,0.0,0.0,14.935714285714283,14,0.875,0,0,0,0.125,0.875,13.068749999999998,7.0,1.0,1
1,43,3,9254,1,1,110.0,1,37,37,9,9,107.2,1,0,0,1,1,0,19,0,1,6,16,2,10.5,0,0,6,15,4,10.0,0,7.6,2.6,0.32,0,0.3333333333333333,0.6666666666666666,0.2222222222222222,0.3333333333333333,-0.5,10.25,6,0.5,0,0,1,1.3333333333333335,0.5,5.125,4.0,0.6666666666666667,1
1,1,1,9670,1,1,116.0,1,3,3,3,3,110.1,1,0,0,1,1,0,19,0,0,6,9,5,13.333333333333334,0,0,6,6,5,13.0,0,12.4,0.5,1.79,2,0.8333333333333334,0.8333333333333334,0.6944444444444445,0.0,-0.3333333333333339,13.166666666666668,10,0.8333333333333334,0,0,1,1.1666666666666665,0.8333333333333334,10.972222222222223,5.0,1.0,1
1,43,1,9003,1,1,119.0,1,37,37,9,6,119.0,0,0,1,1,1,0,23,0,0,6,6,0,0.0,0,0,6,8,0,0.0,0,15.5,2.8,-4.06,0,0.0,0.0,0.0,0.0,0.0,0.0,0,0.0,0,0,2,3.0,0.0,0.0,0.0,1.0,1
2,39,1,9773,1,1,120.0,1,37,38,9,3,155.5,0,0,0,1,1,0,47,0,0,6,12,5,13.8,0,0,6,13,4,14.0,0,12.7,3.7,-1.7,0,0.8333333333333334,0.6666666666666666,0.5555555555555556,-0.16666666666666674,0.1999999999999993,13.9,9,0.75,0,0,1,1.3333333333333335,0.75,10.425,4.0,0.8333333333333333,1
1,1,1,9070,1,1,117.0,1,1,1,3,9,118.4,0,0,0,1,1,0,19,0,0,6,6,6,11.833333333333334,0,0,6,8,4,10.75,2,16.2,0.3,-0.92,2,1.0,0.6666666666666666,0.6666666666666666,-0.33333333333333337,-1.083333333333334,11.291666666666668,10,0.8333333333333334,0,0,1,1.3333333333333335,0.8333333333333334,9.409722222222223,4.0,0.6666666666666666,1
1,1,1,171,1,1,124.0,1,3,3,2,2,119.1,1,0,0,1,1,0,18,0,0,0,0,0,0.0,0,0,0,0,0,0.0,0,16.2,0.3,-0.92,0,0.0,0.0,0.0,0.0,0.0,0.0,0,0.0,0,1,1,3.0,0.0,0.0,0.0,1.0,0
1,43,1,9147,1,1,151.0,1,1,3,1,1,111.0,0,0,0,1,1,0,28,0,0,5,9,2,10.0,0,0,5,9,0,0.0,0,15.5,2.8,-4.06,0,0.4,0.0,0.0,-0.4,-10.0,5.0,2,0.2,0,0,1,2.0,0.2,1.0,0.0,0.6,1
1,43,1,9254,1,6,138.6,1,34,34,0,0,138.6,1,0,0,1,1,0,20,0,0,6,10,4,11.5,0,0,6,11,3,11.666666666666666,0,7.6,2.6,0.32,0,0.6666666666666666,0.5,0.3333333333333333,-0.16666666666666663,0.16666666666666607,11.583333333333332,7,0.5833333333333334,0,0,1,1.5,0.5833333333333334,6.756944444444444,3.0,0.8333333333333334,1
1,17,2,9254,1,1,118.0,1,19,19,5,7,121.2,0,0,0,1,1,1,18,0,0,6,12,3,10.666666666666666,0,0,6,9,4,12.0,0,15.5,2.8,-4.06,1,0.5,0.6666666666666666,0.3333333333333333,0.16666666666666663,1.333333333333334,11.333333333333332,7,0.5833333333333334,0,0,0,0.33333333333333337,0.5833333333333334,6.611111111111111,4.0,0.8333333333333334,1
1,1,1,171,1,1,136.0,1,19,19,4,8,150.4,1,0,0,1,1,1,21,0,0,0,0,0,0.0,0,0,0,0,0,0.0,0,12.4,0.5,1.79,2,0.0,0.0,0.0,0.0,0.0,0.0,0,0.0,0,1,0,2.0,0.0,0.0,0.0,1.0,0
1,1,1,9254,1,1,123.0,1,38,19,9,4,117.8,0,0,0,1,1,0,19,0,0,6,10,4,12.75,0,0,6,12,2,13.0,0,10.8,1.4,1.74,1,0.6666666666666666,0.3333333333333333,0.2222222222222222,-0.3333333333333333,0.25,12.875,6,0.5,0,0,1,1.6666666666666667,0.5,6.4375,2.0,0.6666666666666667,1
1,39,1,9254,1,19,133.1,1,38,37,4,5,102.5,0,0,1,0,1,0,24,0,0,6,7,0,0.0,0,0,6,7,0,0.0,0,16.2,0.3,-0.92,0,0.0,0.0,0.0,0.0,0.0,0.0,0,0.0,0,0,3,4.0,0.0,0.0,0.0,1.0,1
1,39,1,9130,1,1,130.0,1,19,1,191,144,110.0,0,0,0,1,1,0,24,0,0,6,11,6,11.333333333333334,0,0,6,12,3,11.333333333333334,0,16.2,0.3,-0.92,1,1.0,0.5,0.5,-0.5,0.0,11.333333333333334,9,0.75,0,0,1,1.5,0.75,8.5,3.0,0.5,1
1,39,1,9254,1,1,150.0,1,3,1,3,4,122.3,0,0,0,1,1,0,28,0,0,6,10,6,13.0,0,0,6,8,5,12.2,0,13.9,-0.3,0.79,2,1.0,0.8333333333333334,0.8333333333333334,-0.16666666666666663,-0.8000000000000007,12.6,11,0.9166666666666666,0,0,1,1.1666666666666665,0.9166666666666666,11.549999999999999,5.0,0.8333333333333334,1
1,43,1,9119,1,1,128.0,1,1,38,4,7,100.0,0,0,0,1,1,0,19,0,0,5,8,5,12.0,0,0,5,12,2,10.5,0,13.9,-0.3,0.79,1,1.0,0.4,0.4,-0.6,-1.5,11.25,7,0.7,0,0,1,1.6,0.7,7.874999999999999,2.0,0.4,1
1,17,4,9500,1,1,133.0,1,38,37,5,7,126.4,1,0,0,1,1,1,18,0,0,7,7,7,13.462857142857144,0,0,8,8,8,13.90625,0,11.1,0.6,2.02,2,1.0,1.0,1.0,0.0,0.4433928571428556,13.684553571428573,15,1.0,1,0,0,0.0,1.0,13.684553571428573,8.0,1.0,1
1,39,1,9254,1,19,133.1,1,37,37,90,90,100.0,0,0,0,1,1,0,48,0,0,6,13,3,10.0,0,0,6,15,1,10.0,0,7.6,2.6,0.32,0,0.5,0.16666666666666666,0.08333333333333333,-0.33333333333333337,0.0,10.0,4,0.3333333333333333,0,0,1,1.8333333333333335,0.3333333333333333,3.333333333333333,1.0,0.6666666666666666,1
1,17,4,9238,1,1,129.0,1,37,37,9,8,117.1,1,0,0,1,1,0,21,0,0,6,6,6,12.333333333333334,0,0,6,7,6,13.666666666666666,0,8.9,1.4,3.51,2,1.0,1.0,1.0,0.0,1.3333333333333321,13.0,12,1.0,0,0,1,1.0,1.0,13.0,6.0,1.0,1
1,44,1,9119,1,1,130.0,1,37,12,9,8,129.4,1,0,1,0,1,0,23,0,0,5,6,0,0.0,0,0,5,7,0,0.0,0,13.9,-0.3,0.79,0,0.0,0.0,0.0,0.0,0.0,0.0,0,0.0,0,0,3,4.0,0.0,0.0,0.0,1.0,1
1,1,1,9130,1,1,141.0,1,1,1,4,10,138.9,1,0,0,1,1,0,18,0,0,5,5,5,13.6,0,0,5,6,4,13.25,1,10.8,1.4,1.74,2,1.0,0.8,0.8,-0.19999999999999996,-0.34999999999999964,13.425,9,0.9,0,0,1,1.2,0.9,12.082500000000001,4.0,0.8,1
1,39,1,9119,1,12,133.1,1,34,34,0,0,95.1,0,0,0,0,1,0,49,0,0,5,5,0,0.0,0,0,5,6,0,0.0,0,10.8,1.4,1.74,0,0.0,0.0,0.0,0.0,0.0,0.0,0,0.0,0,0,2,3.0,0.0,0.0,0.0,1.0,1
1,39,1,9991,0,1,120.0,1,19,37,5,5,128.2,0,0,0,0,1,0,31,0,0,5,5,2,11.0,0,0,5,0,0,0.0,0,12.7,3.7,-1.7,0,0.4,0.0,0.0,-0.4,-11.0,5.5,2,0.2,0,0,2,3.0,0.2,1.1,0.0,0.6,1
1,44,1,9003,1,39,130.0,1,5,3,2,2,130.0,0,0,0,1,1,0,20,0,1,7,13,3,10.666666666666666,0,0,6,14,2,11.5,0,15.5,2.8,-4.06,1,0.42857142857142855,0.3333333333333333,0.14285714285714285,-0.09523809523809523,0.8333333333333339,11.083333333333332,5,0.38461538461538464,-1,0,1,1.6666666666666667,0.38461538461538464,4.262820512820513,2.0,0.9047619047619048,1
1,7,1,9070,1,3,120.0,1,4,4,2,2,120.0,0,0,0,1,1,0,28,0,0,6,9,2,12.0,0,0,6,10,3,12.666666666666666,0,12.7,3.7,-1.7,0,0.3333333333333333,0.5,0.16666666666666666,0.16666666666666669,0.6666666666666661,12.333333333333332,5,0.4166666666666667,0,0,1,1.5,0.4166666666666667,5.138888888888888,3.0,0.8333333333333333,1
2,39,1,8014,0,19,133.1,1,37,37,9,6,107.0,0,0,0,1,1,0,41,0,1,7,7,7,12.857142857142858,0,0,6,6,6,13.166666666666666,0,12.7,3.7,-1.7,2,1.0,1.0,1.0,0.0,0.3095238095238084,13.011904761904763,13,1.0,-1,0,1,1.0,1.0,13.011904761904763,6.0,1.0,1
1,43,1,9147,1,1,123.0,1,1,1,4,4,114.4,0,0,0,1,1,0,22,0,0,5,6,0,0.0,0,0,5,8,2,11.5,0,15.5,2.8,-4.06,0,0.0,0.4,0.0,0.4,11.5,5.75,2,0.2,0,0,1,1.6,0.2,1.1500000000000001,2.0,0.6,1
1,1,1,9254,1,1,178.0,1,2,1,2,3,157.7,0,0,0,1,1,0,34,0,0,6,13,2,13.5,0,0,6,6,0,0.0,0,15.5,2.8,-4.06,0,0.3333333333333333,0.0,0.0,-0.3333333333333333,-13.5,6.75,2,0.16666666666666666,0,0,1,2.0,0.16666666666666666,1.125,0.0,0.6666666666666667,1
1,1,1,9853,1,1,110.0,1,37,37,9,4,114.3,1,0,0,1,1,0,42,0,0,6,9,5,12.4,0,0,6,10,5,11.8,0,7.6,2.6,0.32,1,0.8333333333333334,0.8333333333333334,0.6944444444444445,0.0,-0.5999999999999996,12.100000000000001,10,0.8333333333333334,0,0,1,1.1666666666666665,0.8333333333333334,10.083333333333336,5.0,1.0,1
1,18,1,9085,1,1,106.0,1,1,19,3,5,104.6,0,0,0,0,1,0,21,0,0,6,10,5,14.0,0,0,6,11,4,14.8,0,11.1,0.6,2.02,1,0.8333333333333334,0.6666666666666666,0.5555555555555556,-0.16666666666666674,0.8000000000000007,14.4,9,0.75,0,0,2,2.3333333333333335,0.75,10.8,4.0,0.8333333333333333,1
1,7,1,9003,1,3,140.0,1,39,39,9,4,140.0,0,0,0,1,1,0,50,0,2,6,8,2,13.5,0,1,6,9,1,13.0,0,15.5,2.8,-4.06,0,0.3333333333333333,0.16666666666666666,0.05555555555555555,-0.16666666666666666,-0.5,13.25,3,0.25,0,0,1,1.8333333333333335,0.25,3.3125,1.0,0.8333333333333334,1
1,1,4,9147,1,1,108.0,1,3,1,3,4,109.1,1,0,0,1,1,0,19,0,0,5,5,0,0.0,0,0,5,5,0,0.0,0,12.4,0.5,1.79,0,0.0,0.0,0.0,0.0,0.0,0.0,0,0.0,0,0,1,2.0,0.0,0.0,0.0,1.0,1
1,43,1,9500,1,1,120.0,1,3,4,2,4,120.6,0,0,0,1,1,0,18,0,0,7,12,4,12.65,0,0,7,10,3,10.666666666666666,0,16.2,0.3,-0.92,0,0.5714285714285714,0.42857142857142855,0.24489795918367344,-0.14285714285714285,-1.9833333333333343,11.658333333333333,7,0.5,0,0,1,1.5714285714285714,0.5,5.829166666666667,3.0,0.8571428571428572,1
2,39,1,9991,0,1,100.0,1,37,37,1,1,161.9,0,0,0,1,1,0,59,0,0,5,7,0,0.0,0,0,5,7,0,0.0,0,16.2,0.3,-0.92,0,0.0,0.0,0.0,0.0,0.0,0.0,0,0.0,0,0,1,2.0,0.0,0.0,0.0,1.0,1
2,7,1,9991,0,3,140.0,1,34,34,99,99,140.0,1,0,0,0,1,0,33,0,0,5,5,0,0.0,0,0,5,5,0,0.0,0,7.6,2.6,0.32,0,0.0,0.0,0.0,0.0,0.0,0.0,0,0.0,0,0,2,3.0,0.0,0.0,0.0,1.0,1
1,17,2,9070,1,1,133.1,1,37,38,9,10,178.0,1,0,0,1,1,1,23,0,0,6,8,6,13.333333333333334,0,0,6,7,5,12.8,0,9.4,-0.8,-3.12,2,1.0,0.8333333333333334,0.8333333333333334,-0.16666666666666663,-0.5333333333333332,13.066666666666666,11,0.9166666666666666,0,0,0,0.16666666666666663,0.9166666666666666,11.977777777777778,5.0,0.8333333333333334,1
2,1,4,8014,0,1,140.0,1,34,34,0,0,128.0,1,0,0,1,1,0,37,0,0,6,0,0,0.0,0,0,6,0,0,0.0,0,9.4,-0.8,-3.12,0,0.0,0.0,0.0,0.0,0.0,0.0,0,0.0,0,0,1,2.0,0.0,0.0,0.0,1.0,1
2,39,1,171,1,19,100.0,1,37,37,9,9,139.0,0,0,0,1,1,0,36,0,0,0,0,0,0.0,0,0,0,0,0,0.0,0,10.8,1.4,1.74,0,0.0,0.0,0.0,0.0,0.0,0.0,0,0.0,0,1,1,3.0,0.0,0.0,0.0,1.0,0
1,1,2,9991,0,1,123.0,1,1,3,4,2,113.2,0,0,0,0,1,0,22,0,0,5,7,3,11.666666666666666,0,0,5,8,2,10.5,2,7.6,2.6,0.32,0,0.6,0.4,0.24,-0.19999999999999996,-1.166666666666666,11.083333333333332,5,0.5,0,0,2,2.6,0.5,5.541666666666666,2.0,0.8,1
2,39,1,8014,0,19,133.1,1,37,37,6,6,139.0,0,0,0,1,1,0,49,0,0,6,8,6,12.166666666666666,0,0,6,8,6,14.428571428571429,0,12.4,0.5,1.79,2,1.0,1.0,1.0,0.0,2.2619047619047628,13.297619047619047,12,1.0,0,0,1,1.0,1.0,13.297619047619047,6.0,1.0,1
1,51,1,9773,1,1,135.0,1,1,42,5,3,110.0,1,0,0,1,1,0,23,0,0,6,7,6,13.333333333333334,0,0,6,6,4,12.75,0,11.1,0.6,2.02,2,1.0,0.6666666666666666,0.6666666666666666,-0.33333333333333337,-0.5833333333333339,13.041666666666668,10,0.8333333333333334,0,0,1,1.3333333333333335,0.8333333333333334,10.868055555555557,4.0,0.6666666666666666,1
1,1,1,9070,1,1,132.0,1,1,1,4,9,136.6,1,0,0,1,1,0,19,0,0,6,7,5,11.4,0,0,6,10,3,11.0,3,7.6,2.6,0.32,1,0.8333333333333334,0.5,0.4166666666666667,-0.33333333333333337,-0.40000000000000036,11.2,8,0.6666666666666666,0,0,1,1.5,0.6666666666666666,7.466666666666666,3.0,0.6666666666666666,1
2,43,1,8014,0,1,120.0,1,37,37,5,5,161.1,0,0,0,1,1,0,47,0,0,6,9,6,12.142857142857142,0,0,6,6,0,0.0,0,16.2,0.3,-0.92,0,1.0,0.0,0.0,-1.0,-12.142857142857142,6.071428571428571,6,0.5,0,0,1,2.0,0.5,3.0357142857142856,0.0,0.0,1
1,43,1,9003,1,1,130.0,1,1,2,4,2,130.0,0,0,0,1,1,0,28,0,9,18,36,17,13.058823529411764,1,6,12,15,12,12.307692307692308,0,15.5,2.8,-4.06,2,0.9444444444444444,1.0,0.9444444444444444,0.05555555555555558,-0.7511312217194561,12.683257918552037,29,0.9666666666666667,-6,0,1,1.0,0.9666666666666667,12.260482654600303,12.0,0.9444444444444444,1
1,44,1,9003,1,39,140.0,1,1,38,9,6,140.0,0,0,0,1,1,0,21,0,0,6,13,4,11.75,0,0,6,15,4,10.5,0,15.5,2.8,-4.06,1,0.6666666666666666,0.6666666666666666,0.4444444444444444,0.0,-1.25,11.125,8,0.6666666666666666,0,0,1,1.3333333333333335,0.6666666666666666,7.416666666666666,4.0,1.0,1
1,1,1,9254,1,1,133.1,1,38,1,9,9,121.0,0,0,1,0,1,0,21,0,0,6,9,5,11.833333333333334,0,0,6,8,5,10.0,0,8.9,1.4,3.51,0,0.8333333333333334,0.8333333333333334,0.6944444444444445,0.0,-1.833333333333334,10.916666666666668,10,0.8333333333333334,0,0,3,3.1666666666666665,0.8333333333333334,9.097222222222223,5.0,1.0,1
1,43,1,9238,1,39,120.0,1,2,1,1,2,118.6,0,0,0,1,1,0,21,0,9,11,14,10,12.4,0,6,10,13,10,11.8,0,13.9,-0.3,0.79,2,0.9090909090909091,1.0,0.9090909090909091,0.09090909090909094,-0.5999999999999996,12.100000000000001,20,0.9523809523809523,-1,0,1,1.0,0.9523809523809523,11.523809523809524,10.0,0.9090909090909091,1
2,42,1,9147,1,1,133.1,1,37,37,9,9,115.8,0,0,0,0,1,0,49,0,0,5,5,0,0.0,0,0,5,9,0,0.0,0,10.8,1.4,1.74,0,0.0,0.0,0.0,0.0,0.0,0.0,0,0.0,0,0,2,3.0,0.0,0.0,0.0,1.0,1
1,39,1,9991,0,1,120.0,1,19,37,6,8,160.0,0,0,0,1,1,0,40,0,0,5,5,5,11.0,0,0,5,5,5,13.4,0,15.5,2.8,-4.06,2,1.0,1.0,1.0,0.0,2.4000000000000004,12.2,10,1.0,0,0,1,1.0,1.0,12.2,5.0,1.0,1
1,17,1,9254,1,1,125.0,1,1,1,3,3,114.5,0,0,0,1,1,1,22,0,0,6,8,6,13.625,0,0,6,8,6,14.428571428571429,0,11.1,0.6,2.02,2,1.0,1.0,1.0,0.0,0.8035714285714288,14.026785714285715,12,1.0,0,0,0,0.0,1.0,14.026785714285715,6.0,1.0,1
1,42,1,9119,1,1,136.0,1,1,37,5,5,117.5,0,0,0,1,1,0,19,0,2,5,6,4,11.8,0,0,5,7,2,11.5,0,15.5,2.8,-4.06,1,0.8,0.4,0.32000000000000006,-0.4,-0.3000000000000007,11.65,6,0.6,0,0,1,1.6,0.6,6.99,2.0,0.6,1
1,39,1,9991,0,1,133.1,1,3,38,2,7,121.7,0,0,0,1,1,0,31,0,0,5,5,0,0.0,0,0,5,7,0,0.0,0,13.9,-0.3,0.79,0,0.0,0.0,0.0,0.0,0.0,0.0,0,0.0,0,0,1,2.0,0.0,0.0,0.0,1.0,1
1,42,1,9119,1,1,120.0,1,5,5,2,2,115.0,0,0,0,1,1,0,30,0,1,6,9,2,15.0,0,1,6,7,2,13.5,0,15.5,2.8,-4.06,0,0.3333333333333333,0.3333333333333333,0.1111111111111111,0.0,-1.5,14.25,4,0.3333333333333333,0,0,1,1.6666666666666667,0.3333333333333333,4.75,2.0,1.0,1
1,1,1,9238,1,1,127.0,1,37,37,5,10,125.3,0,0,0,1,1,0,19,0,0,6,9,5,10.8,0,0,6,11,5,11.0,0,7.6,2.6,0.32,2,0.8333333333333334,0.8333333333333334,0.6944444444444445,0.0,0.1999999999999993,10.9,10,0.8333333333333334,0,0,1,1.1666666666666665,0.8333333333333334,9.083333333333334,5.0,1.0,1
1,18,1,9147,1,1,131.0,1,34,34,90,90,131.0,0,0,0,1,1,0,22,0,0,5,11,3,13.666666666666666,0,0,5,10,3,11.333333333333334,0,9.4,-0.8,-3.12,0,0.6,0.6,0.36,0.0,-2.333333333333332,12.5,6,0.6,0,0,1,1.4,0.6,7.5,3.0,1.0,1
1,1,1,9773,1,1,127.0,1,19,37,9,9,126.3,0,0,0,1,1,0,19,0,0,6,8,6,12.833333333333334,0,0,6,8,6,13.333333333333334,0,15.5,2.8,-4.06,2,1.0,1.0,1.0,0.0,0.5,13.083333333333334,12,1.0,0,0,1,1.0,1.0,13.083333333333334,6.0,1.0,1
1,17,1,171,1,1,132.0,1,1,37,4,9,127.1,0,0,0,0,1,0,21,0,0,0,0,0,0.0,0,0,0,0,0,0.0,0,7.6,2.6,0.32,0,0.0,0.0,0.0,0.0,0.0,0.0,0,0.0,0,1,2,4.0,0.0,0.0,0.0,1.0,0
1,17,3,9670,1,1,137.0,1,1,38,4,7,138.4,0,0,0,1,1,0,19,0,0,6,8,6,15.125,0,0,6,7,6,13.428571428571429,0,11.1,0.6,2.02,2,1.0,1.0,1.0,0.0,-1.6964285714285712,14.276785714285715,12,1.0,0,0,1,1.0,1.0,14.276785714285715,6.0,1.0,1
1,43,2,9147,1,1,126.0,1,1,19,3,3,100.0,1,0,0,1,1,0,22,0,0,5,11,0,0.0,0,0,5,7,1,10.0,1,16.2,0.3,-0.92,0,0.0,0.2,0.0,0.2,10.0,5.0,1,0.1,0,0,1,1.8,0.1,0.5,1.0,0.8,1
1,1,1,9238,1,1,136.0,1,4,5,2,2,126.2,0,0,0,1,1,0,22,0,0,6,10,5,11.4,0,0,6,8,5,11.0,0,10.8,1.4,1.74,2,0.8333333333333334,0.8333333333333334,0.6944444444444445,0.0,-0.40000000000000036,11.2,10,0.8333333333333334,0,0,1,1.1666666666666665,0.8333333333333334,9.333333333333334,5.0,1.0,1
1,1,1,9238,1,1,124.0,1,1,1,4,4,118.8,0,0,0,1,1,0,19,0,0,6,12,4,12.25,0,0,6,9,6,11.0,0,9.4,-0.8,-3.12,2,0.6666666666666666,1.0,0.6666666666666666,0.33333333333333337,-1.25,11.625,10,0.8333333333333334,0,0,1,1.0,0.8333333333333334,9.6875,6.0,0.6666666666666666,1
1,39,1,9254,1,39,137.0,1,1,1,5,10,124.5,0,0,0,0,1,0,26,0,0,6,0,0,0.0,0,0,6,0,0,0.0,0,16.2,0.3,-0.92,0,0.0,0.0,0.0,0.0,0.0,0.0,0,0.0,0,0,2,3.0,0.0,0.0,0.0,1.0,1
1,17,1,9070,1,1,131.0,1,19,19,7,7,125.1,0,0,0,1,1,0,18,0,0,6,7,6,12.333333333333334,0,0,6,10,5,10.8,4,16.2,0.3,-0.92,1,1.0,0.8333333333333334,0.8333333333333334,-0.16666666666666663,-1.5333333333333332,11.566666666666666,11,0.9166666666666666,0,0,1,1.1666666666666665,0.9166666666666666,10.602777777777778,5.0,0.8333333333333334,1
1,1,1,9147,1,1,130.0,1,37,37,9,9,118.8,0,0,1,1,1,1,22,0,0,5,8,5,10.666666666666666,0,0,5,11,2,11.0,0,15.5,2.8,-4.06,1,1.0,0.4,0.4,-0.6,0.3333333333333339,10.833333333333332,7,0.7,0,0,1,1.6,0.7,7.583333333333332,2.0,0.4,1
1,17,1,9147,1,1,133.1,1,1,19,4,8,95.0,0,0,0,1,1,0,20,0,0,5,14,0,0.0,0,0,5,5,0,0.0,0,11.1,0.6,2.02,0,0.0,0.0,0.0,0.0,0.0,0.0,0,0.0,0,0,1,2.0,0.0,0.0,0.0,1.0,1
1,7,1,9130,1,3,140.0,1,2,38,2,3,140.0,1,0,0,0,1,0,18,0,2,5,7,2,13.0,0,0,5,5,0,0.0,0,12.7,3.7,-1.7,0,0.4,0.0,0.0,-0.4,-13.0,6.5,2,0.2,0,0,2,3.0,0.2,1.3,0.0,0.6,1
4,43,2,9991,0,38,133.1,1,3,1,2,9,125.4,0,0,0,1,1,0,39,0,0,2,5,0,0.0,0,0,4,4,0,0.0,0,10.8,1.4,1.74,0,0.0,0.0,0.0,0.0,0.0,0.0,0,0.0,2,0,1,2.0,0.0,0.0,0.0,1.0,1
1,1,1,9500,1,1,141.0,1,19,1,90,90,128.0,0,0,0,1,1,0,18,0,0,8,8,0,0.0,3,0,8,8,0,0.0,3,10.8,1.4,1.74,0,0.0,0.0,0.0,0.0,0.0,0.0,0,0.0,0,0,1,2.0,0.0,0.0,0.0,1.0,1
1,17,3,9119,1,1,130.0,1,1,38,3,3,129.3,0,0,0,1,1,1,18,0,0,5,5,5,13.0,0,0,5,5,5,14.2,0,8.9,1.4,3.51,2,1.0,1.0,1.0,0.0,1.1999999999999993,13.6,10,1.0,0,0,0,0.0,1.0,13.6,5.0,1.0,1
1,1,1,9238,1,1,160.0,1,19,38,9,9,152.0,0,0,0,1,1,1,19,0,0,6,7,6,13.857142857142858,0,0,6,6,6,14.0,0,13.9,-0.3,0.79,2,1.0,1.0,1.0,0.0,0.14285714285714235,13.928571428571429,12,1.0,0,0,0,0.0,1.0,13.928571428571429,6.0,1.0,1
1,1,1,9500,1,1,140.0,1,1,19,9,9,128.8,0,0,0,1,1,0,18,0,0,7,7,6,13.391666666666666,0,0,8,8,8,12.4875,0,12.4,0.5,1.79,2,0.8571428571428571,1.0,0.8571428571428571,0.1428571428571429,-0.904166666666665,12.939583333333333,14,0.9333333333333333,1,0,1,1.0,0.9333333333333333,12.076944444444445,8.0,0.8571428571428571,1
1,1,1,9147,1,1,150.0,1,34,19,0,4,152.8,1,0,0,1,1,1,18,0,0,5,7,4,12.75,0,0,5,5,0,0.0,0,7.6,2.6,0.32,0,0.8,0.0,0.0,-0.8,-12.75,6.375,4,0.4,0,0,0,1.0,0.4,2.5500000000000003,0.0,0.19999999999999996,1
1,44,1,9130,1,39,150.0,1,37,37,6,6,150.0,1,0,0,1,1,0,22,0,0,5,7,4,14.5,0,0,5,5,5,14.6,0,10.8,1.4,1.74,2,0.8,1.0,0.8,0.19999999999999996,0.09999999999999964,14.55,9,0.9,0,0,1,1.0,0.9,13.095,5.0,0.8,1
1,1,1,9238,1,1,133.1,1,1,1,3,4,112.0,0,0,0,1,1,0,19,0,0,6,7,6,12.166666666666666,0,0,6,6,6,12.166666666666666,0,12.4,0.5,1.79,2,1.0,1.0,1.0,0.0,0.0,12.166666666666666,12,1.0,0,0,1,1.0,1.0,12.166666666666666,6.0,1.0,1
1,39,1,9119,1,19,133.1,1,1,1,4,3,134.4,0,0,1,0,1,0,31,0,0,5,9,2,13.333333333333334,0,0,5,9,2,16.0,4,16.2,0.3,-0.92,0,0.4,0.4,0.16000000000000003,0.0,2.666666666666666,14.666666666666668,4,0.4,0,0,3,3.6,0.4,5.866666666666667,2.0,1.0,1
1,39,1,9991,0,1,130.0,1,3,1,3,3,120.5,0,0,0,1,1,0,28,0,0,5,5,0,0.0,0,0,5,5,0,0.0,0,12.7,3.7,-1.7,0,0.0,0.0,0.0,0.0,0.0,0.0,0,0.0,0,0,1,2.0,0.0,0.0,0.0,1.0,1
1,1,1,9070,1,1,148.0,1,1,1,4,8,141.4,0,0,0,1,1,0,19,0,0,6,0,0,0.0,0,0,6,0,0,0.0,0,15.5,2.8,-4.06,0,0.0,0.0,0.0,0.0,0.0,0.0,0,0.0,0,0,1,2.0,0.0,0.0,0.0,1.0,1
1,17,1,9254,1,1,148.0,1,1,1,4,8,145.2,0,0,0,1,1,0,20,0,0,6,7,6,13.714285714285714,0,0,6,8,6,14.714285714285714,0,16.2,0.3,-0.92,2,1.0,1.0,1.0,0.0,1.0,14.214285714285714,12,1.0,0,0,1,1.0,1.0,14.214285714285714,6.0,1.0,1
4,39,1,9238,1,1,130.0,1,19,3,9,2,140.0,0,0,0,1,1,0,50,0,0,6,7,4,12.25,0,0,6,7,0,0.0,0,8.9,1.4,3.51,0,0.6666666666666666,0.0,0.0,-0.6666666666666666,-12.25,6.125,4,0.3333333333333333,0,0,1,2.0,0.3333333333333333,2.0416666666666665,0.0,0.33333333333333337,1
2,39,1,9991,0,1,130.0,1,37,37,9,9,140.0,1,0,0,1,1,0,31,0,0,5,8,1,11.0,0,0,5,5,1,13.0,0,9.4,-0.8,-3.12,0,0.2,0.2,0.04000000000000001,0.0,2.0,12.0,2,0.2,0,0,1,1.8,0.2,2.4000000000000004,1.0,1.0,1
1,18,1,9238,1,1,122.0,1,1,3,9,2,112.6,1,0,0,1,1,0,21,0,0,6,9,6,10.166666666666666,0,0,6,10,6,10.5,0,12.7,3.7,-1.7,2,1.0,1.0,1.0,0.0,0.3333333333333339,10.333333333333332,12,1.0,0,0,1,1.0,1.0,10.333333333333332,6.0,1.0,1
2,39,1,9119,1,1,110.0,1,37,37,9,9,106.8,0,0,0,1,1,0,34,0,0,5,8,1,10.0,0,0,5,9,0,0.0,0,8.9,1.4,3.51,0,0.2,0.0,0.0,-0.2,-10.0,5.0,1,0.1,0,0,1,2.0,0.1,0.5,0.0,0.8,1
1,51,1,9119,1,1,129.0,1,2,37,2,9,121.6,1,0,0,1,1,0,19,0,0,5,10,0,0.0,0,0,5,7,1,10.0,0,7.6,2.6,0.32,1,0.0,0.2,0.0,0.2,10.0,5.0,1,0.1,0,0,1,1.8,0.1,0.5,1.0,0.8,1
2,39,1,9991,0,1,110.0,1,37,37,1,4,120.0,1,0,0,0,1,0,40,0,0,5,10,2,10.5,0,0,5,5,3,10.666666666666666,0,9.4,-0.8,-3.12,0,0.4,0.6,0.24,0.19999999999999996,0.16666666666666607,10.583333333333332,5,0.5,0,0,2,2.4,0.5,5.291666666666666,3.0,0.8,1
1,1,1,171,1,1,170.0,1,38,19,9,2,160.6,1,0,0,1,1,1,18,0,0,0,0,0,0.0,0,0,0,0,0,0.0,0,12.7,3.7,-1.7,2,0.0,0.0,0.0,0.0,0.0,0.0,0,0.0,0,1,0,2.0,0.0,0.0,0.0,1.0,0
2,39,1,9070,1,12,110.0,1,37,38,5,10,130.0,0,0,1,0,1,1,46,0,0,6,6,0,0.0,0,0,6,6,0,0.0,0,15.5,2.8,-4.06,0,0.0,0.0,0.0,0.0,0.0,0.0,0,0.0,0,0,2,3.0,0.0,0.0,0.0,1.0,1
1,43,5,8014,0,1,110.0,1,34,34,0,0,110.0,0,0,0,1,1,0,37,0,0,6,12,0,0.0,0,0,5,10,0,0.0,0,7.6,2.6,0.32,0,0.0,0.0,0.0,0.0,0.0,0.0,0,0.0,-1,0,1,2.0,0.0,0.0,0.0,1.0,1
1,39,1,9003,1,1,133.1,1,19,37,9,7,110.0,1,0,0,1,1,0,31,0,0,6,8,0,0.0,0,0,6,10,0,0.0,0,16.2,0.3,-0.92,0,0.0,0.0,0.0,0.0,0.0,0.0,0,0.0,0,0,1,2.0,0.0,0.0,0.0,1.0,1
1,39,1,9003,1,1,133.1,1,1,19,4,10,145.8,0,0,0,1,1,0,34,0,0,6,15,5,13.333333333333334,0,0,6,15,5,12.4,0,12.4,0.5,1.79,2,0.8333333333333334,0.8333333333333334,0.6944444444444445,0.0,-0.9333333333333336,12.866666666666667,10,0.8333333333333334,0,0,1,1.1666666666666665,0.8333333333333334,10.722222222222223,5.0,1.0,1
1,1,1,9670,1,1,137.0,1,38,37,9,9,122.3,0,0,0,1,1,1,18,0,0,6,7,6,13.571428571428571,0,0,6,6,6,14.333333333333334,0,12.4,0.5,1.79,2,1.0,1.0,1.0,0.0,0.7619047619047628,13.952380952380953,12,1.0,0,0,0,0.0,1.0,13.952380952380953,6.0,1.0,1
1,17,4,9070,1,1,117.0,1,1,1,3,3,125.4,1,0,0,1,1,1,19,0,0,6,6,6,12.833333333333334,0,0,6,7,6,11.166666666666666,0,11.1,0.6,2.02,2,1.0,1.0,1.0,0.0,-1.6666666666666679,12.0,12,1.0,0,0,0,0.0,1.0,12.0,6.0,1.0,1
1,39,1,9130,1,1,120.0,1,1,38,9,9,150.0,0,0,0,1,1,0,25,0,0,6,6,0,0.0,0,0,6,6,0,0.0,0,12.4,0.5,1.79,0,0.0,0.0,0.0,0.0,0.0,0.0,0,0.0,0,0,1,2.0,0.0,0.0,0.0,1.0,1
1,17,5,9119,1,1,126.0,1,38,38,5,9,116.9,1,0,1,1,1,0,20,0,0,5,5,4,14.5,0,0,6,8,3,13.333333333333334,0,11.1,0.6,2.02,0,0.8,0.5,0.4,-0.30000000000000004,-1.166666666666666,13.916666666666668,7,0.6363636363636364,1,0,2,2.5,0.6363636363636364,8.856060606060607,3.0,0.7,1
1,39,1,9003,1,1,111.0,1,37,37,9,10,95.8,1,0,0,0,1,0,43,0,0,6,0,0,0.0,0,0,6,0,0,0.0,0,15.5,2.8,-4.06,0,0.0,0.0,0.0,0.0,0.0,0.0,0,0.0,0,0,2,3.0,0.0,0.0,0.0,1.0,1
1,17,4,9119,1,1,139.0,1,37,19,9,4,133.1,1,0,0,1,1,0,18,0,0,5,8,4,12.5,0,0,5,7,3,14.666666666666666,1,7.6,2.6,0.32,1,0.8,0.6,0.48,-0.20000000000000007,2.166666666666666,13.583333333333332,7,0.7,0,0,1,1.4,0.7,9.508333333333331,3.0,0.7999999999999999,1
1,43,1,9003,1,1,150.0,1,2,4,4,1,150.0,0,0,0,1,1,0,35,0,16,18,22,18,11.666666666666666,0,12,13,13,12,11.5,1,15.5,2.8,-4.06,2,1.0,0.9230769230769231,0.9230769230769231,-0.07692307692307687,-0.16666666666666607,11.583333333333332,30,0.967741935483871,-5,0,1,1.0769230769230769,0.967741935483871,11.209677419354838,12.0,0.9230769230769231,1
1,17,2,9991,0,1,116.0,1,37,19,9,4,118.5,0,0,0,1,1,0,23,0,0,5,6,4,13.0,0,0,5,5,5,13.0,0,7.6,2.6,0.32,2,0.8,1.0,0.8,0.19999999999999996,0.0,13.0,9,0.9,0,0,1,1.0,0.9,11.700000000000001,5.0,0.8,1
1,17,1,9500,1,1,130.0,1,3,3,2,2,131.1,0,0,0,1,1,0,19,0,0,7,8,7,12.12142857142857,0,0,9,12,8,11.50625,0,12.4,0.5,1.79,2,1.0,0.8888888888888888,0.8888888888888888,-0.11111111111111116,-0.6151785714285705,11.813839285714284,15,0.9375,2,0,1,1.1111111111111112,0.9375,11.07547433035714,8.0,0.8888888888888888,1
1,53,1,9085,1,42,150.0,1,1,19,3,8,150.3,1,0,0,1,1,1,21,0,7,11,15,9,14.22222222222222,0,4,9,15,7,13.75,0,8.9,1.4,3.51,2,0.8181818181818182,0.7777777777777778,0.6363636363636365,-0.04040404040404044,-0.47222222222221966,13.98611111111111,16,0.8,-2,0,0,0.2222222222222222,0.8,11.18888888888889,7.0,0.9595959595959596,1
1,18,1,9119,1,1,108.0,1,1,1,4,3,105.6,1,0,0,1,1,0,20,0,0,5,7,5,12.166666666666666,0,0,5,7,5,15.285714285714286,0,12.4,0.5,1.79,2,1.0,1.0,1.0,0.0,3.1190476190476204,13.726190476190476,10,1.0,0,0,1,1.0,1.0,13.726190476190476,5.0,1.0,1
1,39,1,9670,1,1,133.1,1,19,19,3,3,125.3,0,1,0,1,1,1,30,0,0,6,0,0,0.0,0,0,6,0,0,0.0,0,12.4,0.5,1.79,0,0.0,0.0,0.0,0.0,0.0,0.0,0,0.0,0,0,0,1.0,0.0,0.0,0.0,1.0,1
4,39,1,9254,1,1,120.0,1,37,19,9,9,131.0,1,0,0,1,1,0,44,0,0,6,6,6,12.666666666666666,0,0,6,6,6,11.5,0,12.4,0.5,1.79,2,1.0,1.0,1.0,0.0,-1.166666666666666,12.083333333333332,12,1.0,0,0,1,1.0,1.0,12.083333333333332,6.0,1.0,1
1,18,1,9500,1,1,146.0,1,19,3,4,9,127.0,0,0,0,1,1,0,19,0,0,8,8,7,13.614285714285714,0,0,8,8,7,13.614285714285714,0,12.7,3.7,-1.7,2,0.875,0.875,0.765625,0.0,0.0,13.614285714285714,14,0.875,0,0,1,1.125,0.875,11.9125,7.0,1.0,1
1,44,1,9130,1,39,150.0,1,2,1,3,6,150.0,1,0,0,1,1,0,22,0,11,18,32,12,12.857142857142858,1,8,12,15,10,14.3,0,16.2,0.3,-0.92,2,0.6666666666666666,0.8333333333333334,0.5555555555555556,0.16666666666666674,1.442857142857143,13.57857142857143,22,0.7333333333333333,-6,0,1,1.1666666666666665,0.7333333333333333,9.957619047619048,10.0,0.8333333333333333,1
1,1,1,9130,1,1,160.0,1,3,3,1,2,149.2,0,0,0,1,1,0,18,0,0,5,7,4,14.0,0,0,5,5,5,14.2,0,7.6,2.6,0.32,2,0.8,1.0,0.8,0.19999999999999996,0.1999999999999993,14.1,9,0.9,0,0,1,1.0,0.9,12.69,5.0,0.8,1
1,17,1,9670,1,1,125.0,1,37,37,9,9,121.5,1,0,0,1,1,1,21,0,0,6,8,4,14.75,0,0,6,6,5,11.8,0,12.7,3.7,-1.7,2,0.6666666666666666,0.8333333333333334,0.5555555555555556,0.16666666666666674,-2.9499999999999993,13.275,9,0.75,0,0,0,0.16666666666666663,0.75,9.95625,5.0,0.8333333333333333,1
1,1,2,9085,1,1,125.0,1,37,19,90,90,137.3,0,0,0,1,1,0,18,0,0,6,0,0,0.0,0,0,6,0,0,0.0,0,7.6,2.6,0.32,0,0.0,0.0,0.0,0.0,0.0,0.0,0,0.0,0,0,1,2.0,0.0,0.0,0.0,1.0,1
1,17,4,9670,1,1,122.0,1,3,1,2,3,119.6,1,0,0,1,1,0,18,0,0,6,8,6,13.625,0,0,6,7,6,14.285714285714286,0,11.1,0.6,2.02,2,1.0,1.0,1.0,0.0,0.6607142857142865,13.955357142857142,12,1.0,0,0,1,1.0,1.0,13.955357142857142,6.0,1.0,1
1,1,1,171,1,1,138.0,1,1,1,4,3,141.5,0,0,0,1,1,0,19,0,0,0,0,0,0.0,0,0,0,0,0,0.0,0,7.6,2.6,0.32,2,0.0,0.0,0.0,0.0,0.0,0.0,0,0.0,0,1,1,3.0,0.0,0.0,0.0,1.0,0
1,39,1,9003,1,1,140.0,1,3,3,2,2,110.0,0,0,0,1,1,0,31,0,0,6,8,6,15.125,0,0,6,10,6,14.6,0,16.2,0.3,-0.92,2,1.0,1.0,1.0,0.0,-0.5250000000000004,14.8625,12,1.0,0,0,1,1.0,1.0,14.8625,6.0,1.0,1
1,39,1,9119,1,1,139.0,1,19,19,9,7,110.3,0,0,1,1,1,0,24,0,0,5,12,1,10.0,0,0,5,11,1,11.0,0,8.9,1.4,3.51,1,0.2,0.2,0.04000000000000001,0.0,1.0,10.5,2,0.2,0,0,2,2.8,0.2,2.1,1.0,1.0,1
1,42,1,9773,1,1,133.1,1,19,6,4,3,120.0,0,0,0,1,1,0,27,0,0,4,8,0,0.0,0,0,5,10,0,0.0,0,9.4,-0.8,-3.12,0,0.0,0.0,0.0,0.0,0.0,0.0,0,0.0,1,0,1,2.0,0.0,0.0,0.0,1.0,1
1,1,5,9147,1,1,118.0,1,19,19,9,9,114.2,1,0,0,1,1,0,20,0,0,5,9,3,10.333333333333334,0,0,5,6,5,12.8,0,12.4,0.5,1.79,2,0.6,1.0,0.6,0.4,2.466666666666667,11.566666666666666,8,0.8,0,0,1,1.0,0.8,9.253333333333334,5.0,0.6,1
1,44,1,9119,1,39,140.0,1,1,19,4,5,140.0,1,0,0,1,1,0,22,0,0,5,9,0,0.0,0,0,5,6,2,11.666666666666666,0,10.8,1.4,1.74,1,0.0,0.4,0.0,0.4,11.666666666666666,5.833333333333333,2,0.2,0,0,1,1.6,0.2,1.1666666666666667,2.0,0.6,1
1,1,1,9003,1,1,144.0,1,19,19,9,9,132.8,0,0,0,1,1,1,19,0,0,6,9,4,12.0,2,0,6,10,4,12.5,0,15.5,2.8,-4.06,1,0.6666666666666666,0.6666666666666666,0.4444444444444444,0.0,0.5,12.25,8,0.6666666666666666,0,0,0,0.33333333333333337,0.6666666666666666,8.166666666666666,4.0,1.0,1
1,18,1,9773,1,1,125.0,1,1,1,4,7,121.5,1,0,0,1,1,0,19,0,0,6,6,6,13.833333333333334,0,0,6,6,6,14.5,0,8.9,1.4,3.51,2,1.0,1.0,1.0,0.0,0.6666666666666661,14.166666666666668,12,1.0,0,0,1,1.0,1.0,14.166666666666668,6.0,1.0,1
1,17,1,9130,1,1,131.0,1,12,12,2,8,128.2,1,0,0,1,1,0,18,0,0,6,7,6,14.0,0,0,6,8,6,13.666666666666666,0,12.4,0.5,1.79,2,1.0,1.0,1.0,0.0,-0.3333333333333339,13.833333333333332,12,1.0,0,0,1,1.0,1.0,13.833333333333332,6.0,1.0,1
1,1,5,171,1,1,139.0,1,19,3,9,2,136.9,1,0,0,1,1,1,19,0,0,0,0,0,0.0,0,0,0,0,0,0.0,0,9.4,-0.8,-3.12,2,0.0,0.0,0.0,0.0,0.0,0.0,0,0.0,0,1,0,2.0,0.0,0.0,0.0,1.0,0
1,1,1,9670,1,1,95.0,1,37,37,5,8,95.0,0,0,0,0,1,0,21,0,0,6,9,4,13.25,0,0,6,6,5,11.0,0,12.7,3.7,-1.7,0,0.6666666666666666,0.8333333333333334,0.5555555555555556,0.16666666666666674,-2.25,12.125,9,0.75,0,0,2,2.1666666666666665,0.75,9.09375,5.0,0.8333333333333333,1
1,39,1,9147,1,1,150.0,1,37,1,7,3,148.8,0,0,0,1,1,1,25,0,0,5,7,4,14.25,0,0,5,7,4,14.75,0,12.7,3.7,-1.7,2,0.8,0.8,0.6400000000000001,0.0,0.5,14.5,8,0.8,0,0,0,0.19999999999999996,0.8,11.600000000000001,4.0,1.0,1
1,39,1,9147,1,1,120.0,1,37,37,9,9,110.0,0,0,0,0,1,0,32,0,0,5,9,0,0.0,1,0,5,5,0,0.0,0,9.4,-0.8,-3.12,0,0.0,0.0,0.0,0.0,0.0,0.0,0,0.0,0,0,2,3.0,0.0,0.0,0.0,1.0,1
1,43,1,9991,0,1,136.0,1,3,4,2,2,133.9,0,0,0,0,1,0,26,0,8,12,12,8,11.25,0,3,8,8,3,11.333333333333334,0,7.6,2.6,0.32,0,0.6666666666666666,0.375,0.25,-0.29166666666666663,0.08333333333333393,11.291666666666668,11,0.55,-4,0,2,2.625,0.55,6.210416666666668,3.0,0.7083333333333334,1
1,1,1,9130,1,1,133.0,1,2,37,9,7,125.7,1,0,0,1,1,1,18,0,0,6,7,6,13.5,0,0,6,8,6,12.5,0,12.4,0.5,1.79,2,1.0,1.0,1.0,0.0,-1.0,13.0,12,1.0,0,0,0,0.0,1.0,13.0,6.0,1.0,1
1,17,1,9254,1,1,125.0,1,1,19,4,7,116.6,0,0,0,1,1,1,19,0,0,6,8,5,12.666666666666666,0,0,6,10,6,12.857142857142858,0,16.2,0.3,-0.92,2,0.8333333333333334,1.0,0.8333333333333334,0.16666666666666663,0.19047619047619158,12.761904761904763,11,0.9166666666666666,0,0,0,0.0,0.9166666666666666,11.6984126984127,6.0,0.8333333333333334,1
1,1,3,9070,1,1,127.0,1,19,38,5,7,141.0,1,0,0,1,1,1,19,0,0,6,6,6,15.166666666666666,0,0,6,6,6,12.333333333333334,0,12.4,0.5,1.79,2,1.0,1.0,1.0,0.0,-2.833333333333332,13.75,12,1.0,0,0,0,0.0,1.0,13.75,6.0,1.0,1
1,53,1,9003,1,1,130.0,1,19,1,9,9,130.0,0,0,1,1,1,0,21,0,7,12,20,10,11.8,0,5,12,15,9,11.444444444444445,0,8.9,1.4,3.51,1,0.8333333333333334,0.75,0.625,-0.08333333333333337,-0.35555555555555607,11.622222222222224,19,0.7916666666666666,0,0,2,2.25,0.7916666666666666,9.200925925925926,9.0,0.9166666666666666,1
1,44,1,9070,1,39,140.0,1,19,38,4,0,140.0,1,0,0,1,1,0,21,0,0,6,6,6,14.5,0,0,6,8,6,11.333333333333334,0,12.4,0.5,1.79,2,1.0,1.0,1.0,0.0,-3.166666666666666,12.916666666666668,12,1.0,0,0,1,1.0,1.0,12.916666666666668,6.0,1.0,1
1,1,5,9773,1,1,125.0,1,37,3,5,2,126.1,1,0,0,1,1,0,22,0,0,6,10,5,13.4,0,0,6,12,3,10.666666666666666,0,9.4,-0.8,-3.12,1,0.8333333333333334,0.5,0.4166666666666667,-0.33333333333333337,-2.7333333333333343,12.033333333333333,8,0.6666666666666666,0,0,1,1.5,0.6666666666666666,8.022222222222222,3.0,0.6666666666666666,1
1,17,4,9147,1,1,132.0,1,38,19,5,5,120.8,1,0,0,1,1,1,18,0,0,5,8,4,10.8,0,0,5,10,2,12.5,0,11.1,0.6,2.02,0,0.8,0.4,0.32000000000000006,-0.4,1.6999999999999993,11.65,6,0.6,0,0,0,0.6,0.6,6.99,2.0,0.6,1
1,39,2,9238,1,1,110.0,1,19,1,5,5,136.5,0,0,0,1,1,0,28,0,0,5,6,0,0.0,0,0,5,5,0,0.0,0,13.9,-0.3,0.79,0,0.0,0.0,0.0,0.0,0.0,0.0,0,0.0,0,0,1,2.0,0.0,0.0,0.0,1.0,1
2,39,1,9003,1,1,130.0,1,1,37,9,1,122.0,0,0,1,0,1,0,25,0,3,10,23,6,11.428571428571429,0,2,7,15,4,12.0,1,15.5,2.8,-4.06,0,0.6,0.5714285714285714,0.3428571428571428,-0.02857142857142858,0.5714285714285712,11.714285714285715,10,0.5882352941176471,-3,0,3,3.428571428571429,0.5882352941176471,6.890756302521009,4.0,0.9714285714285714,1
1,1,1,9147,1,1,135.0,1,38,19,9,5,126.3,0,0,0,1,1,0,18,0,0,5,11,2,13.5,0,0,5,11,3,12.333333333333334,0,8.9,1.4,3.51,1,0.4,0.6,0.24,0.19999999999999996,-1.166666666666666,12.916666666666668,5,0.5,0,0,1,1.4,0.5,6.458333333333334,3.0,0.8,1
1,1,1,9254,1,1,133.1,1,4,19,4,5,98.0,0,0,0,1,1,0,26,0,0,6,6,0,0.0,0,0,6,12,0,0.0,0,10.8,1.4,1.74,0,0.0,0.0,0.0,0.0,0.0,0.0,0,0.0,0,0,1,2.0,0.0,0.0,0.0,1.0,1
1,17,3,9147,1,1,135.0,1,37,37,6,5,121.0,1,0,0,1,1,1,18,0,0,5,8,5,12.75,0,0,5,7,5,11.5,0,13.9,-0.3,0.79,2,1.0,1.0,1.0,0.0,-1.25,12.125,10,1.0,0,0,0,0.0,1.0,12.125,5.0,1.0,1
1,43,1,9773,1,1,128.0,1,19,38,9,7,124.2,1,0,0,1,1,0,22,0,0,6,17,3,11.333333333333334,3,0,6,14,3,12.333333333333334,0,15.5,2.8,-4.06,1,0.5,0.5,0.25,0.0,1.0,11.833333333333334,6,0.5,0,0,1,1.5,0.5,5.916666666666667,3.0,1.0,1
1,39,1,9003,1,1,140.0,1,1,3,4,5,130.0,0,0,0,1,1,0,25,0,0,6,8,0,0.0,0,0,6,10,0,0.0,0,16.2,0.3,-0.92,0,0.0,0.0,0.0,0.0,0.0,0.0,0,0.0,0,0,1,2.0,0.0,0.0,0.0,1.0,1
1,17,2,9773,1,1,131.0,1,3,19,2,3,132.8,1,0,0,1,1,0,19,0,0,6,7,6,14.428571428571429,0,0,6,7,6,14.571428571428571,0,13.9,-0.3,0.79,2,1.0,1.0,1.0,0.0,0.14285714285714235,14.5,12,1.0,0,0,1,1.0,1.0,14.5,6.0,1.0,1
1,17,1,9500,1,1,131.0,1,1,1,5,5,126.3,0,0,0,1,1,0,19,0,0,7,9,7,12.492857142857144,0,0,8,10,8,11.7125,0,16.2,0.3,-0.92,2,1.0,1.0,1.0,0.0,-0.7803571428571434,12.102678571428573,15,1.0,1,0,1,1.0,1.0,12.102678571428573,8.0,1.0,1
4,39,1,8014,0,19,100.0,1,1,37,9,1,111.5,0,0,0,1,1,0,45,0,2,8,10,4,11.5,0,2,8,13,4,11.0,0,10.8,1.4,1.74,0,0.5,0.5,0.25,0.0,-0.5,11.25,8,0.5,0,0,1,1.5,0.5,5.625,4.0,1.0,1
2,39,1,9991,0,1,140.0,1,37,37,9,9,118.2,0,0,0,1,1,0,52,0,0,5,7,5,11.2,0,0,5,6,5,12.8,1,7.6,2.6,0.32,2,1.0,1.0,1.0,0.0,1.6000000000000014,12.0,10,1.0,0,0,1,1.0,1.0,12.0,5.0,1.0,1
1,1,1,9147,1,1,124.0,1,19,19,9,3,115.6,1,0,0,0,1,0,20,0,0,5,9,3,12.0,1,0,5,7,3,11.0,0,9.4,-0.8,-3.12,0,0.6,0.6,0.36,0.0,-1.0,11.5,6,0.6,0,0,2,2.4,0.6,6.8999999999999995,3.0,1.0,1
1,1,1,9500,1,1,130.0,1,38,37,5,10,117.8,1,0,0,1,1,0,19,0,0,8,8,7,15.885714285714286,0,0,8,8,7,15.885714285714286,0,10.8,1.4,1.74,2,0.875,0.875,0.765625,0.0,0.0,15.885714285714286,14,0.875,0,0,1,1.125,0.875,13.9,7.0,1.0,1
1,1,1,9500,1,1,142.0,1,1,38,9,9,127.0,0,0,1,0,1,0,21,0,0,7,12,4,12.94,0,0,7,12,4,11.58,0,12.4,0.5,1.79,0,0.5714285714285714,0.5714285714285714,0.32653061224489793,0.0,-1.3599999999999994,12.26,8,0.5714285714285714,0,0,3,3.428571428571429,0.5714285714285714,7.005714285714285,4.0,1.0,1
2,39,1,8014,0,1,150.0,1,37,37,9,9,140.0,0,0,0,0,1,0,35,0,0,6,6,6,14.0,0,0,6,6,6,14.166666666666666,0,9.4,-0.8,-3.12,2,1.0,1.0,1.0,0.0,0.16666666666666607,14.083333333333332,12,1.0,0,0,2,2.0,1.0,14.083333333333332,6.0,1.0,1
4,39,1,9500,1,19,110.0,1,37,38,5,5,151.0,0,0,1,0,1,0,47,0,0,7,7,0,0.0,7,0,8,8,0,0.0,8,15.5,2.8,-4.06,0,0.0,0.0,0.0,0.0,0.0,0.0,0,0.0,1,0,3,4.0,0.0,0.0,0.0,1.0,1
1,18,1,9991,0,1,112.0,1,43,40,2,2,106.4,0,0,0,1,1,0,22,0,0,5,0,0,0.0,0,0,5,0,0,0.0,0,8.9,1.4,3.51,0,0.0,0.0,0.0,0.0,0.0,0.0,0,0.0,0,0,1,2.0,0.0,0.0,0.0,1.0,1
1,7,1,9119,1,3,130.0,1,34,34,90,90,130.0,0,0,0,1,1,0,26,0,0,5,5,0,0.0,0,0,5,6,0,0.0,0,10.8,1.4,1.74,0,0.0,0.0,0.0,0.0,0.0,0.0,0,0.0,0,0,1,2.0,0.0,0.0,0.0,1.0,1
2,39,1,8014,0,1,133.1,1,34,34,90,90,116.0,0,0,0,0,0,0,51,0,0,6,13,4,11.25,0,0,6,12,0,0.0,1,10.8,1.4,1.74,0,0.6666666666666666,0.0,0.0,-0.6666666666666666,-11.25,5.625,4,0.3333333333333333,0,0,2,3.0,0.3333333333333333,1.875,0.0,0.33333333333333337,1
2,39,2,9991,0,1,150.0,1,37,37,9,9,120.0,0,0,0,1,0,0,43,0,0,5,11,3,10.666666666666666,0,1,5,10,4,12.5,0,9.4,-0.8,-3.12,1,0.6,0.8,0.48,0.20000000000000007,1.833333333333334,11.583333333333332,7,0.7,0,0,1,1.2,0.7,8.108333333333333,4.0,0.7999999999999999,1
1,43,2,9147,1,1,130.0,1,34,37,9,9,118.5,1,0,0,1,1,0,23,0,5,10,19,8,11.625,1,4,10,16,10,11.181818181818182,3,7.6,2.6,0.32,2,0.8,1.0,0.8,0.19999999999999996,-0.44318181818181834,11.40340909090909,18,0.9,0,0,1,1.0,0.9,10.26306818181818,10.0,0.8,1
1,43,2,9238,1,1,129.0,1,34,30,0,5,118.9,1,0,0,1,1,0,22,0,0,6,11,0,0.0,0,0,5,10,0,0.0,0,9.4,-0.8,-3.12,0,0.0,0.0,0.0,0.0,0.0,0.0,0,0.0,-1,0,1,2.0,0.0,0.0,0.0,1.0,1
1,43,1,9991,0,1,140.0,1,37,37,9,9,135.8,1,0,0,1,1,0,25,0,14,15,16,15,10.8,0,13,14,14,14,11.357142857142858,0,9.4,-0.8,-3.12,2,1.0,1.0,1.0,0.0,0.5571428571428569,11.07857142857143,29,1.0,-1,0,1,1.0,1.0,11.07857142857143,14.0,1.0,1
1,53,1,171,1,42,130.0,1,1,19,9,9,130.0,1,0,0,0,1,1,22,0,5,12,15,11,12.545454545454543,0,4,11,16,11,12.666666666666666,0,8.9,1.4,3.51,2,0.9166666666666666,1.0,0.9166666666666666,0.08333333333333337,0.12121212121212288,12.606060606060606,22,0.9565217391304348,-1,0,1,1.0,0.9565217391304348,12.057971014492754,11.0,0.9166666666666666,1
1,39,1,9085,1,2,140.0,1,38,38,9,10,150.0,0,0,0,1,1,0,47,0,0,6,0,0,0.0,0,0,6,0,0,0.0,0,16.2,0.3,-0.92,0,0.0,0.0,0.0,0.0,0.0,0.0,0,0.0,0,0,1,2.0,0.0,0.0,0.0,1.0,1
2,39,1,9991,0,19,133.1,1,37,37,5,5,111.9,1,0,0,1,1,0,41,0,0,5,5,0,0.0,0,0,5,5,0,0.0,0,7.6,2.6,0.32,0,0.0,0.0,0.0,0.0,0.0,0.0,0,0.0,0,0,1,2.0,0.0,0.0,0.0,1.0,1
1,39,1,9003,1,1,120.0,1,37,37,9,9,150.1,1,0,0,1,1,0,43,0,0,6,9,6,14.77777777777778,0,0,6,11,5,12.2,0,13.9,-0.3,0.79,2,1.0,0.8333333333333334,0.8333333333333334,-0.16666666666666663,-2.577777777777781,13.48888888888889,11,0.9166666666666666,0,0,1,1.1666666666666665,0.9166666666666666,12.364814814814816,5.0,0.8333333333333334,1
1,39,1,9003,1,1,133.1,1,1,37,9,8,130.0,0,0,0,1,1,0,29,0,0,3,4,0,0.0,0,0,4,8,0,0.0,0,16.2,0.3,-0.92,0,0.0,0.0,0.0,0.0,0.0,0.0,0,0.0,1,0,1,2.0,0.0,0.0,0.0,1.0,1
1,39,2,9119,1,1,120.0,1,37,37,5,5,128.0,0,0,0,1,1,0,30,0,0,2,2,0,0.0,0,0,2,2,0,0.0,0,7.6,2.6,0.32,0,0.0,0.0,0.0,0.0,0.0,0.0,0,0.0,0,0,1,2.0,0.0,0.0,0.0,1.0,1
1,39,2,9147,1,38,133.1,1,19,38,9,9,102.5,0,0,0,0,1,0,26,0,0,4,4,0,0.0,0,0,5,0,0,0.0,0,12.7,3.7,-1.7,0,0.0,0.0,0.0,0.0,0.0,0.0,0,0.0,1,0,2,3.0,0.0,0.0,0.0,1.0,1
1,39,2,9991,0,1,133.1,1,19,38,9,9,102.5,0,0,0,0,1,0,27,0,0,5,10,0,0.0,0,0,5,5,0,0.0,0,15.5,2.8,-4.06,0,0.0,0.0,0.0,0.0,0.0,0.0,0,0.0,0,0,2,3.0,0.0,0.0,0.0,1.0,1
2,39,2,9670,1,1,100.0,1,37,37,9,9,110.0,0,0,0,1,1,1,36,0,0,5,5,5,11.4,0,0,5,7,5,11.6,0,9.4,-0.8,-3.12,2,1.0,1.0,1.0,0.0,0.1999999999999993,11.5,10,1.0,0,0,0,0.0,1.0,11.5,5.0,1.0,1
1,39,1,9003,1,19,133.1,1,1,19,4,10,114.0,0,0,0,1,1,0,29,0,3,9,13,6,11.666666666666666,0,2,7,10,6,10.857142857142858,0,15.5,2.8,-4.06,0,0.6666666666666666,0.8571428571428571,0.5714285714285714,0.19047619047619047,-0.8095238095238084,11.261904761904763,12,0.75,-2,0,1,1.1428571428571428,0.75,8.446428571428573,6.0,0.8095238095238095,1
1,42,1,9119,1,1,120.0,1,34,34,0,0,128.2,1,0,0,1,1,0,35,0,6,10,12,7,11.285714285714286,0,2,8,8,5,13.0,0,9.4,-0.8,-3.12,0,0.7,0.625,0.4375,-0.07499999999999996,1.7142857142857135,12.142857142857142,12,0.6666666666666666,-2,0,1,1.375,0.6666666666666666,8.095238095238095,5.0,0.925,1
1,1,1,9773,1,1,128.0,1,38,38,6,3,116.5,0,0,0,1,1,1,18,0,0,6,12,4,11.5,0,0,6,10,5,12.6,0,10.8,1.4,1.74,2,0.6666666666666666,0.8333333333333334,0.5555555555555556,0.16666666666666674,1.0999999999999996,12.05,9,0.75,0,0,0,0.16666666666666663,0.75,9.037500000000001,5.0,0.8333333333333333,1
1,1,1,9991,0,1,172.0,1,38,37,9,9,149.3,0,0,0,1,1,1,24,0,0,5,5,5,16.0,0,0,5,5,5,16.0,0,8.9,1.4,3.51,2,1.0,1.0,1.0,0.0,0.0,16.0,10,1.0,0,0,0,0.0,1.0,16.0,5.0,1.0,1
1,17,4,9119,1,1,135.0,1,38,37,5,7,126.6,1,0,0,1,1,0,18,0,0,5,7,4,12.0,0,0,5,10,3,13.0,3,7.6,2.6,0.32,1,0.8,0.6,0.48,-0.20000000000000007,1.0,12.5,7,0.7,0,0,1,1.4,0.7,8.75,3.0,0.7999999999999999,1
2,43,1,9085,1,1,160.0,1,37,37,9,7,120.0,0,0,0,1,1,0,21,0,0,5,11,0,0.0,2,0,5,11,3,11.666666666666666,1,9.4,-0.8,-3.12,1,0.0,0.6,0.0,0.6,11.666666666666666,5.833333333333333,3,0.3,0,0,1,1.4,0.3,1.7499999999999998,3.0,0.4,1
1,42,1,9119,1,1,150.0,1,38,37,5,8,133.5,1,0,0,1,1,0,21,0,0,5,10,5,13.0,0,0,5,10,5,12.6,0,9.4,-0.8,-3.12,2,1.0,1.0,1.0,0.0,-0.40000000000000036,12.8,10,1.0,0,0,1,1.0,1.0,12.8,5.0,1.0,1
1,39,1,9003,1,1,130.0,1,1,3,2,6,110.0,0,0,0,1,1,0,32,0,8,18,27,13,13.714285714285714,1,7,12,18,12,12.083333333333334,0,15.5,2.8,-4.06,2,0.7222222222222222,1.0,0.7222222222222222,0.2777777777777778,-1.6309523809523796,12.898809523809524,25,0.8333333333333334,-6,0,1,1.0,0.8333333333333334,10.749007936507937,12.0,0.7222222222222222,1
1,1,4,9119,1,1,111.0,1,37,37,9,5,107.5,1,0,0,1,1,1,22,0,0,5,9,3,12.333333333333334,0,0,6,14,3,12.5,0,11.1,0.6,2.02,0,0.6,0.5,0.3,-0.09999999999999998,0.16666666666666607,12.416666666666668,6,0.5454545454545454,1,0,0,0.5,0.5454545454545454,6.7727272727272725,3.0,0.9,1
1,43,1,9670,1,6,170.0,1,34,34,0,0,111.6,0,0,0,1,1,0,35,0,1,5,5,1,14.0,0,0,5,5,0,0.0,0,9.4,-0.8,-3.12,0,0.2,0.0,0.0,-0.2,-14.0,7.0,1,0.1,0,0,1,2.0,0.1,0.7000000000000001,0.0,0.8,1
1,18,3,9147,1,1,133.1,1,1,38,4,7,101.0,1,0,0,0,1,0,23,0,0,5,0,0,0.0,0,0,5,0,0,0.0,0,8.9,1.4,3.51,0,0.0,0.0,0.0,0.0,0.0,0.0,0,0.0,0,0,2,3.0,0.0,0.0,0.0,1.0,1
1,39,1,8014,0,1,100.0,1,37,37,6,6,108.3,0,0,0,1,1,0,39,0,0,6,8,5,11.4,0,1,6,12,3,11.0,1,7.6,2.6,0.32,1,0.8333333333333334,0.5,0.4166666666666667,-0.33333333333333337,-0.40000000000000036,11.2,8,0.6666666666666666,0,0,1,1.5,0.6666666666666666,7.466666666666666,3.0,0.6666666666666666,1
2,43,1,9670,1,1,120.0,1,34,34,0,0,128.2,0,0,0,1,1,0,35,0,0,5,5,0,0.0,0,0,5,5,1,10.0,0,9.4,-0.8,-3.12,0,0.0,0.2,0.0,0.2,10.0,5.0,1,0.1,0,0,1,1.8,0.1,0.5,1.0,0.8,1
2,39,1,9003,1,3,110.0,1,3,19,4,6,150.0,0,0,0,1,1,0,32,0,0,6,8,6,18.875,0,6,12,14,12,17.692307692307693,0,16.2,0.3,-0.92,2,1.0,1.0,1.0,0.0,-1.1826923076923066,18.283653846153847,18,1.0,6,0,1,1.0,1.0,18.283653846153847,12.0,1.0,1
1,1,1,9853,1,1,133.1,1,34,34,0,0,142.8,0,0,0,1,1,0,20,0,0,6,12,0,0.0,0,0,6,12,0,0.0,0,7.6,2.6,0.32,0,0.0,0.0,0.0,0.0,0.0,0.0,0,0.0,0,0,1,2.0,0.0,0.0,0.0,1.0,1
1,39,1,9119,1,19,120.0,1,37,37,9,4,98.6,0,0,1,0,1,0,28,0,0,5,10,0,0.0,0,0,5,7,0,0.0,0,12.4,0.5,1.79,0,0.0,0.0,0.0,0.0,0.0,0.0,0,0.0,0,0,3,4.0,0.0,0.0,0.0,1.0,1
1,39,1,9003,1,1,100.0,1,1,3,9,10,120.0,0,0,1,0,1,0,44,0,2,7,14,4,12.0,2,0,6,16,0,0.0,1,15.5,2.8,-4.06,0,0.5714285714285714,0.0,0.0,-0.5714285714285714,-12.0,6.0,4,0.3076923076923077,-1,0,3,4.0,0.3076923076923077,1.8461538461538463,0.0,0.4285714285714286,1
1,1,1,9085,1,1,142.0,1,1,1,9,9,127.7,1,0,0,1,1,0,19,0,0,5,9,5,12.6,1,0,5,8,4,12.0,0,12.7,3.7,-1.7,2,1.0,0.8,0.8,-0.19999999999999996,-0.5999999999999996,12.3,9,0.9,0,0,1,1.2,0.9,11.07,4.0,0.8,1
1,18,1,9119,1,1,148.0,1,3,19,3,5,147.7,0,0,0,1,1,1,18,0,0,5,5,0,0.0,0,0,5,5,0,0.0,0,9.4,-0.8,-3.12,0,0.0,0.0,0.0,0.0,0.0,0.0,0,0.0,0,0,0,1.0,0.0,0.0,0.0,1.0,1
1,44,1,9003,1,39,170.0,1,19,19,5,5,170.0,1,0,0,1,1,0,20,0,0,6,8,6,14.5,0,0,6,10,6,15.3,0,16.2,0.3,-0.92,2,1.0,1.0,1.0,0.0,0.8000000000000007,14.9,12,1.0,0,0,1,1.0,1.0,14.9,6.0,1.0,1
1,39,1,9070,1,1,110.0,1,37,37,7,7,110.2,0,0,0,1,1,0,55,0,0,6,6,6,14.5,0,0,6,6,6,13.5,0,11.1,0.6,2.02,2,1.0,1.0,1.0,0.0,-1.0,14.0,12,1.0,0,0,1,1.0,1.0,14.0,6.0,1.0,1
1,1,1,9147,1,1,166.0,1,19,37,4,8,146.4,0,0,0,1,1,0,27,0,0,5,12,3,10.0,0,0,5,12,1,13.0,0,7.6,2.6,0.32,1,0.6,0.2,0.12,-0.39999999999999997,3.0,11.5,4,0.4,0,0,1,1.8,0.4,4.6000000000000005,1.0,0.6000000000000001,1
1,17,2,9119,1,1,135.0,1,12,19,5,5,121.0,0,0,0,1,1,0,19,0,0,5,0,0,0.0,0,0,5,0,0,0.0,0,12.4,0.5,1.79,0,0.0,0.0,0.0,0.0,0.0,0.0,0,0.0,0,0,1,2.0,0.0,0.0,0.0,1.0,1
1,1,1,9147,1,1,133.0,1,19,37,9,9,129.9,0,0,0,1,1,0,18,0,0,5,5,5,11.6,0,0,5,5,5,13.2,0,12.4,0.5,1.79,2,1.0,1.0,1.0,0.0,1.5999999999999996,12.399999999999999,10,1.0,0,0,1,1.0,1.0,12.399999999999999,5.0,1.0,1
2,39,1,9773,1,1,133.1,1,37,37,7,4,132.0,0,0,0,1,1,0,43,0,0,6,10,4,11.75,0,0,6,7,0,0.0,0,15.5,2.8,-4.06,0,0.6666666666666666,0.0,0.0,-0.6666666666666666,-11.75,5.875,4,0.3333333333333333,0,0,1,2.0,0.3333333333333333,1.9583333333333333,0.0,0.33333333333333337,1
1,18,3,9254,1,1,121.0,1,19,19,9,6,125.9,1,0,0,1,1,0,18,0,0,6,0,0,0.0,0,0,6,0,0,0.0,0,13.9,-0.3,0.79,0,0.0,0.0,0.0,0.0,0.0,0.0,0,0.0,0,0,1,2.0,0.0,0.0,0.0,1.0,1
1,17,5,9254,1,1,130.0,1,37,38,9,9,122.7,1,0,1,1,1,1,20,0,0,6,7,0,0.0,0,0,6,6,0,0.0,0,8.9,1.4,3.51,0,0.0,0.0,0.0,0.0,0.0,0.0,0,0.0,0,0,1,2.0,0.0,0.0,0.0,1.0,1
2,39,1,9991,0,1,121.0,1,37,19,9,9,141.4,0,0,1,0,1,0,29,0,0,5,7,4,11.25,0,0,5,8,4,11.8,0,10.8,1.4,1.74,0,0.8,0.8,0.6400000000000001,0.0,0.5500000000000007,11.525,8,0.8,0,0,3,3.2,0.8,9.22,4.0,1.0,1
1,39,1,9130,1,19,133.1,1,37,37,9,10,156.4,1,0,1,1,1,0,44,0,0,6,9,5,11.571428571428571,0,0,6,11,0,0.0,0,13.9,-0.3,0.79,0,0.8333333333333334,0.0,0.0,-0.8333333333333334,-11.571428571428571,5.785714285714286,5,0.4166666666666667,0,0,2,3.0,0.4166666666666667,2.4107142857142856,0.0,0.16666666666666663,1
1,1,1,9119,1,1,146.0,1,37,37,9,9,148.5,1,0,0,1,1,0,18,0,0,5,7,4,10.0,0,0,5,8,1,16.0,0,10.8,1.4,1.74,1,0.8,0.2,0.16000000000000003,-0.6000000000000001,6.0,13.0,5,0.5,0,0,1,1.8,0.5,6.5,1.0,0.3999999999999999,1
1,43,1,9070,1,1,125.0,1,38,37,8,7,131.7,1,0,0,1,1,0,20,0,3,6,6,4,12.75,0,3,9,12,3,12.666666666666666,0,12.4,0.5,1.79,0,0.6666666666666666,0.3333333333333333,0.2222222222222222,-0.3333333333333333,-0.08333333333333393,12.708333333333332,7,0.4666666666666667,3,0,1,1.6666666666666667,0.4666666666666667,5.930555555555555,3.0,0.6666666666666667,1
2,39,2,9147,1,1,120.0,1,37,37,9,9,104.7,1,0,0,1,1,0,36,0,0,4,4,0,0.0,0,0,5,9,0,0.0,0,10.8,1.4,1.74,0,0.0,0.0,0.0,0.0,0.0,0.0,0,0.0,1,0,1,2.0,0.0,0.0,0.0,1.0,1
1,44,1,9130,1,39,150.0,1,5,1,2,5,150.0,1,0,0,1,1,0,19,0,1,6,13,5,11.6,0,1,6,12,2,11.0,0,13.9,-0.3,0.79,1,0.8333333333333334,0.3333333333333333,0.2777777777777778,-0.5,-0.5999999999999996,11.3,7,0.5833333333333334,0,0,1,1.6666666666666667,0.5833333333333334,6.591666666666668,2.0,0.5,1
2,39,1,9085,1,19,110.0,1,37,37,90,90,110.0,0,0,0,0,1,0,29,0,0,5,5,0,0.0,0,0,5,5,0,0.0,0,12.7,3.7,-1.7,0,0.0,0.0,0.0,0.0,0.0,0.0,0,0.0,0,0,2,3.0,0.0,0.0,0.0,1.0,1
1,1,1,9670,1,1,120.0,1,1,1,9,9,129.1,1,0,0,1,1,0,18,0,0,6,6,4,11.25,0,0,6,10,3,10.333333333333334,0,10.8,1.4,1.74,0,0.6666666666666666,0.5,0.3333333333333333,-0.16666666666666663,-0.9166666666666661,10.791666666666668,7,0.5833333333333334,0,0,1,1.5,0.5833333333333334,6.29513888888889,3.0,0.8333333333333334,1
1,39,1,9003,1,1,133.1,1,1,1,1,6,120.0,0,0,0,0,1,0,24,0,0,6,0,0,0.0,0,0,6,0,0,0.0,0,13.9,-0.3,0.79,0,0.0,0.0,0.0,0.0,0.0,0.0,0,0.0,0,0,2,3.0,0.0,0.0,0.0,1.0,1
1,1,1,9773,1,1,133.1,1,3,19,2,5,127.0,0,0,0,1,1,0,20,0,0,6,6,6,14.333333333333334,0,0,6,7,6,15.0,0,15.5,2.8,-4.06,2,1.0,1.0,1.0,0.0,0.6666666666666661,14.666666666666668,12,1.0,0,0,1,1.0,1.0,14.666666666666668,6.0,1.0,1
2,39,1,8014,0,19,133.1,1,19,37,9,9,151.5,0,0,1,0,1,0,45,0,0,6,7,0,0.0,0,0,5,5,0,0.0,0,16.2,0.3,-0.92,0,0.0,0.0,0.0,0.0,0.0,0.0,0,0.0,-1,0,3,4.0,0.0,0.0,0.0,1.0,1
1,43,2,9500,1,1,130.0,1,38,37,4,4,126.8,1,0,0,1,1,1,28,0,18,23,23,20,13.5,3,18,23,23,20,13.5,3,7.6,2.6,0.32,2,0.8695652173913043,0.8695652173913043,0.7561436672967864,0.0,0.0,13.5,40,0.8695652173913043,0,0,0,0.13043478260869568,0.8695652173913043,11.739130434782608,20.0,1.0,1
1,1,1,9254,1,1,160.0,1,19,38,9,9,140.8,1,0,0,1,1,0,23,0,0,6,8,6,12.666666666666666,0,0,6,10,5,12.2,0,7.6,2.6,0.32,1,1.0,0.8333333333333334,0.8333333333333334,-0.16666666666666663,-0.4666666666666668,12.433333333333334,11,0.9166666666666666,0,0,1,1.1666666666666665,0.9166666666666666,11.397222222222222,5.0,0.8333333333333334,1
1,1,1,9500,1,1,128.0,1,1,19,4,7,125.6,1,0,0,1,1,0,18,0,0,7,7,7,12.444285714285714,0,0,8,11,7,11.347142857142858,0,12.4,0.5,1.79,2,1.0,0.875,0.875,-0.125,-1.097142857142856,11.895714285714286,14,0.9333333333333333,1,0,1,1.125,0.9333333333333333,11.102666666666668,7.0,0.875,1
1,1,1,9070,1,1,140.0,1,19,19,5,5,131.3,0,0,0,1,1,1,22,0,1,6,6,6,12.666666666666666,0,1,6,6,5,12.4,0,12.4,0.5,1.79,2,1.0,0.8333333333333334,0.8333333333333334,-0.16666666666666663,-0.2666666666666657,12.533333333333333,11,0.9166666666666666,0,0,0,0.16666666666666663,0.9166666666666666,11.488888888888889,5.0,0.8333333333333334,1
1,39,1,9991,0,12,120.0,1,37,38,5,5,155.7,0,0,0,1,1,0,33,0,0,5,5,5,13.2,0,0,5,6,5,14.833333333333334,0,10.8,1.4,1.74,2,1.0,1.0,1.0,0.0,1.6333333333333346,14.016666666666666,10,1.0,0,0,1,1.0,1.0,14.016666666666666,5.0,1.0,1
1,53,1,9003,1,42,130.0,1,1,38,9,6,128.5,0,0,0,1,1,0,21,0,7,12,20,10,12.7,0,5,12,14,11,12.181818181818182,0,8.9,1.4,3.51,2,0.8333333333333334,0.9166666666666666,0.7638888888888888,0.08333333333333326,-0.5181818181818176,12.440909090909091,21,0.875,0,0,1,1.0833333333333335,0.875,10.885795454545455,11.0,0.9166666666666667,1
2,39,1,9147,1,1,100.0,1,37,37,9,5,170.0,0,0,0,1,1,0,45,0,0,5,6,5,14.833333333333334,0,0,5,5,5,14.8,0,15.5,2.8,-4.06,2,1.0,1.0,1.0,0.0,-0.033333333333333215,14.816666666666666,10,1.0,0,0,1,1.0,1.0,14.816666666666666,5.0,1.0,1
2,39,1,9003,1,1,133.1,1,37,37,9,9,100.0,0,0,0,0,1,0,44,0,4,10,10,4,11.5,0,1,7,8,1,12.0,0,15.5,2.8,-4.06,0,0.4,0.14285714285714285,0.05714285714285714,-0.2571428571428572,0.5,11.75,5,0.29411764705882354,-3,0,2,2.857142857142857,0.29411764705882354,3.4558823529411766,1.0,0.7428571428571429,1
4,39,1,9670,1,1,110.0,1,19,19,90,99,107.2,0,0,0,1,1,0,42,0,0,6,0,0,0.0,0,0,6,0,0,0.0,0,12.7,3.7,-1.7,0,0.0,0.0,0.0,0.0,0.0,0.0,0,0.0,0,0,1,2.0,0.0,0.0,0.0,1.0,1
1,18,1,9147,1,1,147.0,1,19,1,9,7,139.3,1,0,0,1,1,0,20,0,0,5,0,0,0.0,0,0,5,0,0,0.0,0,12.4,0.5,1.79,0,0.0,0.0,0.0,0.0,0.0,0.0,0,0.0,0,0,1,2.0,0.0,0.0,0.0,1.0,1
1,17,6,9147,1,1,133.0,1,19,38,5,6,123.2,1,0,0,1,1,0,20,0,0,5,7,3,12.666666666666666,1,0,5,12,2,12.5,0,9.4,-0.8,-3.12,1,0.6,0.4,0.24,-0.19999999999999996,-0.16666666666666607,12.583333333333332,5,0.5,0,0,1,1.6,0.5,6.291666666666666,2.0,0.8,1
1,1,2,9254,1,1,137.0,1,1,38,2,8,122.3,1,0,0,1,1,1,20,0,0,6,7,6,14.714285714285714,0,0,6,6,6,12.5,0,8.9,1.4,3.51,2,1.0,1.0,1.0,0.0,-2.2142857142857135,13.607142857142858,12,1.0,0,0,0,0.0,1.0,13.607142857142858,6.0,1.0,1
1,17,2,9773,1,1,124.0,1,1,1,4,4,127.9,1,0,0,1,1,0,20,0,0,6,11,3,13.666666666666666,0,0,6,13,4,10.25,0,9.4,-0.8,-3.12,1,0.5,0.6666666666666666,0.3333333333333333,0.16666666666666663,-3.416666666666666,11.958333333333332,7,0.5833333333333334,0,0,1,1.3333333333333335,0.5833333333333334,6.975694444444444,4.0,0.8333333333333334,1
1,1,2,9147,1,1,128.0,1,1,1,9,6,120.3,0,0,0,1,1,0,19,0,0,5,9,5,10.8,0,0,5,13,2,13.5,0,8.9,1.4,3.51,1,1.0,0.4,0.4,-0.6,2.6999999999999993,12.15,7,0.7,0,0,1,1.6,0.7,8.504999999999999,2.0,0.4,1
1,51,1,8014,0,1,120.0,1,1,1,4,4,128.5,0,0,1,0,1,0,26,0,2,8,13,4,10.5,0,5,10,16,7,10.428571428571429,0,12.4,0.5,1.79,0,0.5,0.7,0.35,0.19999999999999996,-0.07142857142857117,10.464285714285715,11,0.6111111111111112,2,0,3,3.3,0.6111111111111112,6.394841269841271,7.0,0.8,1
2,39,1,9003,1,1,133.1,1,37,37,8,7,150.0,0,0,0,1,1,0,31,0,0,6,10,6,15.0,0,0,6,11,5,12.5,0,13.9,-0.3,0.79,2,1.0,0.8333333333333334,0.8333333333333334,-0.16666666666666663,-2.5,13.75,11,0.9166666666666666,0,0,1,1.1666666666666665,0.9166666666666666,12.604166666666666,5.0,0.8333333333333334,1
1,1,1,9773,1,1,142.0,1,1,19,9,9,136.1,0,0,1,1,1,1,19,0,0,6,6,6,12.666666666666666,0,0,6,6,6,14.0,0,16.2,0.3,-0.92,2,1.0,1.0,1.0,0.0,1.333333333333334,13.333333333333332,12,1.0,0,0,1,1.0,1.0,13.333333333333332,6.0,1.0,1
1,39,1,9773,1,19,100.0,1,37,37,0,0,128.0,1,0,0,1,1,0,28,0,0,6,7,6,13.166666666666666,0,0,6,6,6,13.666666666666666,0,7.6,2.6,0.32,2,1.0,1.0,1.0,0.0,0.5,13.416666666666666,12,1.0,0,0,1,1.0,1.0,13.416666666666666,6.0,1.0,1
1,1,1,171,1,1,149.0,1,19,37,9,9,158.1,1,0,0,1,1,1,20,0,0,0,0,0,0.0,0,0,0,0,0,0.0,0,10.8,1.4,1.74,2,0.0,0.0,0.0,0.0,0.0,0.0,0,0.0,0,1,0,2.0,0.0,0.0,0.0,1.0,0
2,1,2,8014,0,1,110.0,1,37,1,9,10,108.7,1,0,0,1,0,0,43,0,0,6,6,6,13.0,0,0,6,6,6,12.5,0,9.4,-0.8,-3.12,2,1.0,1.0,1.0,0.0,-0.5,12.75,12,1.0,0,0,1,1.0,1.0,12.75,6.0,1.0,1
1,39,1,171,1,19,133.1,101,1,19,2,7,110.0,0,0,0,1,1,1,25,1,0,0,0,0,0.0,0,0,0,0,0,0.0,0,15.5,2.8,-4.06,0,0.0,0.0,0.0,0.0,0.0,0.0,0,0.0,0,1,0,2.0,0.0,0.0,0.0,1.0,0
1,44,1,9085,1,39,150.0,6,5,4,1,1,150.0,0,0,0,1,0,0,20,1,2,6,7,6,13.333333333333334,0,1,6,16,5,13.375,0,12.4,0.5,1.79,2,1.0,0.8333333333333334,0.8333333333333334,-0.16666666666666663,0.041666666666666075,13.354166666666668,11,0.9166666666666666,0,0,1,1.1666666666666665,0.9166666666666666,12.241319444444445,5.0,0.8333333333333334,1
2,39,1,8014,0,12,133.1,1,37,37,9,1,113.0,0,0,0,1,0,0,46,0,0,6,13,3,12.333333333333334,0,0,6,6,6,13.333333333333334,0,11.1,0.6,2.02,2,0.5,1.0,0.5,0.5,1.0,12.833333333333334,9,0.75,0,0,1,1.0,0.75,9.625,6.0,0.5,1
1,51,1,33,1,1,121.0,1,19,37,5,7,118.6,0,0,0,1,0,0,26,0,14,21,23,20,13.181818181818182,0,10,14,18,14,11.642857142857142,0,8.9,1.4,3.51,2,0.9523809523809523,1.0,0.9523809523809523,0.04761904761904767,-1.5389610389610393,12.412337662337663,34,0.9714285714285714,-7,0,1,1.0,0.9714285714285714,12.05769944341373,14.0,0.9523809523809523,1
2,39,1,9500,1,1,133.1,1,3,1,5,5,148.8,0,0,0,1,0,1,34,0,0,7,7,6,12.513333333333334,0,0,8,9,7,13.071428571428571,0,12.4,0.5,1.79,2,0.8571428571428571,0.875,0.75,0.017857142857142905,0.5580952380952375,12.792380952380952,13,0.8666666666666667,1,0,0,0.125,0.8666666666666667,11.086730158730159,7.0,0.9821428571428571,1
1,18,3,9853,1,1,122.0,1,38,37,9,5,120.3,1,0,0,1,0,0,19,0,0,6,0,0,0.0,0,0,6,0,0,0.0,0,10.8,1.4,1.74,0,0.0,0.0,0.0,0.0,0.0,0.0,0,0.0,0,0,1,2.0,0.0,0.0,0.0,1.0,1
1,1,6,9500,1,1,143.0,1,19,19,9,9,127.0,1,0,0,1,0,1,18,0,0,8,8,7,13.585714285714284,0,0,8,8,7,13.585714285714284,0,12.7,3.7,-1.7,2,0.875,0.875,0.765625,0.0,0.0,13.585714285714284,14,0.875,0,0,0,0.125,0.875,11.887499999999998,7.0,1.0,1
1,1,1,9556,1,1,123.0,1,19,19,4,9,113.8,1,0,0,1,0,0,18,0,0,7,9,7,11.155555555555557,0,0,8,10,8,11.425,0,12.7,3.7,-1.7,2,1.0,1.0,1.0,0.0,0.26944444444444393,11.290277777777778,15,1.0,1,0,1,1.0,1.0,11.290277777777778,8.0,1.0,1
1,39,1,8014,0,1,120.0,1,38,37,9,7,108.0,0,0,0,1,1,1,37,0,1,7,9,6,11.857142857142858,0,1,6,7,5,12.0,0,13.9,-0.3,0.79,2,0.8571428571428571,0.8333333333333334,0.7142857142857143,-0.023809523809523725,0.14285714285714235,11.928571428571429,11,0.8461538461538461,-1,0,0,0.16666666666666663,0.8461538461538461,10.093406593406593,5.0,0.9761904761904763,1
1,17,1,171,1,1,114.0,1,19,38,9,7,129.1,0,0,0,1,1,1,23,0,0,0,0,0,0.0,0,0,0,0,0,0.0,0,9.4,-0.8,-3.12,2,0.0,0.0,0.0,0.0,0.0,0.0,0,0.0,0,1,0,2.0,0.0,0.0,0.0,1.0,0
1,43,1,9070,1,1,114.0,1,19,38,9,7,135.9,0,0,0,1,1,0,26,0,9,14,14,14,14.0,0,7,13,13,13,13.615384615384617,0,15.5,2.8,-4.06,2,1.0,1.0,1.0,0.0,-0.38461538461538325,13.807692307692308,27,1.0,-1,0,1,1.0,1.0,13.807692307692308,13.0,1.0,1
1,10,2,9773,1,1,154.4,22,19,38,3,5,154.4,1,0,0,0,0,0,18,1,0,6,8,5,12.0,0,0,6,0,0,0.0,0,10.8,1.4,1.74,0,0.8333333333333334,0.0,0.0,-0.8333333333333334,-12.0,6.0,5,0.4166666666666667,0,0,2,3.0,0.4166666666666667,2.5,0.0,0.16666666666666663,1
1,17,4,9500,1,1,136.0,1,3,3,2,2,132.5,1,0,0,1,0,0,19,0,0,7,8,7,13.198571428571428,0,0,8,8,8,13.0625,0,11.1,0.6,2.02,2,1.0,1.0,1.0,0.0,-0.1360714285714284,13.130535714285713,15,1.0,1,0,1,1.0,1.0,13.130535714285713,8.0,1.0,1
1,10,2,9085,1,1,163.3,22,19,1,4,9,163.3,0,0,0,1,0,0,18,1,0,6,10,6,13.5,0,0,6,12,6,12.0,0,12.4,0.5,1.79,2,1.0,1.0,1.0,0.0,-1.5,12.75,12,1.0,0,0,1,1.0,1.0,12.75,6.0,1.0,1
1,17,4,9119,1,1,122.0,62,1,1,191,171,121.0,1,0,0,1,1,0,20,1,0,5,10,4,14.25,0,0,5,14,1,10.0,0,8.9,1.4,3.51,1,0.8,0.2,0.16000000000000003,-0.6000000000000001,-4.25,12.125,5,0.5,0,0,1,1.8,0.5,6.0625,1.0,0.3999999999999999,1
1,17,1,9070,1,1,137.0,1,1,1,1,5,131.8,0,0,0,1,0,1,22,0,0,6,7,6,12.166666666666666,0,0,6,9,4,12.0,0,9.4,-0.8,-3.12,2,1.0,0.6666666666666666,0.6666666666666666,-0.33333333333333337,-0.16666666666666607,12.083333333333332,10,0.8333333333333334,0,0,0,0.33333333333333337,0.8333333333333334,10.069444444444445,4.0,0.6666666666666666,1
1,1,3,9500,1,1,139.0,1,19,1,9,5,135.0,1,0,0,1,0,1,18,0,0,8,8,7,12.214285714285714,0,0,8,8,7,12.214285714285714,0,12.7,3.7,-1.7,2,0.875,0.875,0.765625,0.0,0.0,12.214285714285714,14,0.875,0,0,0,0.125,0.875,10.6875,7.0,1.0,1
1,17,1,9254,1,1,142.0,1,19,39,5,4,141.7,0,0,0,1,0,1,18,0,0,6,8,6,12.666666666666666,0,0,6,6,6,13.0,0,13.9,-0.3,0.79,2,1.0,1.0,1.0,0.0,0.3333333333333339,12.833333333333332,12,1.0,0,0,0,0.0,1.0,12.833333333333332,6.0,1.0,1
1,1,3,9773,1,1,133.1,1,38,38,5,5,131.3,1,0,0,1,0,1,18,0,0,6,7,6,12.285714285714286,0,0,6,6,6,13.5,0,8.9,1.4,3.51,2,1.0,1.0,1.0,0.0,1.2142857142857135,12.892857142857142,12,1.0,0,0,0,0.0,1.0,12.892857142857142,6.0,1.0,1
1,1,6,9254,1,1,126.0,1,38,37,5,7,123.9,1,0,0,1,0,1,18,0,0,6,7,6,13.0,0,0,6,6,6,13.0,0,12.4,0.5,1.79,2,1.0,1.0,1.0,0.0,0.0,13.0,12,1.0,0,0,0,0.0,1.0,13.0,6.0,1.0,1
1,1,2,9254,1,1,131.0,1,4,3,7,4,126.1,1,0,0,1,0,0,18,0,0,6,8,6,12.142857142857142,0,0,6,6,6,11.166666666666666,0,8.9,1.4,3.51,2,1.0,1.0,1.0,0.0,-0.9761904761904763,11.654761904761905,12,1.0,0,0,1,1.0,1.0,11.654761904761905,6.0,1.0,1
1,17,6,9500,1,1,131.0,1,1,19,7,7,126.5,1,0,0,1,0,1,19,0,0,7,8,7,13.875714285714285,0,0,8,9,7,13.085714285714284,0,11.1,0.6,2.02,2,1.0,0.875,0.875,-0.125,-0.7900000000000009,13.480714285714285,14,0.9333333333333333,1,0,0,0.125,0.9333333333333333,12.581999999999999,7.0,0.875,1
1,17,1,9853,1,1,108.0,1,19,1,5,5,107.3,0,0,0,1,0,0,20,0,0,6,0,0,0.0,0,0,6,0,0,0.0,0,15.5,2.8,-4.06,0,0.0,0.0,0.0,0.0,0.0,0.0,0,0.0,0,0,1,2.0,0.0,0.0,0.0,1.0,1
1,17,4,9238,1,1,133.1,1,1,19,9,5,95.0,1,0,0,1,0,1,19,0,0,6,12,6,11.666666666666666,0,0,6,7,0,0.0,0,15.5,2.8,-4.06,0,1.0,0.0,0.0,-1.0,-11.666666666666666,5.833333333333333,6,0.5,0,0,0,1.0,0.5,2.9166666666666665,0.0,0.0,1
1,1,2,9085,1,1,122.0,1,3,1,4,7,116.1,1,0,0,1,0,0,18,0,0,6,13,6,13.153846153846152,0,0,6,12,3,11.0,0,15.5,2.8,-4.06,2,1.0,0.5,0.5,-0.5,-2.1538461538461515,12.076923076923077,9,0.75,0,0,1,1.5,0.75,9.057692307692307,3.0,0.5,1
1,17,6,9500,1,1,135.0,1,19,19,7,7,128.0,1,0,0,1,0,1,18,0,0,7,7,7,14.44142857142857,0,0,8,8,8,13.65625,0,11.1,0.6,2.02,2,1.0,1.0,1.0,0.0,-0.7851785714285704,14.048839285714285,15,1.0,1,0,0,0.0,1.0,14.048839285714285,8.0,1.0,1
1,17,2,9773,1,1,148.0,1,3,38,2,6,144.2,1,0,0,1,0,0,18,0,0,6,6,6,15.166666666666666,0,0,6,7,6,14.285714285714286,0,12.4,0.5,1.79,2,1.0,1.0,1.0,0.0,-0.8809523809523796,14.726190476190476,12,1.0,0,0,1,1.0,1.0,14.726190476190476,6.0,1.0,1
1,17,1,9147,1,1,134.0,1,19,38,4,8,129.5,0,0,0,1,0,1,18,0,0,5,5,5,11.6,0,0,5,12,4,12.625,0,10.8,1.4,1.74,2,1.0,0.8,0.8,-0.19999999999999996,1.0250000000000004,12.1125,9,0.9,0,0,0,0.19999999999999996,0.9,10.901250000000001,4.0,0.8,1
1,17,1,9773,1,1,122.0,1,1,1,4,7,116.8,1,0,1,1,0,0,18,0,0,6,6,6,11.666666666666666,0,0,6,6,6,12.333333333333334,0,16.2,0.3,-0.92,2,1.0,1.0,1.0,0.0,0.6666666666666679,12.0,12,1.0,0,0,2,2.0,1.0,12.0,6.0,1.0,1
1,44,1,9003,1,39,160.0,1,37,38,9,6,160.0,0,0,0,1,0,1,20,0,0,6,8,6,12.625,0,0,6,10,6,13.2,0,16.2,0.3,-0.92,2,1.0,1.0,1.0,0.0,0.5749999999999993,12.9125,12,1.0,0,0,0,0.0,1.0,12.9125,6.0,1.0,1
1,16,2,9238,1,1,126.0,1,38,37,3,5,127.1,1,0,0,1,0,1,19,0,0,6,14,3,12.666666666666666,0,0,6,7,6,11.0,0,9.4,-0.8,-3.12,2,0.5,1.0,0.5,0.5,-1.666666666666666,11.833333333333332,9,0.75,0,0,0,0.0,0.75,8.875,6.0,0.5,1
1,1,1,9238,1,1,115.0,1,38,38,8,7,112.9,1,0,0,1,0,1,19,0,0,6,7,6,11.857142857142858,0,0,6,8,6,13.142857142857142,0,12.4,0.5,1.79,2,1.0,1.0,1.0,0.0,1.2857142857142847,12.5,12,1.0,0,0,0,0.0,1.0,12.5,6.0,1.0,1
1,17,2,9853,1,1,141.0,1,3,1,1,5,130.2,1,0,0,1,0,0,19,0,0,6,8,5,11.4,1,0,6,7,4,10.75,0,12.7,3.7,-1.7,1,0.8333333333333334,0.6666666666666666,0.5555555555555556,-0.16666666666666674,-0.6500000000000004,11.075,9,0.75,0,0,1,1.3333333333333335,0.75,8.306249999999999,4.0,0.8333333333333333,1
1,1,1,9670,1,1,130.0,1,19,19,7,7,121.6,0,0,0,1,0,0,19,0,0,6,7,6,14.714285714285714,0,0,6,6,6,15.833333333333334,0,12.4,0.5,1.79,2,1.0,1.0,1.0,0.0,1.1190476190476204,15.273809523809524,12,1.0,0,0,1,1.0,1.0,15.273809523809524,6.0,1.0,1
1,15,1,9670,1,1,130.0,26,42,1,2,7,130.0,0,1,1,1,0,0,20,1,0,6,6,6,13.5,0,0,6,9,5,13.0,0,8.9,1.4,3.51,2,1.0,0.8333333333333334,0.8333333333333334,-0.16666666666666663,-0.5,13.25,11,0.9166666666666666,0,0,2,2.1666666666666665,0.9166666666666666,12.145833333333332,5.0,0.8333333333333334,1
1,18,1,9130,1,1,135.0,1,38,19,9,5,121.7,1,0,0,1,0,1,18,0,0,5,7,4,11.5,0,0,5,5,5,12.4,0,10.8,1.4,1.74,2,0.8,1.0,0.8,0.19999999999999996,0.9000000000000004,11.95,9,0.9,0,0,0,0.0,0.9,10.754999999999999,5.0,0.8,1
1,7,1,9147,1,3,120.0,1,1,39,4,7,120.0,0,0,0,1,0,0,33,0,2,5,9,2,14.0,0,0,5,5,0,0.0,0,12.4,0.5,1.79,0,0.4,0.0,0.0,-0.4,-14.0,7.0,2,0.2,0,0,1,2.0,0.2,1.4000000000000001,0.0,0.6,1
1,1,1,9853,1,1,148.0,1,19,19,4,5,143.5,0,0,0,1,0,1,19,0,0,7,8,6,12.833333333333334,0,0,6,6,0,0.0,0,13.9,-0.3,0.79,0,0.8571428571428571,0.0,0.0,-0.8571428571428571,-12.833333333333334,6.416666666666667,6,0.46153846153846156,-1,0,0,1.0,0.46153846153846156,2.9615384615384617,0.0,0.1428571428571429,1
1,17,2,9556,1,1,136.0,1,1,1,9,9,128.3,0,0,0,1,0,1,18,0,0,7,7,7,13.428571428571429,0,0,8,8,8,14.75,0,15.5,2.8,-4.06,2,1.0,1.0,1.0,0.0,1.3214285714285712,14.089285714285715,15,1.0,1,0,0,0.0,1.0,14.089285714285715,8.0,1.0,1
1,17,1,9070,1,1,108.0,1,19,1,4,3,111.9,0,0,0,1,0,0,19,0,0,6,0,0,0.0,0,0,6,0,0,0.0,0,8.9,1.4,3.51,0,0.0,0.0,0.0,0.0,0.0,0.0,0,0.0,0,0,1,2.0,0.0,0.0,0.0,1.0,1
1,44,1,9003,1,39,140.0,1,38,38,6,3,140.0,0,0,0,1,0,0,19,0,0,6,18,3,11.666666666666666,0,0,6,14,4,11.5,0,15.5,2.8,-4.06,1,0.5,0.6666666666666666,0.3333333333333333,0.16666666666666663,-0.16666666666666607,11.583333333333332,7,0.5833333333333334,0,0,1,1.3333333333333335,0.5833333333333334,6.756944444444444,4.0,0.8333333333333334,1
1,1,3,9773,1,1,153.0,1,3,1,2,8,137.6,1,0,0,1,0,0,18,0,0,6,6,6,16.0,0,0,6,7,6,14.333333333333334,0,12.4,0.5,1.79,2,1.0,1.0,1.0,0.0,-1.666666666666666,15.166666666666668,12,1.0,0,0,1,1.0,1.0,15.166666666666668,6.0,1.0,1
1,1,1,9238,1,1,135.0,1,19,19,9,5,135.0,1,0,0,1,0,0,20,0,0,6,6,6,13.833333333333334,0,0,6,6,6,11.833333333333334,0,10.8,1.4,1.74,2,1.0,1.0,1.0,0.0,-2.0,12.833333333333334,12,1.0,0,0,1,1.0,1.0,12.833333333333334,6.0,1.0,1
1,1,5,9500,1,1,146.0,1,19,37,7,7,133.8,1,0,0,1,0,0,19,0,0,8,9,8,13.2325,1,0,8,9,8,13.2325,1,9.4,-0.8,-3.12,2,1.0,1.0,1.0,0.0,0.0,13.2325,16,1.0,0,0,1,1.0,1.0,13.2325,8.0,1.0,1
1,1,2,9773,1,1,130.0,1,19,19,9,9,126.9,1,0,0,1,1,1,18,0,0,6,6,6,14.0,0,0,6,6,6,14.166666666666666,0,9.4,-0.8,-3.12,2,1.0,1.0,1.0,0.0,0.16666666666666607,14.083333333333332,12,1.0,0,0,0,0.0,1.0,14.083333333333332,6.0,1.0,1
1,17,2,9254,1,1,113.0,1,1,2,5,3,106.7,1,0,1,1,1,1,19,0,0,6,14,2,10.0,0,0,6,6,0,0.0,0,13.9,-0.3,0.79,0,0.3333333333333333,0.0,0.0,-0.3333333333333333,-10.0,5.0,2,0.16666666666666666,0,0,1,2.0,0.16666666666666666,0.8333333333333333,0.0,0.6666666666666667,1
1,43,1,8014,0,1,145.7,22,37,37,9,9,145.7,1,0,0,1,0,0,25,1,8,16,16,15,13.333333333333334,0,11,13,13,11,12.272727272727272,0,13.9,-0.3,0.79,2,0.9375,0.8461538461538461,0.7932692307692307,-0.09134615384615385,-1.0606060606060623,12.803030303030303,26,0.896551724137931,-3,0,1,1.1538461538461537,0.896551724137931,11.478578892371996,11.0,0.9086538461538461,1
1,1,1,8014,0,1,126.0,1,38,37,5,5,118.7,0,0,0,1,0,0,19,0,0,6,6,6,12.5,0,0,6,6,6,11.5,0,12.7,3.7,-1.7,2,1.0,1.0,1.0,0.0,-1.0,12.0,12,1.0,0,0,1,1.0,1.0,12.0,6.0,1.0,1
1,17,1,9991,0,1,160.0,1,34,34,0,0,161.8,1,0,1,1,1,0,33,0,0,5,8,2,10.5,0,0,5,5,0,0.0,0,7.6,2.6,0.32,0,0.4,0.0,0.0,-0.4,-10.5,5.25,2,0.2,0,0,2,3.0,0.2,1.05,0.0,0.6,1
1,18,4,9119,1,1,134.0,1,19,38,194,175,124.9,1,0,1,1,1,0,18,0,0,5,11,3,10.666666666666666,0,0,5,9,3,11.333333333333334,0,8.9,1.4,3.51,1,0.6,0.6,0.36,0.0,0.6666666666666679,11.0,6,0.6,0,0,2,2.4,0.6,6.6,3.0,1.0,1
1,1,1,9119,1,1,163.0,1,19,37,5,8,150.8,1,0,0,1,1,0,18,0,0,5,9,4,10.5,0,0,5,11,2,10.5,3,7.6,2.6,0.32,1,0.8,0.4,0.32000000000000006,-0.4,0.0,10.5,6,0.6,0,0,1,1.6,0.6,6.3,2.0,0.6,1
1,15,1,9147,1,1,130.0,26,1,1,2,3,130.0,0,0,0,1,0,0,19,1,0,5,10,4,12.0,0,0,5,6,5,11.4,0,11.1,0.6,2.02,2,0.8,1.0,0.8,0.19999999999999996,-0.5999999999999996,11.7,9,0.9,0,0,1,1.0,0.9,10.53,5.0,0.8,1
1,43,1,9147,1,1,142.0,1,38,19,141,171,115.0,0,0,0,1,0,0,19,0,0,5,11,5,11.5,0,0,5,9,2,10.666666666666666,0,13.9,-0.3,0.79,1,1.0,0.4,0.4,-0.6,-0.8333333333333339,11.083333333333332,7,0.7,0,0,1,1.6,0.7,7.758333333333332,2.0,0.4,1
1,17,5,9853,1,1,141.0,1,3,19,2,7,130.9,1,0,0,1,0,0,18,0,0,6,7,6,13.5,0,0,6,8,5,12.6,0,7.6,2.6,0.32,2,1.0,0.8333333333333334,0.8333333333333334,-0.16666666666666663,-0.9000000000000004,13.05,11,0.9166666666666666,0,0,1,1.1666666666666665,0.9166666666666666,11.9625,5.0,0.8333333333333334,1
1,1,3,9500,1,1,143.0,1,19,37,7,7,127.0,1,0,0,1,0,0,18,0,0,8,8,8,13.07375,0,0,8,8,8,13.07375,0,9.4,-0.8,-3.12,2,1.0,1.0,1.0,0.0,0.0,13.07375,16,1.0,0,0,1,1.0,1.0,13.07375,8.0,1.0,1
2,39,1,9500,1,19,133.1,1,38,38,2,10,120.0,0,0,0,1,0,0,37,0,0,7,9,2,10.75,0,0,7,9,0,0.0,0,16.2,0.3,-0.92,0,0.2857142857142857,0.0,0.0,-0.2857142857142857,-10.75,5.375,2,0.14285714285714285,0,0,1,2.0,0.14285714285714285,0.7678571428571428,0.0,0.7142857142857143,1
1,1,1,9254,1,1,172.0,41,37,37,5,5,153.8,1,0,0,1,0,1,20,1,0,6,6,6,14.0,0,0,6,6,6,13.333333333333334,0,10.8,1.4,1.74,2,1.0,1.0,1.0,0.0,-0.6666666666666661,13.666666666666668,12,1.0,0,0,0,0.0,1.0,13.666666666666668,6.0,1.0,1
1,15,1,9238,1,1,140.0,26,19,19,9,6,140.0,0,0,0,1,1,0,21,1,0,6,7,6,12.333333333333334,0,0,6,7,6,13.428571428571429,0,11.1,0.6,2.02,2,1.0,1.0,1.0,0.0,1.095238095238095,12.880952380952381,12,1.0,0,0,1,1.0,1.0,12.880952380952381,6.0,1.0,1
1,17,1,9500,1,1,142.0,1,38,1,5,4,136.6,0,0,0,1,0,1,18,0,0,7,7,7,13.464285714285714,0,0,8,9,8,14.788888888888888,0,12.4,0.5,1.79,2,1.0,1.0,1.0,0.0,1.3246031746031743,14.1265873015873,15,1.0,1,0,0,0.0,1.0,14.1265873015873,8.0,1.0,1
1,39,1,8014,0,1,140.0,1,19,1,9,8,105.0,0,0,0,1,0,0,26,0,0,6,14,3,10.666666666666666,1,0,6,9,5,11.2,0,15.5,2.8,-4.06,1,0.5,0.8333333333333334,0.4166666666666667,0.33333333333333337,0.5333333333333332,10.933333333333334,8,0.6666666666666666,0,0,1,1.1666666666666665,0.6666666666666666,7.288888888888889,5.0,0.6666666666666666,1
1,1,2,9773,1,1,148.0,1,19,1,3,9,140.0,1,0,0,1,0,1,18,0,0,6,6,6,13.666666666666666,0,0,6,6,6,14.666666666666666,0,16.2,0.3,-0.92,2,1.0,1.0,1.0,0.0,1.0,14.166666666666666,12,1.0,0,0,0,0.0,1.0,14.166666666666666,6.0,1.0,1
1,1,4,9500,1,1,137.0,1,19,37,9,7,130.8,0,0,1,1,0,0,18,0,0,8,9,8,14.4025,1,0,8,9,8,14.4025,1,9.4,-0.8,-3.12,2,1.0,1.0,1.0,0.0,0.0,14.4025,16,1.0,0,0,2,2.0,1.0,14.4025,8.0,1.0,1
1,1,1,9500,1,1,143.0,1,38,38,9,9,138.8,1,0,0,1,0,0,31,0,0,7,9,7,15.46875,0,0,8,8,8,16.3875,0,11.1,0.6,2.02,2,1.0,1.0,1.0,0.0,0.9187499999999993,15.928125,15,1.0,1,0,1,1.0,1.0,15.928125,8.0,1.0,1
1,1,1,9238,1,1,133.1,1,1,1,4,10,110.0,0,0,1,1,0,0,23,0,0,6,8,6,12.625,0,0,6,6,6,14.166666666666666,0,12.7,3.7,-1.7,2,1.0,1.0,1.0,0.0,1.541666666666666,13.395833333333332,12,1.0,0,0,2,2.0,1.0,13.395833333333332,6.0,1.0,1
1,1,4,9500,1,1,138.0,1,37,19,9,9,127.8,1,0,0,1,0,0,19,0,0,7,7,6,14.983333333333334,0,0,7,7,6,14.983333333333334,0,7.6,2.6,0.32,2,0.8571428571428571,0.8571428571428571,0.7346938775510203,0.0,0.0,14.983333333333334,12,0.8571428571428571,0,0,1,1.1428571428571428,0.8571428571428571,12.842857142857143,6.0,1.0,1
1,16,3,9773,1,1,138.0,1,37,38,4,9,134.2,1,0,0,1,0,1,20,0,0,6,6,6,15.0,0,0,6,6,6,13.0,0,11.1,0.6,2.02,2,1.0,1.0,1.0,0.0,-2.0,14.0,12,1.0,0,0,0,0.0,1.0,14.0,6.0,1.0,1
2,39,1,8014,0,1,150.0,1,37,37,7,5,143.0,0,0,0,1,0,0,40,0,5,9,9,9,15.88888888888889,0,3,7,7,7,14.142857142857142,0,12.7,3.7,-1.7,2,1.0,1.0,1.0,0.0,-1.746031746031747,15.015873015873016,16,1.0,-2,0,1,1.0,1.0,15.015873015873016,7.0,1.0,1
1,44,1,9085,1,39,120.0,1,37,37,9,9,120.0,1,0,1,1,0,0,32,0,0,6,14,4,11.5,0,0,6,14,3,11.0,0,16.2,0.3,-0.92,0,0.6666666666666666,0.5,0.3333333333333333,-0.16666666666666663,-0.5,11.25,7,0.5833333333333334,0,0,2,2.5,0.5833333333333334,6.5625,3.0,0.8333333333333334,1
1,1,4,9254,1,1,110.0,1,37,37,9,7,113.2,1,0,0,1,0,0,24,0,0,6,14,2,10.5,0,0,6,11,1,10.0,0,10.8,1.4,1.74,0,0.3333333333333333,0.16666666666666666,0.05555555555555555,-0.16666666666666666,-0.5,10.25,3,0.25,0,0,1,1.8333333333333335,0.25,2.5625,1.0,0.8333333333333334,1
1,17,4,9500,1,1,146.0,1,19,37,5,8,135.8,1,0,0,1,0,0,18,0,0,7,7,6,13.983333333333334,0,0,7,7,6,13.983333333333334,0,7.6,2.6,0.32,2,0.8571428571428571,0.8571428571428571,0.7346938775510203,0.0,0.0,13.983333333333334,12,0.8571428571428571,0,0,1,1.1428571428571428,0.8571428571428571,11.985714285714286,6.0,1.0,1
1,1,1,9238,1,1,148.0,1,37,37,9,9,143.5,0,0,0,1,0,0,18,0,0,6,6,6,13.0,0,0,6,6,6,12.833333333333334,0,10.8,1.4,1.74,2,1.0,1.0,1.0,0.0,-0.16666666666666607,12.916666666666668,12,1.0,0,0,1,1.0,1.0,12.916666666666668,6.0,1.0,1
1,1,1,9238,1,1,145.0,1,19,37,4,7,148.9,1,0,0,1,0,1,18,0,0,6,6,6,13.666666666666666,0,0,6,6,6,13.0,0,10.8,1.4,1.74,2,1.0,1.0,1.0,0.0,-0.6666666666666661,13.333333333333332,12,1.0,0,0,0,0.0,1.0,13.333333333333332,6.0,1.0,1
1,39,1,9003,1,1,133.1,1,38,38,4,7,115.6,1,0,0,0,0,0,27,0,0,6,8,0,0.0,0,0,6,8,0,0.0,0,15.5,2.8,-4.06,0,0.0,0.0,0.0,0.0,0.0,0.0,0,0.0,0,0,2,3.0,0.0,0.0,0.0,1.0,1
1,1,1,9147,1,1,160.0,1,38,37,9,5,159.3,0,0,0,1,0,0,18,0,0,5,5,5,14.4,0,0,5,5,5,15.4,0,7.6,2.6,0.32,2,1.0,1.0,1.0,0.0,1.0,14.9,10,1.0,0,0,1,1.0,1.0,14.9,5.0,1.0,1
1,39,1,9991,0,1,150.0,1,19,37,9,8,138.5,0,0,0,1,0,0,26,0,0,5,10,4,12.0,0,0,5,9,4,11.25,0,12.7,3.7,-1.7,1,0.8,0.8,0.6400000000000001,0.0,-0.75,11.625,8,0.8,0,0,1,1.2,0.8,9.3,4.0,1.0,1
1,1,1,9853,1,1,130.0,1,19,12,9,4,133.2,1,0,0,1,0,0,19,0,0,6,6,6,14.166666666666666,0,0,6,7,6,13.666666666666666,0,7.6,2.6,0.32,2,1.0,1.0,1.0,0.0,-0.5,13.916666666666666,12,1.0,0,0,1,1.0,1.0,13.916666666666666,6.0,1.0,1
1,17,2,8014,0,1,120.0,1,37,34,0,0,117.6,1,0,0,1,0,0,19,0,0,6,8,5,12.2,0,0,6,7,6,12.0,0,7.6,2.6,0.32,2,0.8333333333333334,1.0,0.8333333333333334,0.16666666666666663,-0.1999999999999993,12.1,11,0.9166666666666666,0,0,1,1.0,0.9166666666666666,11.091666666666665,6.0,0.8333333333333334,1
1,18,2,9147,1,1,115.0,1,1,37,5,5,108.7,1,0,0,1,0,0,21,0,0,5,8,3,12.0,1,0,5,9,3,12.666666666666666,0,9.4,-0.8,-3.12,1,0.6,0.6,0.36,0.0,0.6666666666666661,12.333333333333332,6,0.6,0,0,1,1.4,0.6,7.399999999999999,3.0,1.0,1
1,17,1,9853,1,1,120.0,1,37,37,9,10,122.6,0,0,0,1,0,0,20,0,0,6,8,3,12.333333333333334,0,0,6,11,2,10.5,0,12.7,3.7,-1.7,0,0.5,0.3333333333333333,0.16666666666666666,-0.16666666666666669,-1.833333333333334,11.416666666666668,5,0.4166666666666667,0,0,1,1.6666666666666667,0.4166666666666667,4.7569444444444455,2.0,0.8333333333333333,1
1,1,4,9853,1,1,134.0,1,19,1,5,9,127.4,1,0,0,1,0,0,18,0,0,6,7,5,12.2,0,0,6,7,5,12.2,0,10.8,1.4,1.74,1,0.8333333333333334,0.8333333333333334,0.6944444444444445,0.0,0.0,12.2,10,0.8333333333333334,0,0,1,1.1666666666666665,0.8333333333333334,10.166666666666666,5.0,1.0,1
1,39,1,9003,1,1,133.1,1,19,19,9,9,100.0,0,0,0,1,0,0,30,0,0,6,6,0,0.0,0,0,6,6,0,0.0,0,11.1,0.6,2.02,0,0.0,0.0,0.0,0.0,0.0,0.0,0,0.0,0,0,1,2.0,0.0,0.0,0.0,1.0,1
1,7,1,9147,1,3,130.0,1,37,19,9,8,130.0,0,0,0,1,0,0,21,0,4,9,9,9,10.88888888888889,0,3,10,18,10,11.615384615384617,0,10.8,1.4,1.74,2,1.0,1.0,1.0,0.0,0.7264957264957275,11.252136752136753,19,1.0,1,0,1,1.0,1.0,11.252136752136753,10.0,1.0,1
1,17,1,9147,1,1,115.0,1,19,19,7,7,115.0,1,0,0,1,0,0,23,0,0,5,7,2,10.0,1,0,5,9,1,12.0,0,9.4,-0.8,-3.12,1,0.4,0.2,0.08000000000000002,-0.2,2.0,11.0,3,0.3,0,0,1,1.8,0.3,3.3,1.0,0.8,1
1,17,1,9070,1,1,135.0,1,19,37,5,9,145.9,0,0,0,1,0,1,18,0,0,6,6,6,12.666666666666666,0,0,6,6,6,12.166666666666666,0,16.2,0.3,-0.92,2,1.0,1.0,1.0,0.0,-0.5,12.416666666666666,12,1.0,0,0,0,0.0,1.0,12.416666666666666,6.0,1.0,1
1,1,1,9070,1,1,133.1,1,1,37,5,9,143.0,1,0,1,1,0,0,21,0,0,6,9,5,11.4,0,0,6,8,5,12.2,0,12.7,3.7,-1.7,0,0.8333333333333334,0.8333333333333334,0.6944444444444445,0.0,0.7999999999999989,11.8,10,0.8333333333333334,0,0,2,2.1666666666666665,0.8333333333333334,9.833333333333334,5.0,1.0,1
1,17,3,9085,1,1,130.0,1,19,37,5,5,121.3,1,0,0,1,0,0,21,0,0,5,14,2,13.0,2,0,5,8,4,12.0,1,9.4,-0.8,-3.12,1,0.4,0.8,0.32000000000000006,0.4,-1.0,12.5,6,0.6,0,0,1,1.2,0.6,7.5,4.0,0.6,1
1,17,1,9254,1,1,122.0,1,1,1,4,9,112.9,1,0,0,1,0,0,22,0,0,6,14,4,12.25,0,0,6,11,3,11.333333333333334,0,7.6,2.6,0.32,1,0.6666666666666666,0.5,0.3333333333333333,-0.16666666666666663,-0.9166666666666661,11.791666666666668,7,0.5833333333333334,0,0,1,1.5,0.5833333333333334,6.878472222222223,3.0,0.8333333333333334,1
1,1,3,9238,1,1,126.0,1,38,19,5,8,120.8,1,0,0,1,0,0,19,0,0,6,7,6,12.285714285714286,0,0,6,7,6,12.833333333333334,0,12.4,0.5,1.79,2,1.0,1.0,1.0,0.0,0.5476190476190474,12.55952380952381,12,1.0,0,0,1,1.0,1.0,12.55952380952381,6.0,1.0,1
1,1,5,9085,1,1,121.0,1,38,37,9,8,114.0,1,0,0,0,0,0,19,0,0,5,12,0,0.0,4,0,5,8,0,0.0,1,9.4,-0.8,-3.12,0,0.0,0.0,0.0,0.0,0.0,0.0,0,0.0,0,0,2,3.0,0.0,0.0,0.0,1.0,1
1,17,1,9238,1,1,152.0,1,37,37,7,5,132.1,1,0,0,1,0,0,19,0,0,6,10,2,10.5,0,0,6,11,1,13.0,0,9.4,-0.8,-3.12,0,0.3333333333333333,0.16666666666666666,0.05555555555555555,-0.16666666666666666,2.5,11.75,3,0.25,0,0,1,1.8333333333333335,0.25,2.9375,1.0,0.8333333333333334,1
1,10,1,9085,1,1,134.0,1,37,37,5,5,134.0,1,0,0,1,0,0,22,0,2,5,7,5,14.2,0,0,5,10,5,12.2,0,12.7,3.7,-1.7,2,1.0,1.0,1.0,0.0,-2.0,13.2,10,1.0,0,0,1,1.0,1.0,13.2,5.0,1.0,1
1,17,4,9254,1,1,125.0,1,38,38,5,5,115.6,1,0,0,1,0,0,20,0,0,6,6,6,11.0,0,0,6,8,4,12.75,0,9.4,-0.8,-3.12,2,1.0,0.6666666666666666,0.6666666666666666,-0.33333333333333337,1.75,11.875,10,0.8333333333333334,0,0,1,1.3333333333333335,0.8333333333333334,9.895833333333334,4.0,0.6666666666666666,1
2,43,1,9991,0,1,130.0,1,37,37,9,9,128.2,0,0,0,1,0,0,34,0,3,8,9,3,11.0,0,2,7,7,2,10.0,0,9.4,-0.8,-3.12,0,0.375,0.2857142857142857,0.10714285714285714,-0.0892857142857143,-1.0,10.5,5,0.3333333333333333,-1,0,1,1.7142857142857144,0.3333333333333333,3.5,2.0,0.9107142857142857,1
1,17,2,9500,1,1,138.0,1,1,38,5,8,132.8,1,0,0,1,0,0,18,0,0,7,9,6,12.385714285714286,0,0,8,9,8,13.755555555555556,0,13.9,-0.3,0.79,2,0.8571428571428571,1.0,0.8571428571428571,0.1428571428571429,1.3698412698412703,13.070634920634921,14,0.9333333333333333,1,0,1,1.0,0.9333333333333333,12.19925925925926,8.0,0.8571428571428571,1
1,17,2,9773,1,1,121.0,1,1,1,5,5,123.1,1,0,0,1,1,0,20,0,0,6,12,4,14.75,0,0,6,7,4,12.25,0,9.4,-0.8,-3.12,2,0.6666666666666666,0.6666666666666666,0.4444444444444444,0.0,-2.5,13.5,8,0.6666666666666666,0,0,1,1.3333333333333335,0.6666666666666666,9.0,4.0,1.0,1
1,1,1,9130,1,1,134.0,41,1,19,5,5,125.6,1,0,0,1,0,0,20,1,0,5,6,5,16.166666666666668,0,0,5,6,5,15.833333333333334,0,12.7,3.7,-1.7,2,1.0,1.0,1.0,0.0,-0.3333333333333339,16.0,10,1.0,0,0,1,1.0,1.0,16.0,5.0,1.0,1
1,39,1,9991,0,1,130.0,1,1,38,4,9,115.0,0,0,0,1,1,0,25,0,0,5,7,0,0.0,0,0,5,8,0,0.0,0,16.2,0.3,-0.92,0,0.0,0.0,0.0,0.0,0.0,0.0,0,0.0,0,0,1,2.0,0.0,0.0,0.0,1.0,1
1,17,1,9853,1,1,160.0,1,19,38,5,7,139.0,1,0,0,1,0,1,18,0,0,6,8,5,12.2,0,0,6,13,0,0.0,0,9.4,-0.8,-3.12,0,0.8333333333333334,0.0,0.0,-0.8333333333333334,-12.2,6.1,5,0.4166666666666667,0,0,0,1.0,0.4166666666666667,2.5416666666666665,0.0,0.16666666666666663,1
1,17,1,9254,1,1,118.0,1,1,19,5,4,118.0,0,0,0,1,0,1,19,0,0,6,7,5,11.0,0,0,6,7,5,12.8,0,12.4,0.5,1.79,2,0.8333333333333334,0.8333333333333334,0.6944444444444445,0.0,1.8000000000000007,11.9,10,0.8333333333333334,0,0,0,0.16666666666666663,0.8333333333333334,9.916666666666668,5.0,1.0,1
1,44,1,9238,1,1,140.0,1,1,1,5,5,143.4,0,0,0,1,0,1,21,0,3,6,6,6,14.833333333333334,0,2,6,7,6,12.571428571428571,0,13.9,-0.3,0.79,2,1.0,1.0,1.0,0.0,-2.2619047619047628,13.702380952380953,12,1.0,0,0,0,0.0,1.0,13.702380952380953,6.0,1.0,1
1,1,1,9070,1,1,110.0,1,1,37,9,9,105.1,1,0,0,1,0,1,20,0,0,6,6,6,12.0,0,0,6,6,6,11.833333333333334,0,12.4,0.5,1.79,2,1.0,1.0,1.0,0.0,-0.16666666666666607,11.916666666666668,12,1.0,0,0,0,0.0,1.0,11.916666666666668,6.0,1.0,1
1,51,1,8014,0,42,140.0,1,19,37,134,193,138.0,1,0,1,1,0,1,21,0,13,13,13,11,12.727272727272728,0,9,11,11,10,12.6,0,8.9,1.4,3.51,2,0.8461538461538461,0.9090909090909091,0.7692307692307692,0.06293706293706292,-0.12727272727272876,12.663636363636364,21,0.875,-2,0,1,1.0909090909090908,0.875,11.08068181818182,10.0,0.9370629370629371,1
1,1,4,9773,1,1,140.0,22,1,37,3,9,130.5,1,0,0,1,0,0,20,1,0,6,6,6,12.333333333333334,0,0,6,6,6,12.0,0,12.7,3.7,-1.7,2,1.0,1.0,1.0,0.0,-0.3333333333333339,12.166666666666668,12,1.0,0,0,1,1.0,1.0,12.166666666666668,6.0,1.0,1
1,39,1,9991,0,1,110.0,1,37,37,9,9,134.3,0,0,0,1,1,0,24,0,0,5,10,0,0.0,0,0,5,7,1,12.0,0,10.8,1.4,1.74,0,0.0,0.2,0.0,0.2,12.0,6.0,1,0.1,0,0,1,1.8,0.1,0.6000000000000001,1.0,0.8,1
1,1,1,9500,1,1,148.0,1,1,1,4,3,137.5,0,0,0,1,1,0,18,0,0,7,7,7,14.842857142857143,0,0,8,9,8,14.38888888888889,0,16.2,0.3,-0.92,2,1.0,1.0,1.0,0.0,-0.45396825396825413,14.615873015873017,15,1.0,1,0,1,1.0,1.0,14.615873015873017,8.0,1.0,1
1,1,1,9147,1,1,120.0,1,1,19,7,7,111.3,0,0,0,1,1,1,18,0,0,5,10,4,10.8,0,0,5,10,4,11.75,0,15.5,2.8,-4.06,1,0.8,0.8,0.6400000000000001,0.0,0.9499999999999993,11.275,8,0.8,0,0,0,0.19999999999999996,0.8,9.020000000000001,4.0,1.0,1
1,39,1,9991,0,1,130.0,1,1,1,9,7,152.1,0,0,0,1,1,0,28,0,0,5,13,2,11.0,0,0,5,12,1,12.0,0,11.1,0.6,2.02,0,0.4,0.2,0.08000000000000002,-0.2,1.0,11.5,3,0.3,0,0,1,1.8,0.3,3.4499999999999997,1.0,0.8,1
1,17,1,9254,1,1,132.0,1,38,38,0,5,126.1,0,0,0,1,1,0,20,0,0,6,9,4,10.75,0,0,6,12,0,0.0,0,7.6,2.6,0.32,0,0.6666666666666666,0.0,0.0,-0.6666666666666666,-10.75,5.375,4,0.3333333333333333,0,0,1,2.0,0.3333333333333333,1.7916666666666665,0.0,0.33333333333333337,1
1,43,1,9500,1,1,130.0,1,1,1,7,4,136.0,1,0,0,1,1,0,22,0,0,8,9,8,12.55375,1,0,8,9,8,12.55375,1,9.4,-0.8,-3.12,2,1.0,1.0,1.0,0.0,0.0,12.55375,16,1.0,0,0,1,1.0,1.0,12.55375,8.0,1.0,1
1,1,4,9500,1,1,128.0,1,19,1,4,4,124.3,1,0,0,1,1,0,19,0,0,8,8,7,12.665714285714284,0,0,8,8,7,12.665714285714284,0,10.8,1.4,1.74,2,0.875,0.875,0.765625,0.0,0.0,12.665714285714284,14,0.875,0,0,1,1.125,0.875,11.082499999999998,7.0,1.0,1
1,39,2,9556,1,1,133.1,1,3,1,2,4,136.1,0,0,0,1,1,0,26,0,0,7,7,2,11.75,0,0,5,10,0,0.0,0,12.4,0.5,1.79,0,0.2857142857142857,0.0,0.0,-0.2857142857142857,-11.75,5.875,2,0.16666666666666666,-2,0,1,2.0,0.16666666666666666,0.9791666666666666,0.0,0.7142857142857143,1
1,1,2,9254,1,1,120.0,1,37,37,9,9,115.1,1,0,0,0,1,0,21,0,0,6,11,3,11.0,0,0,6,14,0,0.0,0,9.4,-0.8,-3.12,0,0.5,0.0,0.0,-0.5,-11.0,5.5,3,0.25,0,0,2,3.0,0.25,1.375,0.0,0.5,1
1,16,2,171,1,1,145.0,1,3,3,2,2,143.6,1,0,0,1,1,0,18,0,0,0,0,0,0.0,0,0,0,0,0,0.0,0,12.4,0.5,1.79,2,0.0,0.0,0.0,0.0,0.0,0.0,0,0.0,0,1,1,3.0,0.0,0.0,0.0,1.0,0
1,17,1,9147,1,1,127.0,1,37,38,9,7,115.8,1,0,0,1,1,0,18,0,0,5,5,5,13.4,0,0,5,6,5,12.2,0,11.1,0.6,2.02,2,1.0,1.0,1.0,0.0,-1.200000000000001,12.8,10,1.0,0,0,1,1.0,1.0,12.8,5.0,1.0,1
1,1,2,171,1,1,135.0,1,19,19,4,7,149.0,1,0,0,1,1,0,22,0,14,17,21,17,12.578947368421051,0,15,17,20,17,12.117647058823527,0,11.1,0.6,2.02,2,1.0,1.0,1.0,0.0,-0.4613003095975241,12.348297213622288,34,1.0,0,0,1,1.0,1.0,12.348297213622288,17.0,1.0,1
2,39,1,9119,1,19,133.1,1,37,37,9,9,100.0,0,0,0,1,1,0,36,0,0,5,0,0,0.0,0,0,5,0,0,0.0,0,16.2,0.3,-0.92,0,0.0,0.0,0.0,0.0,0.0,0.0,0,0.0,0,0,1,2.0,0.0,0.0,0.0,1.0,1
1,1,1,9773,1,1,125.0,1,38,38,9,9,133.4,1,0,0,1,1,1,20,0,0,6,8,6,12.0,0,0,6,8,6,11.5,0,13.9,-0.3,0.79,2,1.0,1.0,1.0,0.0,-0.5,11.75,12,1.0,0,0,0,0.0,1.0,11.75,6.0,1.0,1
1,17,5,9670,1,1,127.0,1,3,4,2,2,122.8,0,0,0,1,1,0,20,0,0,6,6,3,12.333333333333334,0,0,6,9,0,0.0,0,10.8,1.4,1.74,0,0.5,0.0,0.0,-0.5,-12.333333333333334,6.166666666666667,3,0.25,0,0,1,2.0,0.25,1.5416666666666667,0.0,0.5,1
1,39,1,9991,0,1,133.1,1,37,1,5,4,151.2,0,0,0,1,1,0,25,0,0,5,11,4,11.5,0,0,5,11,3,13.5,0,12.4,0.5,1.79,0,0.8,0.6,0.48,-0.20000000000000007,2.0,12.5,7,0.7,0,0,1,1.4,0.7,8.75,3.0,0.7999999999999999,1
1,39,1,9003,1,1,150.0,1,37,19,6,4,137.0,0,0,0,1,1,0,35,0,1,6,7,5,12.8,0,1,6,11,5,13.833333333333334,0,15.5,2.8,-4.06,2,0.8333333333333334,0.8333333333333334,0.6944444444444445,0.0,1.0333333333333332,13.316666666666666,10,0.8333333333333334,0,0,1,1.1666666666666665,0.8333333333333334,11.097222222222223,5.0,1.0,1
1,1,1,171,1,1,133.1,1,1,37,7,7,118.0,0,0,0,1,1,0,22,0,0,0,0,0,0.0,0,0,0,0,0,0.0,0,11.1,0.6,2.02,0,0.0,0.0,0.0,0.0,0.0,0.0,0,0.0,0,1,1,3.0,0.0,0.0,0.0,1.0,0
1,44,1,9003,1,39,130.0,1,38,38,9,5,130.0,0,0,1,0,1,0,20,0,0,6,16,4,11.8,0,0,6,15,2,12.0,0,16.2,0.3,-0.92,0,0.6666666666666666,0.3333333333333333,0.2222222222222222,-0.3333333333333333,0.1999999999999993,11.9,6,0.5,0,0,3,3.666666666666667,0.5,5.95,2.0,0.6666666666666667,1
1,43,1,8014,0,12,133.1,1,37,1,9,10,112.5,0,0,0,1,1,0,50,0,6,13,13,6,11.333333333333334,0,2,11,11,2,13.5,0,16.2,0.3,-0.92,0,0.46153846153846156,0.18181818181818182,0.08391608391608392,-0.27972027972027974,2.166666666666666,12.416666666666668,8,0.3333333333333333,-2,0,1,1.8181818181818181,0.3333333333333333,4.138888888888889,2.0,0.7202797202797202,1
1,7,1,9003,1,3,140.0,1,3,19,2,10,140.0,0,0,0,0,1,0,35,0,0,6,10,5,15.2,0,1,6,9,1,11.0,0,15.5,2.8,-4.06,0,0.8333333333333334,0.16666666666666666,0.1388888888888889,-0.6666666666666667,-4.199999999999999,13.1,6,0.5,0,0,2,2.8333333333333335,0.5,6.55,1.0,0.33333333333333326,1
1,1,1,9670,1,1,110.0,1,3,19,4,5,109.0,0,0,0,1,1,1,19,0,0,6,7,6,13.142857142857142,0,0,6,8,6,14.166666666666666,0,15.5,2.8,-4.06,2,1.0,1.0,1.0,0.0,1.0238095238095237,13.654761904761905,12,1.0,0,0,0,0.0,1.0,13.654761904761905,6.0,1.0,1
2,39,2,9147,1,1,133.1,1,37,37,5,7,110.0,0,0,0,1,1,0,43,0,0,5,14,0,0.0,1,0,5,5,0,0.0,0,9.4,-0.8,-3.12,0,0.0,0.0,0.0,0.0,0.0,0.0,0,0.0,0,0,1,2.0,0.0,0.0,0.0,1.0,1
1,17,5,9500,1,1,124.0,1,3,38,2,1,119.8,0,0,0,1,1,0,19,0,0,8,11,7,13.867142857142856,0,0,8,11,7,13.867142857142856,0,10.8,1.4,1.74,2,0.875,0.875,0.765625,0.0,0.0,13.867142857142856,14,0.875,0,0,1,1.125,0.875,12.13375,7.0,1.0,1
1,39,1,9500,1,1,114.0,1,37,37,9,9,130.0,0,0,0,1,1,0,25,0,0,8,11,6,12.675,0,0,8,11,6,12.675,0,12.7,3.7,-1.7,2,0.75,0.75,0.5625,0.0,0.0,12.675,12,0.75,0,0,1,1.25,0.75,9.506250000000001,6.0,1.0,1
1,16,1,171,1,1,155.0,1,1,3,5,10,167.3,1,0,0,1,1,0,19,0,0,0,0,0,0.0,0,0,0,0,0,0.0,0,13.9,-0.3,0.79,2,0.0,0.0,0.0,0.0,0.0,0.0,0,0.0,0,1,1,3.0,0.0,0.0,0.0,1.0,0
2,39,1,9773,1,38,100.0,1,37,37,9,7,154.0,1,0,0,1,1,0,57,0,0,6,7,5,14.2,0,0,6,6,6,14.166666666666666,0,9.4,-0.8,-3.12,2,0.8333333333333334,1.0,0.8333333333333334,0.16666666666666663,-0.033333333333333215,14.183333333333334,11,0.9166666666666666,0,0,1,1.0,0.9166666666666666,13.001388888888888,6.0,0.8333333333333334,1
1,1,1,9500,1,1,133.1,1,1,19,3,5,115.0,0,0,0,0,1,0,20,0,0,7,11,4,12.6,0,0,7,7,4,11.575,0,16.2,0.3,-0.92,0,0.5714285714285714,0.5714285714285714,0.32653061224489793,0.0,-1.0250000000000004,12.087499999999999,8,0.5714285714285714,0,0,2,2.428571428571429,0.5714285714285714,6.907142857142856,4.0,1.0,1
1,39,1,9991,0,1,120.0,1,1,1,5,5,96.0,1,0,0,0,1,0,38,0,0,5,5,0,0.0,0,0,5,5,0,0.0,0,8.9,1.4,3.51,0,0.0,0.0,0.0,0.0,0.0,0.0,0,0.0,0,0,2,3.0,0.0,0.0,0.0,1.0,1
2,39,1,9991,0,1,120.0,1,37,3,9,3,168.2,0,0,0,1,1,0,45,0,0,5,6,5,14.0,0,0,5,6,5,14.166666666666666,0,12.4,0.5,1.79,2,1.0,1.0,1.0,0.0,0.16666666666666607,14.083333333333332,10,1.0,0,0,1,1.0,1.0,14.083333333333332,5.0,1.0,1
2,39,1,9773,1,1,110.0,1,37,37,9,10,140.0,0,0,1,0,1,0,43,0,0,6,16,2,10.0,0,0,6,12,4,12.25,0,10.8,1.4,1.74,0,0.3333333333333333,0.6666666666666666,0.2222222222222222,0.3333333333333333,2.25,11.125,6,0.5,0,0,3,3.3333333333333335,0.5,5.5625,4.0,0.6666666666666667,1
1,17,4,9070,1,1,144.0,1,38,1,9,9,137.4,1,0,0,1,1,0,19,0,0,6,6,6,13.833333333333334,0,0,6,8,6,13.125,0,10.8,1.4,1.74,2,1.0,1.0,1.0,0.0,-0.7083333333333339,13.479166666666668,12,1.0,0,0,1,1.0,1.0,13.479166666666668,6.0,1.0,1
2,39,1,9991,0,19,133.1,1,19,19,4,4,150.0,0,0,0,0,1,0,49,0,0,5,8,2,11.0,0,0,5,5,1,11.0,0,15.5,2.8,-4.06,0,0.4,0.2,0.08000000000000002,-0.2,0.0,11.0,3,0.3,0,0,2,2.8,0.3,3.3,1.0,0.8,1
1,39,1,8014,0,1,133.1,1,37,38,9,9,148.5,0,0,0,1,1,0,34,0,0,6,6,4,12.25,0,0,5,5,0,0.0,0,11.1,0.6,2.02,0,0.6666666666666666,0.0,0.0,-0.6666666666666666,-12.25,6.125,4,0.36363636363636365,-1,0,1,2.0,0.36363636363636365,2.2272727272727275,0.0,0.33333333333333337,1
2,39,1,9991,0,1,120.0,1,38,38,1,4,138.7,0,0,0,1,1,0,43,0,0,5,5,5,13.8,0,0,5,6,5,13.666666666666666,0,10.8,1.4,1.74,2,1.0,1.0,1.0,0.0,-0.13333333333333464,13.733333333333334,10,1.0,0,0,1,1.0,1.0,13.733333333333334,5.0,1.0,1
1,1,2,9254,1,1,120.0,1,19,1,9,8,117.2,0,0,0,1,1,0,21,0,0,6,8,3,12.0,0,0,6,9,1,11.0,0,15.5,2.8,-4.06,0,0.5,0.16666666666666666,0.08333333333333333,-0.33333333333333337,-1.0,11.5,4,0.3333333333333333,0,0,1,1.8333333333333335,0.3333333333333333,3.833333333333333,1.0,0.6666666666666666,1
1,17,1,9670,1,1,134.0,1,19,37,5,5,125.3,1,0,0,1,1,1,19,0,0,6,7,4,13.75,0,0,6,10,6,11.555555555555555,0,10.8,1.4,1.74,2,0.6666666666666666,1.0,0.6666666666666666,0.33333333333333337,-2.1944444444444446,12.652777777777779,10,0.8333333333333334,0,0,0,0.0,0.8333333333333334,10.543981481481483,6.0,0.6666666666666666,1
1,1,1,9254,1,1,133.1,1,37,37,1,1,97.0,0,0,0,1,1,0,27,0,0,6,6,6,10.666666666666666,0,0,6,8,4,11.25,0,10.8,1.4,1.74,1,1.0,0.6666666666666666,0.6666666666666666,-0.33333333333333337,0.5833333333333339,10.958333333333332,10,0.8333333333333334,0,0,1,1.3333333333333335,0.8333333333333334,9.131944444444445,4.0,0.6666666666666666,1
2,42,1,9556,1,1,110.0,1,37,37,9,6,140.0,0,0,0,1,1,0,43,0,0,7,7,0,0.0,0,0,8,13,2,13.15,0,16.2,0.3,-0.92,0,0.0,0.25,0.0,0.25,13.15,6.575,2,0.13333333333333333,1,0,1,1.75,0.13333333333333333,0.8766666666666667,2.0,0.75,1
1,43,1,9991,0,1,130.0,1,37,37,9,9,124.0,0,0,0,1,1,0,31,0,1,5,6,5,13.833333333333334,0,0,5,7,5,15.4,0,9.4,-0.8,-3.12,2,1.0,1.0,1.0,0.0,1.5666666666666664,14.616666666666667,10,1.0,0,0,1,1.0,1.0,14.616666666666667,5.0,1.0,1
1,44,1,9003,1,39,140.0,1,38,1,134,134,140.0,1,0,1,1,1,0,26,0,0,6,6,0,0.0,0,0,6,7,0,0.0,0,8.9,1.4,3.51,1,0.0,0.0,0.0,0.0,0.0,0.0,0,0.0,0,0,2,3.0,0.0,0.0,0.0,1.0,1
1,39,1,9991,0,1,150.0,1,37,38,175,103,127.0,0,0,0,1,1,0,34,0,0,5,5,5,15.8,0,0,5,5,5,16.8,0,8.9,1.4,3.51,2,1.0,1.0,1.0,0.0,1.0,16.3,10,1.0,0,0,1,1.0,1.0,16.3,5.0,1.0,1
4,43,1,9500,1,19,100.0,1,34,34,0,0,110.0,0,0,0,1,1,0,30,0,11,14,26,12,12.52608695652174,1,11,14,26,12,12.52608695652174,1,7.6,2.6,0.32,2,0.8571428571428571,0.8571428571428571,0.7346938775510203,0.0,0.0,12.52608695652174,24,0.8571428571428571,0,0,1,1.1428571428571428,0.8571428571428571,10.736645962732918,12.0,1.0,1
2,39,1,9500,1,19,133.1,1,38,38,7,8,170.0,0,0,0,1,1,0,36,0,0,7,9,6,12.783333333333331,0,0,8,11,0,0.0,0,16.2,0.3,-0.92,0,0.8571428571428571,0.0,0.0,-0.8571428571428571,-12.783333333333331,6.391666666666666,6,0.4,1,0,1,2.0,0.4,2.5566666666666666,0.0,0.1428571428571429,1
1,7,1,9991,0,3,120.0,1,37,37,6,7,120.0,0,0,1,0,1,0,46,0,0,5,5,0,0.0,0,0,5,5,1,10.0,0,11.1,0.6,2.02,0,0.0,0.2,0.0,0.2,10.0,5.0,1,0.1,0,0,3,3.8,0.1,0.5,1.0,0.8,1
1,7,1,9003,1,3,130.0,1,1,19,5,9,130.0,0,0,0,1,1,0,27,0,0,6,8,0,0.0,0,0,6,10,0,0.0,0,16.2,0.3,-0.92,0,0.0,0.0,0.0,0.0,0.0,0.0,0,0.0,0,0,1,2.0,0.0,0.0,0.0,1.0,1
1,1,2,9119,1,1,126.0,1,1,38,141,192,122.5,1,0,0,1,1,0,20,0,0,5,7,5,10.8,0,0,5,9,3,12.0,0,8.9,1.4,3.51,1,1.0,0.6,0.6,-0.4,1.1999999999999993,11.4,8,0.8,0,0,1,1.4,0.8,9.120000000000001,3.0,0.6,1
1,51,1,9147,1,1,130.0,1,19,38,9,8,115.7,0,0,0,1,1,0,20,0,0,5,7,5,11.0,0,0,5,7,3,10.0,0,8.9,1.4,3.51,1,1.0,0.6,0.6,-0.4,-1.0,10.5,8,0.8,0,0,1,1.4,0.8,8.4,3.0,0.6,1
1,42,1,9119,1,1,140.0,1,19,19,90,90,120.0,0,0,1,0,1,0,31,0,0,4,4,0,0.0,0,0,5,5,0,0.0,0,12.7,3.7,-1.7,0,0.0,0.0,0.0,0.0,0.0,0.0,0,0.0,1,0,3,4.0,0.0,0.0,0.0,1.0,1
1,1,1,9119,1,1,140.0,1,37,19,9,9,166.0,1,0,1,1,1,0,20,0,0,5,7,0,0.0,0,0,5,5,0,0.0,0,9.4,-0.8,-3.12,1,0.0,0.0,0.0,0.0,0.0,0.0,0,0.0,0,0,2,3.0,0.0,0.0,0.0,1.0,1
1,17,1,9773,1,1,145.0,1,1,38,90,8,132.8,1,0,0,0,1,0,21,0,0,6,10,2,12.0,0,0,6,0,0,0.0,0,10.8,1.4,1.74,0,0.3333333333333333,0.0,0.0,-0.3333333333333333,-12.0,6.0,2,0.16666666666666666,0,0,2,3.0,0.16666666666666666,1.0,0.0,0.6666666666666667,1
1,1,1,9147,1,1,127.0,1,1,4,9,10,121.8,0,0,0,1,1,0,19,0,0,5,8,5,11.6,0,0,5,10,4,13.5,3,16.2,0.3,-0.92,2,1.0,0.8,0.8,-0.19999999999999996,1.9000000000000004,12.55,9,0.9,0,0,1,1.2,0.9,11.295000000000002,4.0,0.8,1
1,17,4,9147,1,1,114.0,1,19,19,4,4,109.5,1,0,0,1,1,1,20,0,0,5,6,5,11.8,0,0,5,8,4,11.6,0,8.9,1.4,3.51,2,1.0,0.8,0.8,-0.19999999999999996,-0.20000000000000107,11.7,9,0.9,0,0,0,0.19999999999999996,0.9,10.53,4.0,0.8,1
1,1,1,9003,1,1,140.0,1,38,1,9,4,138.3,0,0,0,1,1,0,18,0,0,6,7,6,16.0,0,0,6,6,6,15.166666666666666,0,12.4,0.5,1.79,2,1.0,1.0,1.0,0.0,-0.8333333333333339,15.583333333333332,12,1.0,0,0,1,1.0,1.0,15.583333333333332,6.0,1.0,1
1,1,2,9773,1,1,140.0,1,1,1,4,3,131.6,0,0,0,1,1,1,18,0,0,6,6,6,12.666666666666666,0,0,6,6,6,11.5,0,16.2,0.3,-0.92,2,1.0,1.0,1.0,0.0,-1.166666666666666,12.083333333333332,12,1.0,0,0,0,0.0,1.0,12.083333333333332,6.0,1.0,1
1,39,1,9500,1,1,120.0,1,1,2,144,123,125.3,0,0,1,1,1,0,30,0,0,7,12,4,14.4,0,0,7,9,6,13.5,0,12.4,0.5,1.79,1,0.5714285714285714,0.8571428571428571,0.48979591836734687,0.2857142857142857,-0.9000000000000004,13.95,10,0.7142857142857143,0,0,2,2.142857142857143,0.7142857142857143,9.964285714285714,6.0,0.7142857142857143,1
1,39,1,9254,1,19,133.1,1,19,19,3,1,101.5,0,0,1,0,1,0,34,0,0,6,6,0,0.0,0,0,6,6,0,0.0,0,15.5,2.8,-4.06,0,0.0,0.0,0.0,0.0,0.0,0.0,0,0.0,0,0,3,4.0,0.0,0.0,0.0,1.0,1
1,1,1,9500,1,1,157.0,1,37,37,9,9,143.0,0,0,0,1,1,0,18,0,0,8,8,7,13.4,0,0,8,8,7,13.4,0,12.7,3.7,-1.7,2,0.875,0.875,0.765625,0.0,0.0,13.4,14,0.875,0,0,1,1.125,0.875,11.725,7.0,1.0,1
1,1,1,171,1,1,127.0,1,1,1,4,3,126.3,1,0,1,1,1,0,21,0,0,0,0,0,0.0,0,0,0,0,0,0.0,0,16.2,0.3,-0.92,0,0.0,0.0,0.0,0.0,0.0,0.0,0,0.0,0,1,2,4.0,0.0,0.0,0.0,1.0,0
2,42,1,9003,1,1,120.0,1,3,1,2,2,113.3,0,0,0,1,1,0,26,0,0,6,9,1,10.0,0,0,6,6,0,0.0,0,12.4,0.5,1.79,0,0.16666666666666666,0.0,0.0,-0.16666666666666666,-10.0,5.0,1,0.08333333333333333,0,0,1,2.0,0.08333333333333333,0.41666666666666663,0.0,0.8333333333333334,1
1,17,1,9119,1,1,130.0,1,38,19,7,3,119.9,1,0,1,1,1,0,20,0,0,5,5,0,0.0,0,0,5,5,0,0.0,5,9.4,-0.8,-3.12,0,0.0,0.0,0.0,0.0,0.0,0.0,0,0.0,0,0,2,3.0,0.0,0.0,0.0,1.0,1
1,39,2,9147,1,1,143.0,1,19,5,4,1,100.0,1,0,0,1,1,0,24,0,0,5,8,3,10.666666666666666,1,0,5,5,1,14.0,0,9.4,-0.8,-3.12,0,0.6,0.2,0.12,-0.39999999999999997,3.333333333333334,12.333333333333332,4,0.4,0,0,1,1.8,0.4,4.933333333333334,1.0,0.6000000000000001,1
1,1,1,9130,1,1,125.0,1,3,3,2,2,132.4,0,0,0,1,1,0,20,0,0,5,7,4,11.75,0,0,5,5,5,13.4,0,7.6,2.6,0.32,2,0.8,1.0,0.8,0.19999999999999996,1.6500000000000004,12.575,9,0.9,0,0,1,1.0,0.9,11.317499999999999,5.0,0.8,1
1,1,1,9147,1,1,136.0,1,1,3,9,5,137.1,0,0,0,1,1,0,20,0,0,5,5,0,0.0,0,0,5,5,0,0.0,0,12.7,3.7,-1.7,0,0.0,0.0,0.0,0.0,0.0,0.0,0,0.0,0,0,1,2.0,0.0,0.0,0.0,1.0,1
1,5,3,9070,1,1,157.0,1,3,1,9,6,138.1,1,0,0,1,0,0,18,0,0,6,6,6,12.666666666666666,0,0,6,8,6,14.125,0,10.8,1.4,1.74,2,1.0,1.0,1.0,0.0,1.458333333333334,13.395833333333332,12,1.0,0,0,1,1.0,1.0,13.395833333333332,6.0,1.0,1
1,17,1,9254,1,1,116.0,1,38,37,9,6,109.7,1,0,0,1,0,0,22,0,0,6,7,5,14.0,0,0,6,6,6,15.666666666666666,0,11.1,0.6,2.02,2,0.8333333333333334,1.0,0.8333333333333334,0.16666666666666663,1.666666666666666,14.833333333333332,11,0.9166666666666666,0,0,1,1.0,0.9166666666666666,13.597222222222221,6.0,0.8333333333333334,1
1,43,1,8014,0,1,113.0,1,37,37,0,6,128.2,0,0,0,0,0,0,41,0,0,6,6,0,0.0,6,0,6,12,0,0.0,0,9.4,-0.8,-3.12,0,0.0,0.0,0.0,0.0,0.0,0.0,0,0.0,0,0,2,3.0,0.0,0.0,0.0,1.0,1
1,1,2,9147,1,1,130.0,1,37,38,7,9,117.8,0,0,1,1,0,1,19,0,0,5,11,2,11.5,0,0,5,10,0,0.0,0,12.7,3.7,-1.7,0,0.4,0.0,0.0,-0.4,-11.5,5.75,2,0.2,0,0,1,2.0,0.2,1.1500000000000001,0.0,0.6,1
1,43,1,9130,1,1,150.0,1,3,3,3,4,150.0,1,0,0,1,0,0,21,0,0,6,10,6,12.0,0,0,6,12,5,12.8,0,13.9,-0.3,0.79,2,1.0,0.8333333333333334,0.8333333333333334,-0.16666666666666663,0.8000000000000007,12.4,11,0.9166666666666666,0,0,1,1.1666666666666665,0.9166666666666666,11.366666666666667,5.0,0.8333333333333334,1
1,1,5,9500,1,1,101.0,1,38,38,9,9,104.5,1,0,0,1,0,1,21,0,0,7,9,5,13.336000000000002,0,0,8,9,7,13.207142857142856,0,11.1,0.6,2.02,2,0.7142857142857143,0.875,0.625,0.1607142857142857,-0.12885714285714656,13.271571428571429,12,0.8,1,0,0,0.125,0.8,10.617257142857143,7.0,0.8392857142857143,1
1,15,1,9670,1,1,133.1,41,1,1,9,4,100.0,0,0,0,1,0,0,21,1,2,7,9,7,14.666666666666666,0,1,6,8,6,14.0,0,11.1,0.6,2.02,2,1.0,1.0,1.0,0.0,-0.6666666666666661,14.333333333333332,13,1.0,-1,0,1,1.0,1.0,14.333333333333332,6.0,1.0,1
1,1,1,9500,1,1,138.0,1,1,1,3,4,132.5,1,0,0,1,0,0,18,0,0,8,8,7,14.115714285714288,0,0,8,8,7,14.115714285714288,0,10.8,1.4,1.74,2,0.875,0.875,0.765625,0.0,0.0,14.115714285714288,14,0.875,0,0,1,1.125,0.875,12.351250000000002,7.0,1.0,1
1,1,4,9085,1,1,138.0,1,3,1,1,4,123.3,1,0,0,1,0,1,19,0,0,6,7,6,14.857142857142858,0,0,6,10,6,13.11111111111111,0,12.4,0.5,1.79,2,1.0,1.0,1.0,0.0,-1.746031746031747,13.984126984126984,12,1.0,0,0,0,0.0,1.0,13.984126984126984,6.0,1.0,1
1,1,2,9085,1,1,141.0,1,1,38,9,8,128.9,1,0,0,1,0,1,18,0,0,6,7,6,13.833333333333334,0,0,6,10,6,13.714285714285714,0,8.9,1.4,3.51,2,1.0,1.0,1.0,0.0,-0.1190476190476204,13.773809523809524,12,1.0,0,0,0,0.0,1.0,13.773809523809524,6.0,1.0,1
1,39,1,9500,1,1,100.0,1,37,37,7,7,160.0,1,0,0,1,0,1,24,0,0,8,15,6,12.415,0,0,8,15,6,12.415,0,10.8,1.4,1.74,2,0.75,0.75,0.5625,0.0,0.0,12.415,12,0.75,0,0,0,0.25,0.75,9.31125,6.0,1.0,1
1,1,1,9130,1,1,138.0,1,4,5,2,2,123.0,1,0,0,1,0,0,21,0,0,5,12,1,11.0,0,0,5,9,2,10.5,0,12.7,3.7,-1.7,1,0.2,0.4,0.08000000000000002,0.2,-0.5,10.75,3,0.3,0,0,1,1.6,0.3,3.225,2.0,0.8,1
1,44,1,9085,1,39,150.0,1,19,19,9,9,150.0,1,0,0,1,0,0,23,0,1,6,14,5,14.428571428571429,0,1,6,7,6,13.428571428571429,0,16.2,0.3,-0.92,2,0.8333333333333334,1.0,0.8333333333333334,0.16666666666666663,-1.0,13.928571428571429,11,0.9166666666666666,0,0,1,1.0,0.9166666666666666,12.767857142857142,6.0,0.8333333333333334,1
1,17,2,9500,1,1,129.0,1,38,19,5,7,124.0,1,0,0,1,0,1,18,0,0,8,8,7,14.312857142857142,0,0,8,8,7,14.312857142857142,0,10.8,1.4,1.74,2,0.875,0.875,0.765625,0.0,0.0,14.312857142857142,14,0.875,0,0,0,0.125,0.875,12.52375,7.0,1.0,1
1,39,1,9085,1,1,130.0,1,4,1,2,9,120.0,0,0,0,0,0,0,26,0,0,6,8,6,15.428571428571429,0,0,6,7,5,14.5,0,11.1,0.6,2.02,1,1.0,0.8333333333333334,0.8333333333333334,-0.16666666666666663,-0.9285714285714288,14.964285714285715,11,0.9166666666666666,0,0,2,2.1666666666666665,0.9166666666666666,13.717261904761905,5.0,0.8333333333333334,1
1,1,1,9130,1,1,133.0,1,38,38,5,8,120.4,1,0,0,1,0,0,20,0,0,5,9,4,12.0,1,0,5,6,5,13.4,0,9.4,-0.8,-3.12,2,0.8,1.0,0.8,0.19999999999999996,1.4000000000000004,12.7,9,0.9,0,0,1,1.0,0.9,11.43,5.0,0.8,1
1,1,1,9238,1,1,133.0,1,4,1,5,5,131.6,0,0,0,1,0,0,18,0,0,6,7,6,13.833333333333334,0,0,6,7,6,13.714285714285714,0,11.1,0.6,2.02,2,1.0,1.0,1.0,0.0,-0.1190476190476204,13.773809523809524,12,1.0,0,0,1,1.0,1.0,13.773809523809524,6.0,1.0,1
1,1,1,9238,1,1,107.0,1,2,12,3,10,104.2,1,0,0,1,0,0,20,0,0,6,6,6,12.166666666666666,0,0,6,7,6,12.142857142857142,0,11.1,0.6,2.02,2,1.0,1.0,1.0,0.0,-0.023809523809523725,12.154761904761905,12,1.0,0,0,1,1.0,1.0,12.154761904761905,6.0,1.0,1
1,17,2,9238,1,1,118.0,1,1,19,4,10,110.7,1,1,0,1,0,0,18,0,0,6,15,2,10.333333333333334,3,0,6,13,3,13.333333333333334,0,12.7,3.7,-1.7,1,0.3333333333333333,0.5,0.16666666666666666,0.16666666666666669,3.0,11.833333333333334,5,0.4166666666666667,0,0,1,1.5,0.4166666666666667,4.930555555555556,3.0,0.8333333333333333,1
1,1,4,9773,1,1,136.0,1,1,12,9,10,121.7,1,0,0,1,0,1,22,0,0,6,7,5,13.2,0,0,6,7,5,13.6,0,12.4,0.5,1.79,2,0.8333333333333334,0.8333333333333334,0.6944444444444445,0.0,0.40000000000000036,13.399999999999999,10,0.8333333333333334,0,0,0,0.16666666666666663,0.8333333333333334,11.166666666666666,5.0,1.0,1
1,1,1,9500,1,1,125.0,1,37,37,9,9,126.0,1,0,1,1,0,0,20,0,0,7,7,6,15.4,0,0,7,7,6,15.4,0,7.6,2.6,0.32,2,0.8571428571428571,0.8571428571428571,0.7346938775510203,0.0,0.0,15.4,12,0.8571428571428571,0,0,2,2.142857142857143,0.8571428571428571,13.2,6.0,1.0,1
1,17,4,9500,1,1,137.0,1,1,37,9,9,128.4,1,0,0,1,0,1,19,0,0,7,7,7,13.385714285714286,0,0,8,8,8,15.925,0,13.9,-0.3,0.79,2,1.0,1.0,1.0,0.0,2.5392857142857146,14.655357142857143,15,1.0,1,0,0,0.0,1.0,14.655357142857143,8.0,1.0,1
1,1,1,9130,1,1,144.0,1,3,1,2,4,134.9,1,0,1,1,0,0,18,0,0,6,13,6,10.857142857142858,0,0,6,10,4,11.0,0,15.5,2.8,-4.06,0,1.0,0.6666666666666666,0.6666666666666666,-0.33333333333333337,0.14285714285714235,10.928571428571429,10,0.8333333333333334,0,0,2,2.3333333333333335,0.8333333333333334,9.107142857142858,4.0,0.6666666666666666,1
1,17,2,9147,1,1,146.0,1,38,37,6,6,143.9,0,0,0,1,0,0,18,0,0,5,11,5,11.333333333333334,0,0,5,8,5,12.0,0,13.9,-0.3,0.79,2,1.0,1.0,1.0,0.0,0.6666666666666661,11.666666666666668,10,1.0,0,0,1,1.0,1.0,11.666666666666668,5.0,1.0,1
1,1,4,9085,1,1,145.0,1,37,1,9,9,145.0,1,0,0,1,0,1,19,0,0,5,7,4,14.5,0,0,5,5,5,13.6,0,10.8,1.4,1.74,2,0.8,1.0,0.8,0.19999999999999996,-0.9000000000000004,14.05,9,0.9,0,0,0,0.0,0.9,12.645000000000001,5.0,0.8,1
1,1,2,9070,1,1,126.0,1,19,38,9,9,132.0,1,0,0,1,0,1,19,0,0,6,6,6,14.166666666666666,0,0,6,8,6,12.375,0,10.8,1.4,1.74,2,1.0,1.0,1.0,0.0,-1.791666666666666,13.270833333333332,12,1.0,0,0,0,0.0,1.0,13.270833333333332,6.0,1.0,1
1,17,1,8014,0,1,141.0,1,34,34,0,0,136.1,0,0,0,1,0,0,24,0,0,6,7,6,12.833333333333334,0,0,6,8,6,12.0,0,7.6,2.6,0.32,2,1.0,1.0,1.0,0.0,-0.8333333333333339,12.416666666666668,12,1.0,0,0,1,1.0,1.0,12.416666666666668,6.0,1.0,1
1,1,1,9238,1,1,141.0,1,37,37,4,4,138.9,0,0,0,1,0,0,21,0,0,6,7,6,13.333333333333334,0,0,6,6,6,14.5,0,10.8,1.4,1.74,2,1.0,1.0,1.0,0.0,1.166666666666666,13.916666666666668,12,1.0,0,0,1,1.0,1.0,13.916666666666668,6.0,1.0,1
1,1,1,9238,1,1,133.1,1,1,1,3,3,102.0,1,0,0,1,0,1,20,0,0,6,7,6,13.666666666666666,0,0,6,7,6,14.571428571428571,0,11.1,0.6,2.02,2,1.0,1.0,1.0,0.0,0.9047619047619051,14.119047619047619,12,1.0,0,0,0,0.0,1.0,14.119047619047619,6.0,1.0,1
1,39,1,9254,1,1,133.1,1,19,19,4,7,123.0,0,0,1,0,0,1,28,0,0,6,6,6,10.833333333333334,0,0,6,7,5,11.0,0,13.9,-0.3,0.79,0,1.0,0.8333333333333334,0.8333333333333334,-0.16666666666666663,0.16666666666666607,10.916666666666668,11,0.9166666666666666,0,0,2,2.1666666666666665,0.9166666666666666,10.006944444444445,5.0,0.8333333333333334,1
1,1,2,9853,1,1,127.0,1,37,19,9,8,137.5,1,0,0,1,0,0,21,0,0,6,7,6,13.428571428571429,0,0,6,8,6,13.142857142857142,0,7.6,2.6,0.32,2,1.0,1.0,1.0,0.0,-0.2857142857142865,13.285714285714285,12,1.0,0,0,1,1.0,1.0,13.285714285714285,6.0,1.0,1
1,42,1,9003,1,1,130.0,1,3,2,2,6,105.3,0,0,0,0,1,0,36,0,0,6,8,0,0.0,0,0,6,10,0,0.0,0,16.2,0.3,-0.92,0,0.0,0.0,0.0,0.0,0.0,0.0,0,0.0,0,0,2,3.0,0.0,0.0,0.0,1.0,1
2,39,1,9991,0,1,110.0,1,37,37,9,9,130.0,0,0,0,0,1,0,42,0,0,4,4,0,0.0,0,0,5,0,0,0.0,0,12.7,3.7,-1.7,0,0.0,0.0,0.0,0.0,0.0,0.0,0,0.0,1,0,2,3.0,0.0,0.0,0.0,1.0,1
1,39,1,9119,1,1,160.0,1,1,38,4,7,112.0,0,0,0,0,1,0,25,0,0,5,8,0,0.0,0,0,5,5,0,0.0,0,9.4,-0.8,-3.12,0,0.0,0.0,0.0,0.0,0.0,0.0,0,0.0,0,0,2,3.0,0.0,0.0,0.0,1.0,1
1,39,1,9670,1,12,170.0,1,1,37,3,5,110.0,0,0,0,1,1,1,25,0,0,6,8,6,14.142857142857142,0,0,6,6,6,13.5,0,15.5,2.8,-4.06,2,1.0,1.0,1.0,0.0,-0.6428571428571423,13.821428571428571,12,1.0,0,0,0,0.0,1.0,13.821428571428571,6.0,1.0,1
2,39,1,8014,0,19,133.1,1,19,37,6,8,149.5,0,0,0,1,1,0,48,0,0,6,6,0,0.0,0,0,5,6,0,0.0,0,12.4,0.5,1.79,0,0.0,0.0,0.0,0.0,0.0,0.0,0,0.0,-1,0,1,2.0,0.0,0.0,0.0,1.0,1
1,43,1,9991,0,1,120.0,1,38,38,9,7,141.0,0,0,0,1,1,1,32,0,5,10,12,10,13.8,0,5,10,10,10,12.8,0,10.8,1.4,1.74,2,1.0,1.0,1.0,0.0,-1.0,13.3,20,1.0,0,0,0,0.0,1.0,13.3,10.0,1.0,1
1,7,1,9991,0,40,130.0,1,38,38,9,7,130.0,0,0,0,1,1,0,38,0,10,10,10,10,13.6,0,5,10,10,5,13.6,0,8.9,1.4,3.51,0,1.0,0.5,0.5,-0.5,0.0,13.6,15,0.75,0,0,1,1.5,0.75,10.2,5.0,0.5,1
1,7,1,9238,1,40,130.0,1,37,37,5,5,130.0,0,0,0,1,1,0,37,0,11,16,23,15,11.733333333333333,0,6,11,17,9,11.88888888888889,0,15.5,2.8,-4.06,2,0.9375,0.8181818181818182,0.7670454545454546,-0.11931818181818177,0.15555555555555678,11.81111111111111,24,0.8888888888888888,-5,0,1,1.1818181818181817,0.8888888888888888,10.498765432098764,9.0,0.8806818181818182,1
1,39,2,9147,1,1,120.0,1,37,37,9,9,104.0,0,0,0,0,1,0,26,0,0,5,8,1,10.0,0,0,5,9,1,10.0,0,10.8,1.4,1.74,0,0.2,0.2,0.04000000000000001,0.0,0.0,10.0,2,0.2,0,0,2,2.8,0.2,2.0,1.0,1.0,1
1,44,1,9085,1,39,110.0,1,3,5,2,2,110.0,0,0,0,1,1,0,23,0,0,6,19,0,0.0,0,0,6,6,0,0.0,0,13.9,-0.3,0.79,0,0.0,0.0,0.0,0.0,0.0,0.0,0,0.0,0,0,1,2.0,0.0,0.0,0.0,1.0,1
1,44,1,9003,1,39,130.0,1,2,3,9,6,130.0,0,0,0,1,1,0,20,0,0,6,12,4,10.8,0,0,6,13,4,12.0,0,12.4,0.5,1.79,1,0.6666666666666666,0.6666666666666666,0.4444444444444444,0.0,1.1999999999999993,11.4,8,0.6666666666666666,0,0,1,1.3333333333333335,0.6666666666666666,7.6,4.0,1.0,1
1,43,1,8014,0,3,133.1,1,9,9,90,90,130.0,0,0,0,1,0,0,26,0,8,11,16,10,11.8,0,3,7,7,7,13.285714285714286,0,7.6,2.6,0.32,2,0.9090909090909091,1.0,0.9090909090909091,0.09090909090909094,1.4857142857142858,12.542857142857144,17,0.9444444444444444,-4,0,1,1.0,0.9444444444444444,11.846031746031747,7.0,0.9090909090909091,1
1,39,1,9991,0,1,130.0,1,37,37,9,9,130.1,0,0,0,1,0,0,25,0,0,5,8,3,11.0,0,0,5,8,3,11.25,0,10.8,1.4,1.74,1,0.6,0.6,0.36,0.0,0.25,11.125,6,0.6,0,0,1,1.4,0.6,6.675,3.0,1.0,1
1,16,4,9500,1,1,145.0,1,1,1,4,4,127.5,1,0,0,1,0,0,18,0,0,8,8,8,13.11,0,0,8,8,8,13.11,0,9.4,-0.8,-3.12,2,1.0,1.0,1.0,0.0,0.0,13.11,16,1.0,0,0,1,1.0,1.0,13.11,8.0,1.0,1
1,7,1,9500,1,3,130.0,1,37,37,7,7,130.0,1,0,0,1,0,0,27,0,0,8,8,7,14.414285714285716,0,0,8,8,7,14.414285714285716,0,12.7,3.7,-1.7,2,0.875,0.875,0.765625,0.0,0.0,14.414285714285716,14,0.875,0,0,1,1.125,0.875,12.612500000000002,7.0,1.0,1
6,17,3,8014,0,1,115.0,1,19,1,5,90,115.0,0,0,0,0,0,0,24,0,0,5,5,0,0.0,0,0,5,10,0,0.0,0,10.8,1.4,1.74,0,0.0,0.0,0.0,0.0,0.0,0.0,0,0.0,0,0,2,3.0,0.0,0.0,0.0,1.0,1
1,17,1,9147,1,1,124.0,1,38,19,6,10,126.8,1,0,0,1,0,0,20,0,0,5,8,5,12.333333333333334,0,0,5,7,5,12.2,0,15.5,2.8,-4.06,2,1.0,1.0,1.0,0.0,-0.13333333333333464,12.266666666666666,10,1.0,0,0,1,1.0,1.0,12.266666666666666,5.0,1.0,1
1,1,1,9500,1,1,124.0,1,1,19,9,8,116.7,1,0,0,1,0,1,18,0,0,7,9,0,0.0,0,0,7,8,1,10.0,0,15.5,2.8,-4.06,0,0.0,0.14285714285714285,0.0,0.14285714285714285,10.0,5.0,1,0.07142857142857142,0,0,0,0.8571428571428572,0.07142857142857142,0.3571428571428571,1.0,0.8571428571428572,1
1,17,6,9556,1,1,134.0,1,19,38,7,7,128.5,1,0,0,1,0,1,18,0,0,7,9,7,14.1,0,0,8,8,8,13.3125,0,12.7,3.7,-1.7,2,1.0,1.0,1.0,0.0,-0.7874999999999996,13.70625,15,1.0,1,0,0,0.0,1.0,13.70625,8.0,1.0,1
1,1,4,9500,1,1,137.0,1,37,37,9,9,127.5,1,0,0,1,0,0,18,0,0,8,8,8,13.045,0,0,8,8,8,13.045,0,9.4,-0.8,-3.12,2,1.0,1.0,1.0,0.0,0.0,13.045,16,1.0,0,0,1,1.0,1.0,13.045,8.0,1.0,1
1,1,1,9500,1,1,124.0,1,19,37,3,8,117.5,1,0,0,1,1,0,19,0,0,8,10,5,12.858,3,0,8,10,5,12.858,3,9.4,-0.8,-3.12,1,0.625,0.625,0.390625,0.0,0.0,12.858,10,0.625,0,0,1,1.375,0.625,8.03625,5.0,1.0,1
1,42,3,9500,1,1,136.0,1,1,1,4,4,148.8,1,0,0,1,0,1,19,0,0,8,8,8,14.2525,0,0,8,8,8,14.2525,0,9.4,-0.8,-3.12,2,1.0,1.0,1.0,0.0,0.0,14.2525,16,1.0,0,0,0,0.0,1.0,14.2525,8.0,1.0,1
1,1,4,9500,1,1,126.0,1,12,1,5,10,120.2,0,0,0,1,0,1,19,0,0,7,9,5,14.06,0,0,7,9,7,11.242857142857142,0,12.4,0.5,1.79,1,0.7142857142857143,1.0,0.7142857142857143,0.2857142857142857,-2.8171428571428585,12.651428571428571,12,0.8571428571428571,0,0,0,0.0,0.8571428571428571,10.84408163265306,7.0,0.7142857142857143,1
1,1,4,9500,1,1,142.0,1,38,37,9,5,127.3,1,0,0,1,0,0,18,0,0,8,8,7,15.075714285714286,0,0,8,8,7,15.075714285714286,0,10.8,1.4,1.74,2,0.875,0.875,0.765625,0.0,0.0,15.075714285714286,14,0.875,0,0,1,1.125,0.875,13.19125,7.0,1.0,1
1,7,0,9003,1,3,130.0,1,1,37,4,9,130.0,1,0,0,1,0,0,23,0,10,17,28,17,13.15,2,8,12,22,12,13.214285714285714,0,15.5,2.8,-4.06,2,1.0,1.0,1.0,0.0,0.06428571428571317,13.182142857142857,29,1.0,-5,0,1,1.0,1.0,13.182142857142857,12.0,1.0,1
1,1,2,9238,1,1,136.0,1,19,19,4,7,121.7,1,0,0,1,0,1,21,0,0,6,9,5,12.333333333333334,0,0,6,7,5,11.8,0,13.9,-0.3,0.79,2,0.8333333333333334,0.8333333333333334,0.6944444444444445,0.0,-0.5333333333333332,12.066666666666666,10,0.8333333333333334,0,0,0,0.16666666666666663,0.8333333333333334,10.055555555555555,5.0,1.0,1
1,1,3,9500,1,1,137.0,1,38,38,5,7,122.7,1,0,0,1,0,1,18,0,0,7,8,7,13.778571428571428,0,0,8,10,8,13.122222222222222,0,16.2,0.3,-0.92,2,1.0,1.0,1.0,0.0,-0.6563492063492067,13.450396825396826,15,1.0,1,0,0,0.0,1.0,13.450396825396826,8.0,1.0,1
1,1,1,9853,1,1,125.0,1,34,37,9,9,129.2,1,0,1,0,0,0,20,0,0,6,12,3,10.333333333333334,0,0,6,14,1,11.0,0,10.8,1.4,1.74,0,0.5,0.16666666666666666,0.08333333333333333,-0.33333333333333337,0.6666666666666661,10.666666666666668,4,0.3333333333333333,0,0,3,3.8333333333333335,0.3333333333333333,3.555555555555556,1.0,0.6666666666666666,1
1,43,1,9773,1,1,119.0,1,19,37,5,5,105.0,1,0,0,1,0,0,23,0,0,6,11,3,11.333333333333334,0,0,6,7,2,11.0,0,16.2,0.3,-0.92,1,0.5,0.3333333333333333,0.16666666666666666,-0.16666666666666669,-0.3333333333333339,11.166666666666668,5,0.4166666666666667,0,0,1,1.6666666666666667,0.4166666666666667,4.652777777777779,2.0,0.8333333333333333,1
1,1,1,9070,1,1,152.0,1,37,37,5,7,136.3,0,0,0,1,0,1,18,0,1,6,8,6,13.571428571428571,1,0,6,11,6,12.375,0,13.9,-0.3,0.79,2,1.0,1.0,1.0,0.0,-1.1964285714285712,12.973214285714285,12,1.0,0,0,0,0.0,1.0,12.973214285714285,6.0,1.0,1
1,1,1,8014,0,1,125.0,1,37,37,9,7,114.9,0,0,0,1,0,0,29,0,8,11,14,11,12.75,0,3,7,7,7,13.428571428571429,0,9.4,-0.8,-3.12,2,1.0,1.0,1.0,0.0,0.6785714285714288,13.089285714285715,18,1.0,-4,0,1,1.0,1.0,13.089285714285715,7.0,1.0,1
1,39,1,9773,1,9,133.1,1,38,1,5,4,102.0,1,0,0,1,1,0,28,0,0,6,11,3,13.0,0,0,6,15,1,12.0,0,7.6,2.6,0.32,0,0.5,0.16666666666666666,0.08333333333333333,-0.33333333333333337,-1.0,12.5,4,0.3333333333333333,0,0,1,1.8333333333333335,0.3333333333333333,4.166666666666666,1.0,0.6666666666666666,1
1,1,3,9670,1,1,120.0,1,37,37,7,7,111.3,1,0,0,1,1,0,19,0,0,5,7,3,11.333333333333334,0,0,5,7,4,11.0,0,9.4,-0.8,-3.12,1,0.6,0.8,0.48,0.20000000000000007,-0.3333333333333339,11.166666666666668,7,0.7,0,0,1,1.2,0.7,7.816666666666667,4.0,0.7999999999999999,1
1,39,1,9670,1,1,148.0,1,19,19,7,7,130.9,0,0,1,0,1,0,24,0,0,6,12,0,0.0,0,0,6,9,0,0.0,0,10.8,1.4,1.74,0,0.0,0.0,0.0,0.0,0.0,0.0,0,0.0,0,0,3,4.0,0.0,0.0,0.0,1.0,1
1,39,1,171,1,1,133.1,1,37,37,9,7,100.0,0,0,1,1,1,1,33,0,0,0,0,0,0.0,0,0,0,0,0,0.0,0,15.5,2.8,-4.06,0,0.0,0.0,0.0,0.0,0.0,0.0,0,0.0,0,1,1,3.0,0.0,0.0,0.0,1.0,0
1,17,1,9147,1,1,115.0,1,19,37,5,7,112.9,1,0,0,0,1,0,19,0,0,5,7,2,12.5,0,0,5,13,1,11.0,0,9.4,-0.8,-3.12,0,0.4,0.2,0.08000000000000002,-0.2,-1.5,11.75,3,0.3,0,0,2,2.8,0.3,3.525,1.0,0.8,1
1,1,1,9085,1,1,120.0,1,38,19,9,3,112.7,0,0,0,1,1,0,19,0,0,6,7,6,14.857142857142858,0,0,6,8,6,14.142857142857142,0,11.1,0.6,2.02,2,1.0,1.0,1.0,0.0,-0.7142857142857153,14.5,12,1.0,0,0,1,1.0,1.0,14.5,6.0,1.0,1
4,39,1,8014,0,1,133.1,1,37,37,7,7,143.0,0,0,0,1,1,0,37,0,3,9,13,8,12.0,0,2,7,8,7,11.571428571428571,0,12.7,3.7,-1.7,2,0.8888888888888888,1.0,0.8888888888888888,0.11111111111111116,-0.4285714285714288,11.785714285714285,15,0.9375,-2,0,1,1.0,0.9375,11.049107142857142,7.0,0.8888888888888888,1
2,39,1,9500,1,38,133.1,1,37,37,9,3,146.6,0,0,0,1,1,0,37,0,0,7,8,7,12.828571428571427,0,0,8,8,8,12.6875,0,13.9,-0.3,0.79,2,1.0,1.0,1.0,0.0,-0.1410714285714274,12.758035714285715,15,1.0,1,0,1,1.0,1.0,12.758035714285715,8.0,1.0,1
1,39,1,9500,1,1,137.0,1,37,37,9,9,141.0,0,0,0,1,1,0,36,0,0,7,0,0,0.0,0,0,8,0,0,0.0,0,12.4,0.5,1.79,0,0.0,0.0,0.0,0.0,0.0,0.0,0,0.0,1,0,1,2.0,0.0,0.0,0.0,1.0,1
1,1,2,9670,1,1,123.0,1,1,38,7,7,120.6,1,0,0,1,1,0,19,0,0,6,6,6,13.333333333333334,0,0,6,8,5,14.0,0,8.9,1.4,3.51,2,1.0,0.8333333333333334,0.8333333333333334,-0.16666666666666663,0.6666666666666661,13.666666666666668,11,0.9166666666666666,0,0,1,1.1666666666666665,0.9166666666666666,12.527777777777779,5.0,0.8333333333333334,1
1,42,1,9500,1,1,150.0,1,19,1,9,3,110.0,1,0,0,1,1,1,33,0,6,14,20,14,13.072857142857144,6,6,14,20,14,13.072857142857144,6,9.4,-0.8,-3.12,2,1.0,1.0,1.0,0.0,0.0,13.072857142857144,28,1.0,0,0,0,0.0,1.0,13.072857142857144,14.0,1.0,1
1,42,1,9119,1,1,120.0,1,1,1,5,7,108.6,0,0,0,0,1,0,34,0,2,7,13,5,12.0,0,2,7,7,3,11.0,0,15.5,2.8,-4.06,0,0.7142857142857143,0.42857142857142855,0.30612244897959184,-0.28571428571428575,-1.0,11.5,8,0.5714285714285714,0,0,2,2.571428571428571,0.5714285714285714,6.571428571428571,3.0,0.7142857142857142,1
1,1,1,9254,1,1,145.0,1,3,19,3,8,134.9,1,0,0,1,0,0,18,0,0,6,6,6,15.5,0,0,6,6,6,16.0,0,12.4,0.5,1.79,2,1.0,1.0,1.0,0.0,0.5,15.75,12,1.0,0,0,1,1.0,1.0,15.75,6.0,1.0,1
1,44,1,9130,1,39,120.0,1,3,1,2,4,120.0,1,0,0,1,0,0,20,0,0,6,6,0,0.0,0,0,6,6,0,0.0,0,12.4,0.5,1.79,0,0.0,0.0,0.0,0.0,0.0,0.0,0,0.0,0,0,1,2.0,0.0,0.0,0.0,1.0,1
1,1,1,9773,1,1,142.0,1,19,37,4,7,141.3,0,0,0,1,0,1,19,0,0,6,7,6,14.714285714285714,0,0,6,6,6,15.166666666666666,0,13.9,-0.3,0.79,2,1.0,1.0,1.0,0.0,0.45238095238095255,14.94047619047619,12,1.0,0,0,0,0.0,1.0,14.94047619047619,6.0,1.0,1
1,1,3,9085,1,1,147.0,1,19,19,9,1,135.6,1,0,0,1,0,0,20,0,0,6,7,6,16.714285714285715,0,0,6,6,6,15.333333333333334,0,13.9,-0.3,0.79,2,1.0,1.0,1.0,0.0,-1.3809523809523814,16.023809523809526,12,1.0,0,0,1,1.0,1.0,16.023809523809526,6.0,1.0,1
1,1,1,9238,1,1,125.0,1,19,19,9,9,121.5,1,0,0,1,0,1,19,0,0,6,9,6,10.857142857142858,0,0,6,7,6,11.666666666666666,0,12.4,0.5,1.79,2,1.0,1.0,1.0,0.0,0.8095238095238084,11.261904761904763,12,1.0,0,0,0,0.0,1.0,11.261904761904763,6.0,1.0,1
1,1,4,9500,1,1,126.0,1,19,19,9,9,125.0,1,0,0,1,0,0,19,0,0,7,8,6,11.658333333333331,0,0,8,11,6,12.416666666666666,0,12.4,0.5,1.79,2,0.8571428571428571,0.75,0.6428571428571428,-0.1071428571428571,0.7583333333333346,12.037499999999998,12,0.8,1,0,1,1.25,0.8,9.629999999999999,6.0,0.8928571428571429,1
1,18,2,9773,1,1,132.0,24,37,19,9,7,119.1,1,0,0,1,0,1,22,1,0,6,8,5,11.6,0,0,6,7,6,12.0,0,9.4,-0.8,-3.12,2,0.8333333333333334,1.0,0.8333333333333334,0.16666666666666663,0.40000000000000036,11.8,11,0.9166666666666666,0,0,0,0.0,0.9166666666666666,10.816666666666666,6.0,0.8333333333333334,1
1,1,1,9773,1,1,123.0,1,1,38,9,9,116.7,0,0,0,1,0,1,18,0,0,6,6,6,12.166666666666666,0,0,6,8,6,12.666666666666666,0,12.4,0.5,1.79,2,1.0,1.0,1.0,0.0,0.5,12.416666666666666,12,1.0,0,0,0,0.0,1.0,12.416666666666666,6.0,1.0,1
1,1,3,9500,1,1,126.0,1,1,19,131,181,120.1,1,0,0,1,0,0,19,0,0,7,12,4,13.375,0,0,7,8,6,12.116666666666667,0,12.4,0.5,1.79,1,0.5714285714285714,0.8571428571428571,0.48979591836734687,0.2857142857142857,-1.2583333333333329,12.745833333333334,10,0.7142857142857143,0,0,1,1.1428571428571428,0.7142857142857143,9.104166666666668,6.0,0.7142857142857143,1
1,1,1,9853,1,1,128.0,1,38,37,9,9,124.9,0,0,0,1,0,1,19,0,0,6,6,6,12.5,0,0,6,6,6,12.833333333333334,0,12.7,3.7,-1.7,2,1.0,1.0,1.0,0.0,0.3333333333333339,12.666666666666668,12,1.0,0,0,0,0.0,1.0,12.666666666666668,6.0,1.0,1
1,39,1,9500,1,1,100.0,1,19,1,1,90,114.0,1,0,1,0,0,0,31,0,0,7,8,5,12.56,0,0,7,8,5,12.56,0,7.6,2.6,0.32,0,0.7142857142857143,0.7142857142857143,0.5102040816326531,0.0,0.0,12.56,10,0.7142857142857143,0,0,3,3.2857142857142856,0.7142857142857143,8.971428571428572,5.0,1.0,1
1,17,5,9500,1,1,140.0,1,1,1,4,3,131.1,1,0,0,1,0,0,18,0,0,7,7,7,13.19,0,0,8,8,8,14.23125,0,11.1,0.6,2.02,2,1.0,1.0,1.0,0.0,1.0412499999999998,13.710625,15,1.0,1,0,1,1.0,1.0,13.710625,8.0,1.0,1
1,1,1,9238,1,1,145.0,1,1,19,9,9,129.3,0,0,1,1,0,1,19,0,0,6,11,3,11.0,0,0,6,9,4,11.25,0,10.8,1.4,1.74,2,0.5,0.6666666666666666,0.3333333333333333,0.16666666666666663,0.25,11.125,7,0.5833333333333334,0,0,1,1.3333333333333335,0.5833333333333334,6.489583333333334,4.0,0.8333333333333334,1
1,17,1,9238,1,1,132.0,1,37,38,9,5,120.8,0,0,0,1,0,1,19,0,0,6,11,5,11.6,0,0,6,10,6,11.714285714285714,0,15.5,2.8,-4.06,2,0.8333333333333334,1.0,0.8333333333333334,0.16666666666666663,0.11428571428571388,11.657142857142857,11,0.9166666666666666,0,0,0,0.0,0.9166666666666666,10.685714285714285,6.0,0.8333333333333334,1
1,1,1,9500,1,1,130.0,1,19,19,9,6,135.0,0,0,0,1,0,0,19,0,0,7,7,6,14.266666666666666,0,0,7,7,6,14.266666666666666,0,7.6,2.6,0.32,2,0.8571428571428571,0.8571428571428571,0.7346938775510203,0.0,0.0,14.266666666666666,12,0.8571428571428571,0,0,1,1.1428571428571428,0.8571428571428571,12.228571428571428,6.0,1.0,1
2,7,1,8014,0,3,124.4,1,37,34,0,0,130.0,0,0,0,1,0,0,30,0,8,10,11,9,12.666666666666666,0,3,7,7,7,12.428571428571429,1,7.6,2.6,0.32,2,0.9,1.0,0.9,0.09999999999999998,-0.23809523809523725,12.547619047619047,16,0.9411764705882353,-3,0,1,1.0,0.9411764705882353,11.809523809523808,7.0,0.9,1
1,43,1,9773,1,1,127.0,1,19,1,5,5,117.6,1,0,0,1,0,0,18,0,0,6,6,0,0.0,0,0,6,10,3,11.0,0,16.2,0.3,-0.92,1,0.0,0.5,0.0,0.5,11.0,5.5,3,0.25,0,0,1,1.5,0.25,1.375,3.0,0.5,1
1,18,6,9500,1,1,144.0,1,1,1,3,6,130.8,1,0,0,1,0,0,18,0,0,8,11,7,12.771428571428572,0,0,8,11,7,12.771428571428572,0,12.7,3.7,-1.7,2,0.875,0.875,0.765625,0.0,0.0,12.771428571428572,14,0.875,0,0,1,1.125,0.875,11.175,7.0,1.0,1
1,18,5,9085,1,1,121.0,1,5,3,2,3,111.9,1,0,0,1,0,0,21,0,0,5,12,0,0.0,3,0,5,5,0,0.0,0,12.7,3.7,-1.7,0,0.0,0.0,0.0,0.0,0.0,0.0,0,0.0,0,0,1,2.0,0.0,0.0,0.0,1.0,1
1,44,1,9238,1,1,150.0,1,1,38,4,9,145.9,0,0,0,1,0,1,19,0,3,6,6,6,15.5,0,2,6,7,6,13.571428571428571,0,13.9,-0.3,0.79,2,1.0,1.0,1.0,0.0,-1.9285714285714288,14.535714285714285,12,1.0,0,0,0,0.0,1.0,14.535714285714285,6.0,1.0,1
1,17,1,9130,1,1,117.0,1,19,19,4,4,113.5,1,0,0,1,0,0,19,0,0,6,8,6,11.333333333333334,0,0,6,12,4,13.75,0,8.9,1.4,3.51,0,1.0,0.6666666666666666,0.6666666666666666,-0.33333333333333337,2.416666666666666,12.541666666666668,10,0.8333333333333334,0,0,1,1.3333333333333335,0.8333333333333334,10.451388888888891,4.0,0.6666666666666666,1
1,1,2,9670,1,1,121.0,1,1,19,4,7,135.4,1,0,0,1,0,1,19,0,0,6,6,6,13.333333333333334,0,0,6,10,5,13.4,0,8.9,1.4,3.51,2,1.0,0.8333333333333334,0.8333333333333334,-0.16666666666666663,0.06666666666666643,13.366666666666667,11,0.9166666666666666,0,0,0,0.16666666666666663,0.9166666666666666,12.252777777777778,5.0,0.8333333333333334,1
1,17,1,171,1,1,130.0,1,3,1,9,9,126.9,1,0,0,1,0,0,20,0,0,0,0,0,0.0,0,0,0,0,0,0.0,0,12.7,3.7,-1.7,0,0.0,0.0,0.0,0.0,0.0,0.0,0,0.0,0,1,1,3.0,0.0,0.0,0.0,1.0,0
1,17,5,9147,1,1,131.0,1,19,38,3,10,119.8,1,0,0,1,0,0,19,0,0,5,8,5,12.6,0,0,5,9,4,11.6,0,8.9,1.4,3.51,2,1.0,0.8,0.8,-0.19999999999999996,-1.0,12.1,9,0.9,0,0,1,1.2,0.9,10.89,4.0,0.8,1
1,17,3,9147,1,1,137.0,1,1,1,4,7,124.4,1,0,0,1,0,0,18,0,0,5,5,5,12.6,0,0,5,5,4,11.0,0,11.1,0.6,2.02,1,1.0,0.8,0.8,-0.19999999999999996,-1.5999999999999996,11.8,9,0.9,0,0,1,1.2,0.9,10.620000000000001,4.0,0.8,1
1,1,2,9670,1,1,117.0,1,37,37,9,9,111.8,0,0,0,1,0,0,22,0,0,5,8,3,12.0,0,0,5,9,2,11.0,1,7.6,2.6,0.32,1,0.6,0.4,0.24,-0.19999999999999996,-1.0,11.5,5,0.5,0,0,1,1.6,0.5,5.75,2.0,0.8,1
1,39,1,9085,1,1,133.1,1,19,19,7,7,130.0,1,0,0,1,0,0,24,0,0,6,7,6,14.857142857142858,0,0,6,10,5,13.6,0,13.9,-0.3,0.79,2,1.0,0.8333333333333334,0.8333333333333334,-0.16666666666666663,-1.257142857142858,14.228571428571428,11,0.9166666666666666,0,0,1,1.1666666666666665,0.9166666666666666,13.042857142857141,5.0,0.8333333333333334,1
2,43,1,9147,1,1,130.0,1,19,37,7,10,138.0,0,0,0,1,0,0,34,0,12,15,17,12,11.916666666666666,0,11,13,13,11,13.181818181818182,0,7.6,2.6,0.32,2,0.8,0.8461538461538461,0.676923076923077,0.0461538461538461,1.2651515151515156,12.549242424242424,23,0.8214285714285714,-2,0,1,1.1538461538461537,0.8214285714285714,10.308306277056277,11.0,0.9538461538461539,1
2,39,1,9991,0,1,110.0,1,34,34,0,0,114.6,1,0,0,1,0,0,46,0,0,5,5,0,0.0,0,0,5,5,0,0.0,0,7.6,2.6,0.32,0,0.0,0.0,0.0,0.0,0.0,0.0,0,0.0,0,0,1,2.0,0.0,0.0,0.0,1.0,1
2,39,2,9147,1,1,140.0,1,37,37,9,8,108.0,0,0,0,1,0,0,50,0,0,5,12,3,13.333333333333334,1,0,5,8,5,12.2,0,9.4,-0.8,-3.12,1,0.6,1.0,0.6,0.4,-1.1333333333333346,12.766666666666666,8,0.8,0,0,1,1.0,0.8,10.213333333333333,5.0,0.6,1
1,39,1,9991,0,1,140.0,1,37,37,9,5,140.0,0,0,0,0,0,0,37,0,0,5,5,0,0.0,0,0,5,5,0,0.0,0,15.5,2.8,-4.06,0,0.0,0.0,0.0,0.0,0.0,0.0,0,0.0,0,0,2,3.0,0.0,0.0,0.0,1.0,1
1,1,2,9085,1,1,148.0,1,38,19,4,9,134.7,1,0,0,1,0,0,18,0,0,6,6,6,17.0,0,0,6,6,6,15.5,0,8.9,1.4,3.51,2,1.0,1.0,1.0,0.0,-1.5,16.25,12,1.0,0,0,1,1.0,1.0,16.25,6.0,1.0,1
2,39,1,9003,1,1,140.0,1,37,37,9,6,104.8,0,0,0,1,0,0,46,0,14,19,24,19,12.210526315789474,0,11,13,13,13,11.384615384615383,0,15.5,2.8,-4.06,2,1.0,1.0,1.0,0.0,-0.8259109311740911,11.79757085020243,32,1.0,-6,0,1,1.0,1.0,11.79757085020243,13.0,1.0,1
2,39,1,9070,1,1,160.0,1,3,1,2,5,126.5,0,0,0,1,0,1,30,0,1,6,8,6,13.0,1,0,6,9,5,12.857142857142858,0,13.9,-0.3,0.79,2,1.0,0.8333333333333334,0.8333333333333334,-0.16666666666666663,-0.14285714285714235,12.928571428571429,11,0.9166666666666666,0,0,0,0.16666666666666663,0.9166666666666666,11.851190476190476,5.0,0.8333333333333334,1
4,1,1,9991,0,1,130.0,1,37,37,9,9,118.1,0,0,1,0,0,0,37,0,0,5,0,0,0.0,0,0,5,0,0,0.0,0,12.7,3.7,-1.7,0,0.0,0.0,0.0,0.0,0.0,0.0,0,0.0,0,0,3,4.0,0.0,0.0,0.0,1.0,1
2,39,1,9991,0,1,120.0,1,37,37,9,9,119.9,0,0,0,1,0,0,50,0,0,5,9,2,10.5,0,0,5,7,3,11.0,0,12.7,3.7,-1.7,1,0.4,0.6,0.24,0.19999999999999996,0.5,10.75,5,0.5,0,0,1,1.4,0.5,5.375,3.0,0.8,1
1,44,1,9003,1,39,160.0,1,38,38,9,6,160.0,1,0,0,1,0,0,20,0,0,6,7,6,13.571428571428571,0,0,6,9,6,12.714285714285714,0,12.4,0.5,1.79,2,1.0,1.0,1.0,0.0,-0.8571428571428577,13.142857142857142,12,1.0,0,0,1,1.0,1.0,13.142857142857142,6.0,1.0,1
2,39,2,9556,1,12,133.1,1,34,34,99,99,100.5,0,0,0,1,0,0,39,0,0,3,7,1,14.0,0,0,2,4,0,0.0,0,11.1,0.6,2.02,0,0.3333333333333333,0.0,0.0,-0.3333333333333333,-14.0,7.0,1,0.2,-1,0,1,2.0,0.2,1.4000000000000001,0.0,0.6666666666666667,1
2,39,1,9773,1,19,133.1,1,37,37,9,6,110.0,0,0,0,0,0,0,53,0,0,5,5,0,0.0,0,0,4,5,0,0.0,0,15.5,2.8,-4.06,0,0.0,0.0,0.0,0.0,0.0,0.0,0,0.0,-1,0,2,3.0,0.0,0.0,0.0,1.0,1
2,42,1,9147,1,1,100.0,1,37,37,9,9,100.0,1,0,0,1,0,0,54,0,13,15,20,13,12.461538461538462,1,10,13,13,10,11.1,1,15.5,2.8,-4.06,0,0.8666666666666667,0.7692307692307693,0.6666666666666667,-0.09743589743589742,-1.361538461538462,11.78076923076923,23,0.8214285714285714,-2,0,1,1.2307692307692308,0.8214285714285714,9.677060439560439,10.0,0.9025641025641026,1
1,44,1,9085,1,39,140.0,1,3,3,4,2,140.0,1,0,0,1,0,0,19,0,0,6,8,4,14.4,0,0,6,6,5,13.0,0,13.9,-0.3,0.79,2,0.6666666666666666,0.8333333333333334,0.5555555555555556,0.16666666666666674,-1.4000000000000004,13.7,9,0.75,0,0,1,1.1666666666666665,0.75,10.274999999999999,5.0,0.8333333333333333,1
1,18,2,9773,1,1,109.0,1,1,1,4,4,109.0,1,0,0,0,0,0,20,0,0,6,6,0,0.0,0,0,6,0,0,0.0,0,8.9,1.4,3.51,0,0.0,0.0,0.0,0.0,0.0,0.0,0,0.0,0,0,2,3.0,0.0,0.0,0.0,1.0,1
1,1,3,9773,1,1,130.0,1,1,37,4,5,120.9,1,0,1,1,0,0,18,0,0,6,6,6,14.333333333333334,0,0,6,6,6,14.166666666666666,0,8.9,1.4,3.51,2,1.0,1.0,1.0,0.0,-0.16666666666666785,14.25,12,1.0,0,0,2,2.0,1.0,14.25,6.0,1.0,1
1,53,1,9003,1,42,130.0,1,1,1,144,144,125.8,0,0,1,1,0,0,21,0,7,13,21,11,11.909090909090908,0,5,11,14,11,10.727272727272728,0,8.9,1.4,3.51,2,0.8461538461538461,1.0,0.8461538461538461,0.15384615384615385,-1.1818181818181799,11.318181818181818,22,0.9166666666666666,-2,0,2,2.0,0.9166666666666666,10.375,11.0,0.8461538461538461,1
1,18,3,9070,1,1,164.0,1,1,1,5,3,161.2,1,0,0,1,0,0,18,0,1,6,8,6,13.714285714285714,1,0,6,8,6,14.375,0,13.9,-0.3,0.79,2,1.0,1.0,1.0,0.0,0.6607142857142865,14.044642857142858,12,1.0,0,0,1,1.0,1.0,14.044642857142858,6.0,1.0,1
1,1,1,9500,1,1,125.0,1,19,19,9,10,122.0,1,0,1,1,0,0,19,0,0,7,0,0,0.0,0,0,8,0,0,0.0,0,11.1,0.6,2.02,0,0.0,0.0,0.0,0.0,0.0,0.0,0,0.0,1,0,2,3.0,0.0,0.0,0.0,1.0,1
1,1,1,9773,1,1,133.0,1,1,3,3,3,135.8,1,0,0,1,0,0,19,0,0,6,6,6,15.0,0,0,6,6,6,13.333333333333334,0,11.1,0.6,2.02,2,1.0,1.0,1.0,0.0,-1.666666666666666,14.166666666666668,12,1.0,0,0,1,1.0,1.0,14.166666666666668,6.0,1.0,1
1,1,2,9670,1,1,160.0,1,2,1,4,4,137.3,1,0,0,1,0,0,19,0,0,6,7,5,13.4,0,0,6,6,5,12.8,0,12.7,3.7,-1.7,2,0.8333333333333334,0.8333333333333334,0.6944444444444445,0.0,-0.5999999999999996,13.100000000000001,10,0.8333333333333334,0,0,1,1.1666666666666665,0.8333333333333334,10.916666666666668,5.0,1.0,1
1,1,1,9085,1,1,140.0,1,3,3,2,2,146.4,0,0,0,1,0,0,18,0,0,5,5,5,12.6,0,0,5,7,5,11.6,0,7.6,2.6,0.32,2,1.0,1.0,1.0,0.0,-1.0,12.1,10,1.0,0,0,1,1.0,1.0,12.1,5.0,1.0,1
2,39,1,8014,0,1,140.0,1,37,37,9,9,121.0,0,0,0,1,0,0,50,0,0,6,8,6,12.666666666666666,0,0,6,6,6,11.833333333333334,0,10.8,1.4,1.74,2,1.0,1.0,1.0,0.0,-0.8333333333333321,12.25,12,1.0,0,0,1,1.0,1.0,12.25,6.0,1.0,1
1,43,1,9853,1,1,140.0,1,37,37,6,6,125.2,0,0,1,1,0,0,41,0,20,21,23,21,12.333333333333334,0,19,19,19,19,12.105263157894736,0,12.4,0.5,1.79,2,1.0,1.0,1.0,0.0,-0.22807017543859764,12.219298245614034,40,1.0,-2,0,2,2.0,1.0,12.219298245614034,19.0,1.0,1
4,39,1,9147,1,1,140.0,1,37,37,9,9,142.8,0,0,0,1,0,0,43,0,0,5,5,5,16.4,0,0,5,5,5,16.6,0,7.6,2.6,0.32,2,1.0,1.0,1.0,0.0,0.20000000000000284,16.5,10,1.0,0,0,1,1.0,1.0,16.5,5.0,1.0,1
2,39,1,8014,0,19,133.1,1,3,19,90,90,123.5,0,0,0,1,0,0,50,0,0,1,1,0,0.0,1,0,6,0,0,0.0,0,10.8,1.4,1.74,0,0.0,0.0,0.0,0.0,0.0,0.0,0,0.0,5,0,1,2.0,0.0,0.0,0.0,1.0,1
2,39,1,9147,1,1,110.0,1,37,37,9,10,140.0,0,0,0,1,0,0,41,0,0,5,14,4,14.5,1,0,5,12,5,13.0,0,9.4,-0.8,-3.12,1,0.8,1.0,0.8,0.19999999999999996,-1.5,13.75,9,0.9,0,0,1,1.0,0.9,12.375,5.0,0.8,1
2,39,1,9991,0,19,133.1,1,37,37,9,9,150.3,0,0,0,1,0,0,47,0,0,5,5,5,14.8,0,0,5,5,5,14.4,0,7.6,2.6,0.32,2,1.0,1.0,1.0,0.0,-0.40000000000000036,14.600000000000001,10,1.0,0,0,1,1.0,1.0,14.600000000000001,5.0,1.0,1
1,1,1,171,1,3,116.0,1,3,3,2,2,128.2,0,0,0,1,0,0,22,0,12,17,22,17,10.36842105263158,0,14,17,18,17,11.5,0,11.1,0.6,2.02,2,1.0,1.0,1.0,0.0,1.1315789473684195,10.934210526315791,34,1.0,0,0,1,1.0,1.0,10.934210526315791,17.0,1.0,1
2,39,1,9500,1,1,110.0,1,37,37,9,6,114.3,0,0,0,1,0,0,41,0,0,7,0,0,0.0,0,0,8,0,0,0.0,0,10.8,1.4,1.74,0,0.0,0.0,0.0,0.0,0.0,0.0,0,0.0,1,0,1,2.0,0.0,0.0,0.0,1.0,1
5,42,1,9254,1,2,120.0,1,37,37,4,9,120.0,0,0,0,1,0,0,32,0,9,15,21,13,12.692307692307692,0,12,15,22,13,12.384615384615383,0,10.8,1.4,1.74,2,0.8666666666666667,0.8666666666666667,0.7511111111111112,0.0,-0.3076923076923084,12.538461538461537,26,0.8666666666666667,0,0,1,1.1333333333333333,0.8666666666666667,10.866666666666665,13.0,1.0,1
2,39,1,9991,0,12,133.1,1,37,34,90,90,110.7,1,0,0,1,0,0,50,0,0,5,0,0,0.0,0,0,5,0,0,0.0,0,7.6,2.6,0.32,0,0.0,0.0,0.0,0.0,0.0,0.0,0,0.0,0,0,1,2.0,0.0,0.0,0.0,1.0,1
1,39,1,9556,1,1,133.1,6,3,3,4,4,169.2,0,0,1,0,0,0,54,1,0,7,7,0,0.0,0,0,5,10,0,0.0,0,12.4,0.5,1.79,0,0.0,0.0,0.0,0.0,0.0,0.0,0,0.0,-2,0,3,4.0,0.0,0.0,0.0,1.0,1
1,39,1,8014,0,1,120.0,1,37,37,9,7,106.8,0,0,0,1,0,0,49,0,0,6,9,5,12.333333333333334,0,0,6,12,4,11.5,0,13.9,-0.3,0.79,1,0.8333333333333334,0.6666666666666666,0.5555555555555556,-0.16666666666666674,-0.8333333333333339,11.916666666666668,9,0.75,0,0,1,1.3333333333333335,0.75,8.9375,4.0,0.8333333333333333,1
4,39,1,8014,0,1,133.1,1,38,37,5,7,144.5,0,0,0,1,0,0,45,0,0,6,13,4,12.5,0,0,6,8,3,11.666666666666666,0,16.2,0.3,-0.92,0,0.6666666666666666,0.5,0.3333333333333333,-0.16666666666666663,-0.8333333333333339,12.083333333333332,7,0.5833333333333334,0,0,1,1.5,0.5833333333333334,7.048611111111111,3.0,0.8333333333333334,1
4,39,1,8014,0,19,133.1,1,37,37,9,7,134.5,0,0,0,1,0,1,47,0,0,6,8,5,12.2,0,0,6,10,4,11.25,0,12.4,0.5,1.79,2,0.8333333333333334,0.6666666666666666,0.5555555555555556,-0.16666666666666674,-0.9499999999999993,11.725,9,0.75,0,0,0,0.33333333333333337,0.75,8.79375,4.0,0.8333333333333333,1
2,39,1,9991,0,1,133.1,1,37,37,9,9,113.4,0,0,0,1,0,0,33,0,0,5,14,1,10.0,0,0,5,13,2,12.0,0,12.4,0.5,1.79,0,0.2,0.4,0.08000000000000002,0.2,2.0,11.0,3,0.3,0,0,1,1.6,0.3,3.3,2.0,0.8,1
2,39,1,8014,0,1,140.0,1,37,37,9,9,128.0,0,0,0,1,0,1,43,0,0,6,7,6,12.333333333333334,0,0,6,8,6,11.5,0,8.9,1.4,3.51,2,1.0,1.0,1.0,0.0,-0.8333333333333339,11.916666666666668,12,1.0,0,0,0,0.0,1.0,11.916666666666668,6.0,1.0,1
1,7,1,9003,1,3,120.0,1,37,37,6,6,120.0,0,0,0,1,0,0,54,0,9,13,13,13,14.307692307692308,0,5,12,15,12,15.23076923076923,0,15.5,2.8,-4.06,2,1.0,1.0,1.0,0.0,0.9230769230769216,14.76923076923077,25,1.0,-1,0,1,1.0,1.0,14.76923076923077,12.0,1.0,1
1,39,1,8014,0,2,130.0,1,37,37,5,7,147.5,0,0,0,1,0,0,39,0,7,11,13,11,14.454545454545457,0,6,8,8,8,13.5,0,12.7,3.7,-1.7,2,1.0,1.0,1.0,0.0,-0.9545454545454568,13.977272727272728,19,1.0,-3,0,1,1.0,1.0,13.977272727272728,8.0,1.0,1
2,39,1,9991,0,1,120.0,1,37,37,9,9,120.7,0,0,0,1,0,0,39,0,0,5,6,5,11.0,0,0,5,5,5,13.2,0,7.6,2.6,0.32,2,1.0,1.0,1.0,0.0,2.1999999999999993,12.1,10,1.0,0,0,1,1.0,1.0,12.1,5.0,1.0,1
1,1,1,9853,1,1,153.0,1,19,37,9,9,153.7,0,0,0,1,0,1,18,0,0,6,8,6,13.142857142857142,0,0,6,6,6,12.833333333333334,0,15.5,2.8,-4.06,2,1.0,1.0,1.0,0.0,-0.3095238095238084,12.988095238095237,12,1.0,0,0,0,0.0,1.0,12.988095238095237,6.0,1.0,1
1,17,1,9238,1,1,131.0,1,37,37,9,7,121.9,0,0,0,1,0,1,19,0,0,6,8,6,13.75,0,0,6,7,6,11.857142857142858,0,16.2,0.3,-0.92,2,1.0,1.0,1.0,0.0,-1.8928571428571423,12.803571428571429,12,1.0,0,0,0,0.0,1.0,12.803571428571429,6.0,1.0,1
1,17,4,9670,1,1,126.0,1,38,19,9,6,119.4,1,0,0,1,0,1,18,0,0,6,6,6,14.0,0,0,6,9,5,13.8,0,8.9,1.4,3.51,2,1.0,0.8333333333333334,0.8333333333333334,-0.16666666666666663,-0.1999999999999993,13.9,11,0.9166666666666666,0,0,0,0.16666666666666663,0.9166666666666666,12.741666666666667,5.0,0.8333333333333334,1
2,39,1,8014,0,12,110.0,1,34,34,0,0,157.8,0,0,0,1,0,0,44,0,5,8,13,8,13.75,0,2,6,9,6,12.5,0,7.6,2.6,0.32,2,1.0,1.0,1.0,0.0,-1.25,13.125,14,1.0,-2,0,1,1.0,1.0,13.125,6.0,1.0,1
1,39,1,9991,0,1,150.0,1,3,1,3,9,154.0,0,0,0,1,0,0,27,0,0,5,5,0,0.0,0,0,5,6,0,0.0,0,12.4,0.5,1.79,0,0.0,0.0,0.0,0.0,0.0,0.0,0,0.0,0,0,1,2.0,0.0,0.0,0.0,1.0,1
1,1,2,9670,1,1,131.0,1,1,19,4,7,135.9,1,0,0,1,0,1,18,0,0,6,6,6,13.166666666666666,0,0,6,8,6,12.428571428571429,0,8.9,1.4,3.51,2,1.0,1.0,1.0,0.0,-0.7380952380952372,12.797619047619047,12,1.0,0,0,0,0.0,1.0,12.797619047619047,6.0,1.0,1
1,17,4,9853,1,1,122.0,1,38,37,9,9,118.9,1,0,0,1,0,0,20,0,0,6,7,6,12.666666666666666,0,0,6,7,5,13.0,0,7.6,2.6,0.32,2,1.0,0.8333333333333334,0.8333333333333334,-0.16666666666666663,0.3333333333333339,12.833333333333332,11,0.9166666666666666,0,0,1,1.1666666666666665,0.9166666666666666,11.763888888888888,5.0,0.8333333333333334,1
2,1,1,8014,0,1,151.0,1,37,37,9,9,152.4,0,0,0,1,0,0,40,0,0,6,7,6,11.333333333333334,0,0,6,7,6,10.5,0,10.8,1.4,1.74,2,1.0,1.0,1.0,0.0,-0.8333333333333339,10.916666666666668,12,1.0,0,0,1,1.0,1.0,10.916666666666668,6.0,1.0,1
1,39,1,9991,0,1,120.0,1,37,37,6,6,147.8,0,0,0,1,0,0,40,0,0,5,9,4,11.25,0,0,5,6,5,12.0,0,13.9,-0.3,0.79,1,0.8,1.0,0.8,0.19999999999999996,0.75,11.625,9,0.9,0,0,1,1.0,0.9,10.4625,5.0,0.8,1
1,43,1,9500,1,1,136.0,1,3,3,2,2,100.0,0,0,0,1,0,0,18,0,0,7,8,7,13.6125,0,0,8,8,8,14.575,0,13.9,-0.3,0.79,2,1.0,1.0,1.0,0.0,0.9624999999999986,14.09375,15,1.0,1,0,1,1.0,1.0,14.09375,8.0,1.0,1
1,18,6,9500,1,1,140.0,1,3,19,3,8,129.0,1,0,0,1,0,0,21,0,0,8,8,7,12.414285714285716,0,0,8,8,7,12.414285714285716,0,12.7,3.7,-1.7,2,0.875,0.875,0.765625,0.0,0.0,12.414285714285716,14,0.875,0,0,1,1.125,0.875,10.862500000000002,7.0,1.0,1
1,17,2,171,1,1,131.0,1,2,1,3,3,148.9,1,0,0,1,0,0,20,0,0,0,0,0,0.0,0,0,0,0,0,0.0,0,9.4,-0.8,-3.12,2,0.0,0.0,0.0,0.0,0.0,0.0,0,0.0,0,1,1,3.0,0.0,0.0,0.0,1.0,0
2,7,1,8014,0,3,170.0,1,19,19,4,4,170.0,0,0,0,1,0,0,27,0,0,5,5,0,0.0,0,0,6,0,0,0.0,0,9.4,-0.8,-3.12,0,0.0,0.0,0.0,0.0,0.0,0.0,0,0.0,1,0,1,2.0,0.0,0.0,0.0,1.0,1
2,39,1,9556,1,1,100.0,6,38,38,9,9,130.0,0,0,0,1,0,0,32,1,0,7,10,7,11.0,0,0,8,8,8,13.125,0,12.7,3.7,-1.7,2,1.0,1.0,1.0,0.0,2.125,12.0625,15,1.0,1,0,1,1.0,1.0,12.0625,8.0,1.0,1
1,17,1,9238,1,1,116.0,1,1,1,3,3,119.2,1,0,0,1,0,1,18,0,0,6,6,6,14.0,0,0,6,6,6,13.5,0,8.9,1.4,3.51,2,1.0,1.0,1.0,0.0,-0.5,13.75,12,1.0,0,0,0,0.0,1.0,13.75,6.0,1.0,1
1,39,1,8014,0,1,133.1,1,37,37,9,7,129.0,0,0,0,1,0,0,37,0,0,6,13,4,12.0,0,0,6,10,3,12.0,0,16.2,0.3,-0.92,0,0.6666666666666666,0.5,0.3333333333333333,-0.16666666666666663,0.0,12.0,7,0.5833333333333334,0,0,1,1.5,0.5833333333333334,7.0,3.0,0.8333333333333334,1
1,17,1,9773,1,1,136.0,1,3,1,2,3,132.5,1,0,0,1,0,0,19,0,0,6,7,6,12.5,0,0,6,7,6,12.5,0,10.8,1.4,1.74,2,1.0,1.0,1.0,0.0,0.0,12.5,12,1.0,0,0,1,1.0,1.0,12.5,6.0,1.0,1
4,39,2,8014,0,1,160.0,1,37,38,7,5,115.0,0,0,0,1,0,1,41,0,0,6,8,6,11.333333333333334,0,0,6,9,6,11.333333333333334,0,10.8,1.4,1.74,2,1.0,1.0,1.0,0.0,0.0,11.333333333333334,12,1.0,0,0,0,0.0,1.0,11.333333333333334,6.0,1.0,1
2,1,4,9500,1,1,140.0,1,1,37,4,9,128.0,0,0,0,1,0,1,18,0,0,7,7,6,14.066666666666668,0,0,7,7,6,14.066666666666668,0,7.6,2.6,0.32,2,0.8571428571428571,0.8571428571428571,0.7346938775510203,0.0,0.0,14.066666666666668,12,0.8571428571428571,0,0,0,0.1428571428571429,0.8571428571428571,12.057142857142857,6.0,1.0,1
1,43,1,9085,1,1,130.0,1,37,37,90,90,125.1,0,0,0,1,0,0,21,0,2,9,14,8,13.555555555555555,0,2,7,10,7,13.571428571428571,0,7.6,2.6,0.32,2,0.8888888888888888,1.0,0.8888888888888888,0.11111111111111116,0.015873015873015817,13.563492063492063,15,0.9375,-2,0,1,1.0,0.9375,12.71577380952381,7.0,0.8888888888888888,1
1,44,1,9003,1,1,140.0,1,1,19,3,9,140.0,1,0,1,0,0,0,23,0,0,6,13,5,11.6,0,0,6,11,4,12.25,0,12.4,0.5,1.79,0,0.8333333333333334,0.6666666666666666,0.5555555555555556,-0.16666666666666674,0.6500000000000004,11.925,9,0.75,0,0,3,3.3333333333333335,0.75,8.943750000000001,4.0,0.8333333333333333,1
1,17,2,9773,1,1,123.0,1,1,1,3,3,120.9,1,0,0,1,0,0,18,0,0,6,0,0,0.0,0,0,6,0,0,0.0,0,13.9,-0.3,0.79,0,0.0,0.0,0.0,0.0,0.0,0.0,0,0.0,0,0,1,2.0,0.0,0.0,0.0,1.0,1
1,1,6,9500,1,1,143.0,1,19,19,4,4,135.3,1,0,0,1,0,0,18,0,0,8,8,8,13.27625,0,0,8,8,8,13.27625,0,9.4,-0.8,-3.12,2,1.0,1.0,1.0,0.0,0.0,13.27625,16,1.0,0,0,1,1.0,1.0,13.27625,8.0,1.0,1
1,43,4,9085,1,1,133.1,1,34,34,99,99,125.2,0,0,0,1,0,0,21,0,0,6,0,0,0.0,0,0,6,0,0,0.0,0,7.6,2.6,0.32,0,0.0,0.0,0.0,0.0,0.0,0.0,0,0.0,0,0,1,2.0,0.0,0.0,0.0,1.0,1
1,1,2,9238,1,1,136.0,1,22,30,0,8,135.7,1,0,0,1,0,0,19,0,0,6,8,6,14.375,0,0,6,8,6,14.75,0,7.6,2.6,0.32,2,1.0,1.0,1.0,0.0,0.375,14.5625,12,1.0,0,0,1,1.0,1.0,14.5625,6.0,1.0,1
6,39,2,9147,1,1,133.1,1,37,37,9,9,110.0,0,0,0,1,0,0,47,0,0,5,0,0,0.0,0,0,5,0,0,0.0,0,9.4,-0.8,-3.12,0,0.0,0.0,0.0,0.0,0.0,0.0,0,0.0,0,0,1,2.0,0.0,0.0,0.0,1.0,1
2,7,1,8014,0,3,110.0,1,37,37,9,9,110.0,0,0,0,1,0,0,39,0,9,13,19,12,13.416666666666666,0,4,10,10,10,14.5,0,16.2,0.3,-0.92,2,0.9230769230769231,1.0,0.9230769230769231,0.07692307692307687,1.083333333333334,13.958333333333332,22,0.9565217391304348,-3,0,1,1.0,0.9565217391304348,13.351449275362318,10.0,0.9230769230769231,1
1,1,1,9500,1,1,118.0,1,38,38,7,7,115.2,1,0,0,1,0,0,19,0,0,7,9,6,12.97166666666667,0,0,8,9,7,12.321428571428571,0,11.1,0.6,2.02,2,0.8571428571428571,0.875,0.75,0.017857142857142905,-0.6502380952380982,12.64654761904762,13,0.8666666666666667,1,0,1,1.125,0.8666666666666667,10.96034126984127,7.0,0.9821428571428571,1
5,39,1,9003,1,19,133.1,1,19,1,9,9,119.4,0,0,1,0,0,0,27,0,0,6,6,0,0.0,0,0,6,7,0,0.0,0,8.9,1.4,3.51,0,0.0,0.0,0.0,0.0,0.0,0.0,0,0.0,0,0,3,4.0,0.0,0.0,0.0,1.0,1
1,1,1,171,1,1,162.0,1,19,19,4,7,152.9,1,0,0,1,0,1,18,0,0,0,0,0,0.0,0,0,0,0,0,0.0,0,12.4,0.5,1.79,2,0.0,0.0,0.0,0.0,0.0,0.0,0,0.0,0,1,0,2.0,0.0,0.0,0.0,1.0,0
1,39,1,9670,1,1,150.0,1,34,34,0,0,108.0,0,0,0,1,0,0,25,0,0,5,6,1,11.0,0,0,5,5,0,0.0,0,7.6,2.6,0.32,0,0.2,0.0,0.0,-0.2,-11.0,5.5,1,0.1,0,0,1,2.0,0.1,0.55,0.0,0.8,1
2,39,1,9500,1,1,133.1,1,19,37,6,6,120.0,0,0,0,1,0,1,32,0,0,8,9,7,12.757142857142856,0,0,8,9,7,12.757142857142856,0,12.7,3.7,-1.7,2,0.875,0.875,0.765625,0.0,0.0,12.757142857142856,14,0.875,0,0,0,0.125,0.875,11.1625,7.0,1.0,1
1,1,1,9773,1,1,154.0,1,37,37,9,7,150.2,0,0,0,1,0,1,18,0,0,6,6,6,14.5,0,0,6,6,6,14.666666666666666,0,16.2,0.3,-0.92,2,1.0,1.0,1.0,0.0,0.16666666666666607,14.583333333333332,12,1.0,0,0,0,0.0,1.0,14.583333333333332,6.0,1.0,1
1,44,1,8014,0,39,140.0,1,1,3,4,6,139.2,0,0,1,1,0,0,20,0,3,6,6,6,13.833333333333334,0,2,6,7,6,14.571428571428571,0,12.4,0.5,1.79,2,1.0,1.0,1.0,0.0,0.7380952380952372,14.202380952380953,12,1.0,0,0,2,2.0,1.0,14.202380952380953,6.0,1.0,1
1,1,1,9147,1,1,158.0,1,19,37,9,7,130.0,1,0,0,1,0,0,20,0,0,5,8,4,11.25,0,0,5,7,5,10.4,0,7.6,2.6,0.32,2,0.8,1.0,0.8,0.19999999999999996,-0.8499999999999996,10.825,9,0.9,0,0,1,1.0,0.9,9.7425,5.0,0.8,1
1,1,3,9500,1,1,136.0,1,1,1,4,4,127.0,1,0,0,1,0,0,19,0,0,8,10,1,13.67,7,0,8,10,1,13.67,7,9.4,-0.8,-3.12,1,0.125,0.125,0.015625,0.0,0.0,13.67,2,0.125,0,0,1,1.875,0.125,1.70875,1.0,1.0,1
1,39,1,9991,0,9,133.1,1,37,34,90,90,118.1,1,0,0,1,0,0,39,0,0,5,9,0,0.0,0,0,5,5,2,12.5,0,7.6,2.6,0.32,0,0.0,0.4,0.0,0.4,12.5,6.25,2,0.2,0,0,1,1.6,0.2,1.25,2.0,0.6,1
1,1,1,9130,1,1,132.0,1,6,6,0,4,119.1,1,0,1,1,0,0,29,0,0,5,10,1,13.0,4,0,5,14,0,0.0,8,10.8,1.4,1.74,0,0.2,0.0,0.0,-0.2,-13.0,6.5,1,0.1,0,0,2,3.0,0.1,0.65,0.0,0.8,1
1,39,1,9991,0,1,130.0,1,37,37,6,6,111.9,0,0,1,1,0,0,36,0,0,5,5,0,0.0,0,0,5,5,0,0.0,0,12.7,3.7,-1.7,0,0.0,0.0,0.0,0.0,0.0,0.0,0,0.0,0,0,2,3.0,0.0,0.0,0.0,1.0,1
1,1,6,9500,1,1,144.0,1,19,19,9,9,130.5,1,0,0,1,0,0,18,0,0,8,12,7,11.971428571428572,0,0,8,12,7,11.971428571428572,0,12.7,3.7,-1.7,2,0.875,0.875,0.765625,0.0,0.0,11.971428571428572,14,0.875,0,0,1,1.125,0.875,10.475,7.0,1.0,1
2,39,1,8014,0,12,133.1,1,34,34,0,0,135.0,0,0,0,1,0,0,51,0,0,6,12,0,0.0,0,1,6,11,0,0.0,1,7.6,2.6,0.32,0,0.0,0.0,0.0,0.0,0.0,0.0,0,0.0,0,0,1,2.0,0.0,0.0,0.0,1.0,1
1,43,1,9773,1,1,133.1,22,34,34,90,90,130.0,0,0,1,1,0,0,23,1,0,6,11,1,16.0,0,0,6,8,4,12.25,0,7.6,2.6,0.32,0,0.16666666666666666,0.6666666666666666,0.1111111111111111,0.5,-3.75,14.125,5,0.4166666666666667,0,0,2,2.3333333333333335,0.4166666666666667,5.885416666666667,4.0,0.5,1
1,44,1,9085,1,1,150.0,1,29,10,6,6,150.0,1,0,0,1,0,0,21,0,0,6,0,0,0.0,0,0,6,0,0,0.0,0,10.8,1.4,1.74,0,0.0,0.0,0.0,0.0,0.0,0.0,0,0.0,0,0,1,2.0,0.0,0.0,0.0,1.0,1
1,43,5,9853,1,1,150.0,1,34,34,0,0,150.2,1,0,0,0,0,0,28,0,0,6,9,4,12.75,1,0,5,5,0,0.0,5,9.4,-0.8,-3.12,0,0.6666666666666666,0.0,0.0,-0.6666666666666666,-12.75,6.375,4,0.36363636363636365,-1,0,2,3.0,0.36363636363636365,2.3181818181818183,0.0,0.33333333333333337,1
1,39,1,8014,0,1,100.0,1,37,37,6,5,107.5,0,0,0,1,0,0,41,0,0,2,2,0,0.0,0,0,6,0,0,0.0,0,12.7,3.7,-1.7,0,0.0,0.0,0.0,0.0,0.0,0.0,0,0.0,4,0,1,2.0,0.0,0.0,0.0,1.0,1
4,39,1,8014,0,3,100.0,1,37,37,9,9,130.0,0,0,0,1,0,1,43,0,0,6,7,5,12.2,0,0,6,6,6,12.333333333333334,0,9.4,-0.8,-3.12,2,0.8333333333333334,1.0,0.8333333333333334,0.16666666666666663,0.13333333333333464,12.266666666666666,11,0.9166666666666666,0,0,0,0.0,0.9166666666666666,11.244444444444444,6.0,0.8333333333333334,1
1,1,1,171,1,1,145.0,1,40,1,2,4,160.1,0,0,0,1,0,1,19,0,6,12,12,12,14.5,0,4,11,15,11,13.583333333333334,0,8.9,1.4,3.51,2,1.0,1.0,1.0,0.0,-0.9166666666666661,14.041666666666668,23,1.0,-1,0,0,0.0,1.0,14.041666666666668,11.0,1.0,1
1,39,1,9003,1,1,130.0,1,19,19,9,1,140.0,0,0,0,1,0,0,26,0,6,12,13,6,13.0,0,4,12,14,11,13.833333333333334,0,15.5,2.8,-4.06,2,0.5,0.9166666666666666,0.4583333333333333,0.41666666666666663,0.8333333333333339,13.416666666666668,17,0.7083333333333334,0,0,1,1.0833333333333335,0.7083333333333334,9.503472222222223,11.0,0.5833333333333334,1
1,1,4,9500,1,1,118.0,1,4,3,2,3,110.7,1,0,0,1,0,0,18,0,0,7,7,7,11.714285714285714,0,0,8,8,8,12.75,0,12.4,0.5,1.79,2,1.0,1.0,1.0,0.0,1.0357142857142865,12.232142857142858,15,1.0,1,0,1,1.0,1.0,12.232142857142858,8.0,1.0,1
2,39,1,9853,1,1,133.1,1,37,19,9,5,138.3,0,0,0,1,0,0,45,0,0,7,12,4,10.25,0,0,7,10,3,13.0,0,11.1,0.6,2.02,0,0.5714285714285714,0.42857142857142855,0.24489795918367344,-0.14285714285714285,2.75,11.625,7,0.5,0,0,1,1.5714285714285714,0.5,5.8125,3.0,0.8571428571428572,1
1,44,1,9853,1,39,150.0,1,3,37,2,7,150.0,0,0,0,1,0,0,19,0,0,6,0,0,0.0,0,0,6,0,0,0.0,0,12.4,0.5,1.79,0,0.0,0.0,0.0,0.0,0.0,0.0,0,0.0,0,0,1,2.0,0.0,0.0,0.0,1.0,1
1,17,6,9670,1,1,113.0,1,4,1,3,10,112.3,0,0,0,1,0,0,20,0,0,6,9,6,12.375,0,0,6,7,6,13.142857142857142,0,11.1,0.6,2.02,2,1.0,1.0,1.0,0.0,0.7678571428571423,12.758928571428571,12,1.0,0,0,1,1.0,1.0,12.758928571428571,6.0,1.0,1
1,1,6,9853,1,1,136.0,1,1,19,5,5,122.0,0,0,0,1,0,0,18,0,0,6,6,6,12.666666666666666,0,0,6,6,6,12.0,0,7.6,2.6,0.32,2,1.0,1.0,1.0,0.0,-0.6666666666666661,12.333333333333332,12,1.0,0,0,1,1.0,1.0,12.333333333333332,6.0,1.0,1
2,1,1,9003,1,1,131.0,1,19,38,5,5,118.4,0,0,0,1,0,0,20,0,0,6,11,6,14.125,0,0,6,10,5,12.6,0,13.9,-0.3,0.79,2,1.0,0.8333333333333334,0.8333333333333334,-0.16666666666666663,-1.5250000000000004,13.3625,11,0.9166666666666666,0,0,1,1.1666666666666665,0.9166666666666666,12.248958333333334,5.0,0.8333333333333334,1
1,1,3,9085,1,1,138.0,1,1,1,4,8,128.7,1,0,0,1,0,0,18,0,0,6,7,6,14.666666666666666,0,0,6,12,6,13.833333333333334,0,8.9,1.4,3.51,2,1.0,1.0,1.0,0.0,-0.8333333333333321,14.25,12,1.0,0,0,1,1.0,1.0,14.25,6.0,1.0,1
1,39,1,171,1,1,140.0,1,37,37,9,9,100.8,0,1,0,1,0,0,26,0,0,0,0,0,0.0,0,0,0,0,0,0.0,0,16.2,0.3,-0.92,0,0.0,0.0,0.0,0.0,0.0,0.0,0,0.0,0,1,1,3.0,0.0,0.0,0.0,1.0,0
4,39,1,9238,1,1,120.0,1,37,37,9,9,125.5,1,0,0,1,0,1,39,0,0,6,7,6,14.0,0,0,6,7,5,14.8,0,12.7,3.7,-1.7,2,1.0,0.8333333333333334,0.8333333333333334,-0.16666666666666663,0.8000000000000007,14.4,11,0.9166666666666666,0,0,0,0.16666666666666663,0.9166666666666666,13.2,5.0,0.8333333333333334,1
1,1,1,171,1,1,139.0,1,37,37,9,9,124.0,1,0,0,1,0,0,18,0,0,0,0,0,0.0,0,0,0,0,0,0.0,0,7.6,2.6,0.32,2,0.0,0.0,0.0,0.0,0.0,0.0,0,0.0,0,1,1,3.0,0.0,0.0,0.0,1.0,0
1,7,1,9500,1,3,130.0,1,37,37,9,5,130.0,0,0,0,1,0,0,36,0,0,7,7,0,0.0,7,0,7,7,0,0.0,7,16.2,0.3,-0.92,0,0.0,0.0,0.0,0.0,0.0,0.0,0,0.0,0,0,1,2.0,0.0,0.0,0.0,1.0,1
2,39,1,8014,0,3,110.0,1,37,37,9,9,160.5,0,0,0,1,0,0,38,0,8,11,11,11,12.636363636363637,0,5,8,8,8,11.0,0,13.9,-0.3,0.79,2,1.0,1.0,1.0,0.0,-1.6363636363636367,11.818181818181818,19,1.0,-3,0,1,1.0,1.0,11.818181818181818,8.0,1.0,1
2,39,1,9853,1,19,133.1,1,37,19,3,7,100.0,0,0,0,1,0,0,45,0,0,6,11,3,12.333333333333334,0,0,6,13,2,11.0,0,7.6,2.6,0.32,0,0.5,0.3333333333333333,0.16666666666666666,-0.16666666666666669,-1.333333333333334,11.666666666666668,5,0.4166666666666667,0,0,1,1.6666666666666667,0.4166666666666667,4.861111111111112,2.0,0.8333333333333333,1
5,39,1,9254,1,1,133.1,1,2,2,2,2,103.0,0,0,0,1,0,0,62,0,0,6,7,6,15.0,0,0,6,10,6,12.833333333333334,0,10.8,1.4,1.74,2,1.0,1.0,1.0,0.0,-2.166666666666666,13.916666666666668,12,1.0,0,0,1,1.0,1.0,13.916666666666668,6.0,1.0,1
1,1,1,9670,1,1,133.1,1,1,1,9,1,103.0,1,0,0,1,0,1,20,0,0,6,8,4,11.75,0,0,6,10,6,12.666666666666666,0,10.8,1.4,1.74,2,0.6666666666666666,1.0,0.6666666666666666,0.33333333333333337,0.9166666666666661,12.208333333333332,10,0.8333333333333334,0,0,0,0.0,0.8333333333333334,10.17361111111111,6.0,0.6666666666666666,1
1,1,1,9500,1,1,139.0,1,19,37,9,9,131.5,1,0,0,1,0,0,18,0,0,8,8,7,14.13714285714286,0,0,8,8,7,14.13714285714286,0,10.8,1.4,1.74,2,0.875,0.875,0.765625,0.0,0.0,14.13714285714286,14,0.875,0,0,1,1.125,0.875,12.370000000000003,7.0,1.0,1
1,18,3,9070,1,1,134.0,1,1,1,3,4,121.4,0,0,0,1,0,0,18,0,0,6,6,2,12.0,0,0,6,6,1,11.0,0,9.4,-0.8,-3.12,0,0.3333333333333333,0.16666666666666666,0.05555555555555555,-0.16666666666666666,-1.0,11.5,3,0.25,0,0,1,1.8333333333333335,0.25,2.875,1.0,0.8333333333333334,1
2,1,1,9991,0,3,160.0,1,1,3,4,9,137.3,0,0,0,1,0,0,23,0,0,5,5,5,10.8,0,0,5,9,4,11.5,0,9.4,-0.8,-3.12,2,1.0,0.8,0.8,-0.19999999999999996,0.6999999999999993,11.15,9,0.9,0,0,1,1.2,0.9,10.035,4.0,0.8,1
1,17,1,9147,1,1,137.0,1,1,3,7,3,131.1,1,0,1,1,0,1,19,0,0,5,7,5,13.6,0,0,5,5,5,12.6,0,8.9,1.4,3.51,2,1.0,1.0,1.0,0.0,-1.0,13.1,10,1.0,0,0,1,1.0,1.0,13.1,5.0,1.0,1
1,42,1,9500,1,1,157.0,1,3,3,3,3,100.0,0,0,0,1,0,0,18,0,0,7,8,7,13.55,0,0,8,8,8,14.1875,0,13.9,-0.3,0.79,2,1.0,1.0,1.0,0.0,0.6374999999999993,13.86875,15,1.0,1,0,1,1.0,1.0,13.86875,8.0,1.0,1
1,39,2,8014,0,1,100.0,1,35,37,90,90,100.0,0,0,0,1,0,0,41,0,0,6,10,4,13.5,0,1,6,7,6,11.166666666666666,0,7.6,2.6,0.32,2,0.6666666666666666,1.0,0.6666666666666666,0.33333333333333337,-2.333333333333334,12.333333333333332,10,0.8333333333333334,0,0,1,1.0,0.8333333333333334,10.277777777777777,6.0,0.6666666666666666,1
1,39,1,9670,1,1,130.0,1,19,3,4,2,159.0,0,0,0,1,0,1,51,0,0,6,8,5,11.6,0,0,6,9,5,14.2,0,12.4,0.5,1.79,2,0.8333333333333334,0.8333333333333334,0.6944444444444445,0.0,2.5999999999999996,12.899999999999999,10,0.8333333333333334,0,0,0,0.16666666666666663,0.8333333333333334,10.75,5.0,1.0,1
1,39,1,9991,0,3,120.0,1,19,1,9,5,134.0,0,0,0,1,0,0,25,0,0,5,14,1,11.0,0,0,5,11,2,12.666666666666666,4,16.2,0.3,-0.92,0,0.2,0.4,0.08000000000000002,0.2,1.666666666666666,11.833333333333332,3,0.3,0,0,1,1.6,0.3,3.5499999999999994,2.0,0.8,1
1,5,1,9085,1,1,150.0,1,1,1,4,4,139.4,0,0,0,1,0,0,18,0,0,5,9,3,12.0,1,0,5,6,4,13.0,0,7.6,2.6,0.32,1,0.6,0.8,0.48,0.20000000000000007,1.0,12.5,7,0.7,0,0,1,1.2,0.7,8.75,4.0,0.7999999999999999,1
1,16,6,9147,1,1,128.0,1,37,37,9,9,116.5,1,0,0,1,0,0,20,0,0,5,8,4,11.6,0,0,5,10,3,12.333333333333334,0,7.6,2.6,0.32,2,0.8,0.6,0.48,-0.20000000000000007,0.7333333333333343,11.966666666666667,7,0.7,0,0,1,1.4,0.7,8.376666666666667,3.0,0.7999999999999999,1
1,1,1,171,1,1,124.0,1,1,19,123,103,113.9,1,1,0,1,0,0,19,0,0,0,0,0,0.0,0,0,0,0,0,0.0,0,13.9,-0.3,0.79,0,0.0,0.0,0.0,0.0,0.0,0.0,0,0.0,0,1,1,3.0,0.0,0.0,0.0,1.0,0
5,43,1,9991,0,3,130.0,1,3,3,1,1,130.0,0,0,0,1,0,0,41,0,5,10,14,10,14.636363636363637,0,5,10,13,10,14.6,0,16.2,0.3,-0.92,2,1.0,1.0,1.0,0.0,-0.03636363636363704,14.618181818181817,20,1.0,0,0,1,1.0,1.0,14.618181818181817,10.0,1.0,1
1,1,2,9254,1,1,132.0,1,1,19,9,9,129.9,1,0,0,1,0,1,19,0,0,6,8,6,13.0,0,0,6,6,6,12.166666666666666,0,8.9,1.4,3.51,2,1.0,1.0,1.0,0.0,-0.8333333333333339,12.583333333333332,12,1.0,0,0,0,0.0,1.0,12.583333333333332,6.0,1.0,1
1,1,3,9070,1,1,129.0,1,5,3,5,7,124.8,1,0,0,1,0,0,21,0,0,6,6,6,14.5,0,0,6,7,5,12.0,0,12.4,0.5,1.79,2,1.0,0.8333333333333334,0.8333333333333334,-0.16666666666666663,-2.5,13.25,11,0.9166666666666666,0,0,1,1.1666666666666665,0.9166666666666666,12.145833333333332,5.0,0.8333333333333334,1
1,17,4,9773,1,1,138.0,1,37,19,5,7,133.5,1,0,0,0,0,0,18,0,0,6,7,6,12.5,0,0,6,6,6,12.166666666666666,0,10.8,1.4,1.74,2,1.0,1.0,1.0,0.0,-0.3333333333333339,12.333333333333332,12,1.0,0,0,2,2.0,1.0,12.333333333333332,6.0,1.0,1
1,1,1,9070,1,1,135.0,1,19,37,9,9,128.0,1,0,0,1,0,1,19,0,0,6,6,6,14.0,0,0,6,8,6,13.125,0,10.8,1.4,1.74,2,1.0,1.0,1.0,0.0,-0.875,13.5625,12,1.0,0,0,0,0.0,1.0,13.5625,6.0,1.0,1
1,17,6,9500,1,1,131.0,1,3,19,5,5,127.2,1,0,0,1,0,1,19,0,0,7,7,7,13.801428571428572,0,0,8,8,8,14.575,0,11.1,0.6,2.02,2,1.0,1.0,1.0,0.0,0.7735714285714277,14.188214285714285,15,1.0,1,0,0,0.0,1.0,14.188214285714285,8.0,1.0,1
1,42,4,9500,1,6,133.0,1,1,19,2,9,127.8,1,0,0,1,0,1,18,0,0,7,7,6,14.35,0,0,7,7,6,14.35,0,7.6,2.6,0.32,2,0.8571428571428571,0.8571428571428571,0.7346938775510203,0.0,0.0,14.35,12,0.8571428571428571,0,0,0,0.1428571428571429,0.8571428571428571,12.299999999999999,6.0,1.0,1
1,17,1,9070,1,1,135.0,1,37,19,9,9,125.2,1,0,0,1,0,0,19,0,0,6,6,6,14.333333333333334,0,0,6,6,6,13.5,0,12.7,3.7,-1.7,2,1.0,1.0,1.0,0.0,-0.8333333333333339,13.916666666666668,12,1.0,0,0,1,1.0,1.0,13.916666666666668,6.0,1.0,1
1,43,2,9853,1,1,118.0,1,19,1,5,4,110.0,1,0,0,1,0,0,20,0,0,6,10,4,12.25,0,0,6,8,4,11.5,0,10.8,1.4,1.74,1,0.6666666666666666,0.6666666666666666,0.4444444444444444,0.0,-0.75,11.875,8,0.6666666666666666,0,0,1,1.3333333333333335,0.6666666666666666,7.916666666666666,4.0,1.0,1
2,39,1,8014,0,19,100.0,1,34,34,0,0,100.0,0,0,0,1,0,0,46,0,0,6,9,6,13.333333333333334,0,0,6,6,6,11.833333333333334,0,7.6,2.6,0.32,2,1.0,1.0,1.0,0.0,-1.5,12.583333333333334,12,1.0,0,0,1,1.0,1.0,12.583333333333334,6.0,1.0,1
1,17,1,171,1,1,158.0,1,3,3,3,3,151.4,1,0,0,0,0,0,19,0,6,12,12,12,13.0,0,4,11,14,11,13.25,0,8.9,1.4,3.51,2,1.0,1.0,1.0,0.0,0.25,13.125,23,1.0,-1,0,2,2.0,1.0,13.125,11.0,1.0,1
1,1,1,9130,1,1,172.0,1,19,19,9,9,163.3,1,0,0,1,0,1,18,0,0,6,8,6,14.5,0,0,6,11,4,13.0,0,13.9,-0.3,0.79,2,1.0,0.6666666666666666,0.6666666666666666,-0.33333333333333337,-1.5,13.75,10,0.8333333333333334,0,0,0,0.33333333333333337,0.8333333333333334,11.458333333333334,4.0,0.6666666666666666,1
1,18,1,9500,1,1,123.0,1,37,37,3,3,118.0,1,0,0,1,0,1,19,0,0,8,8,7,11.82,0,0,8,8,7,11.82,0,10.8,1.4,1.74,2,0.875,0.875,0.765625,0.0,0.0,11.82,14,0.875,0,0,0,0.125,0.875,10.342500000000001,7.0,1.0,1
1,1,2,9773,1,1,144.0,1,3,3,3,2,140.2,1,0,0,1,0,0,20,0,0,6,0,0,0.0,0,0,6,0,0,0.0,0,16.2,0.3,-0.92,0,0.0,0.0,0.0,0.0,0.0,0.0,0,0.0,0,0,1,2.0,0.0,0.0,0.0,1.0,1
2,39,1,8014,0,1,140.0,1,37,37,5,6,128.5,0,0,0,1,0,1,38,0,0,6,6,5,12.4,0,0,6,7,6,12.666666666666666,0,9.4,-0.8,-3.12,2,0.8333333333333334,1.0,0.8333333333333334,0.16666666666666663,0.2666666666666657,12.533333333333333,11,0.9166666666666666,0,0,0,0.0,0.9166666666666666,11.488888888888889,6.0,0.8333333333333334,1
1,17,1,9773,1,1,136.0,1,1,38,9,8,131.5,1,0,0,1,0,0,18,0,0,6,7,6,12.571428571428571,0,0,6,8,6,11.857142857142858,0,13.9,-0.3,0.79,2,1.0,1.0,1.0,0.0,-0.7142857142857135,12.214285714285715,12,1.0,0,0,1,1.0,1.0,12.214285714285715,6.0,1.0,1
1,17,5,9500,1,1,137.0,1,1,1,5,5,132.6,1,0,0,1,0,1,18,0,0,7,7,7,13.857142857142858,0,0,8,8,8,14.9,0,13.9,-0.3,0.79,2,1.0,1.0,1.0,0.0,1.0428571428571427,14.37857142857143,15,1.0,1,0,0,0.0,1.0,14.37857142857143,8.0,1.0,1
1,17,1,9238,1,1,128.0,1,19,1,0,5,122.1,1,0,0,1,0,0,18,0,0,6,9,5,11.833333333333334,0,0,6,7,5,13.8,0,13.9,-0.3,0.79,2,0.8333333333333334,0.8333333333333334,0.6944444444444445,0.0,1.9666666666666668,12.816666666666666,10,0.8333333333333334,0,0,1,1.1666666666666665,0.8333333333333334,10.680555555555555,5.0,1.0,1
1,17,1,9147,1,1,120.0,1,3,3,2,2,112.0,0,0,0,1,0,0,20,0,0,5,10,4,11.0,0,0,5,7,4,11.5,0,15.5,2.8,-4.06,1,0.8,0.8,0.6400000000000001,0.0,0.5,11.25,8,0.8,0,0,1,1.2,0.8,9.0,4.0,1.0,1
1,1,1,9130,1,1,130.0,1,3,19,4,8,133.0,1,0,0,1,0,0,19,0,0,6,6,6,14.666666666666666,0,0,6,8,6,13.666666666666666,0,12.4,0.5,1.79,2,1.0,1.0,1.0,0.0,-1.0,14.166666666666666,12,1.0,0,0,1,1.0,1.0,14.166666666666666,6.0,1.0,1
4,39,1,8014,0,1,138.0,1,19,19,90,90,127.0,0,0,0,0,0,0,37,0,0,4,4,0,0.0,0,0,5,10,0,0.0,0,10.8,1.4,1.74,0,0.0,0.0,0.0,0.0,0.0,0.0,0,0.0,1,0,2,3.0,0.0,0.0,0.0,1.0,1
1,1,2,9500,1,1,139.0,1,4,1,2,10,136.4,1,0,0,1,0,0,19,0,0,7,9,7,13.422222222222224,0,0,8,11,7,12.18888888888889,0,15.5,2.8,-4.06,2,1.0,0.875,0.875,-0.125,-1.2333333333333343,12.805555555555557,14,0.9333333333333333,1,0,1,1.125,0.9333333333333333,11.951851851851854,7.0,0.875,1
1,1,3,9773,1,1,136.0,1,3,1,5,3,129.0,1,0,0,1,0,1,19,0,0,6,7,6,14.0,0,0,6,8,5,12.2,0,13.9,-0.3,0.79,0,1.0,0.8333333333333334,0.8333333333333334,-0.16666666666666663,-1.8000000000000007,13.1,11,0.9166666666666666,0,0,0,0.16666666666666663,0.9166666666666666,12.008333333333333,5.0,0.8333333333333334,1
1,17,1,9147,1,1,135.0,1,37,38,9,9,128.0,1,0,1,1,0,1,18,0,0,5,5,5,12.8,0,0,5,5,5,13.0,0,11.1,0.6,2.02,2,1.0,1.0,1.0,0.0,0.1999999999999993,12.9,10,1.0,0,0,1,1.0,1.0,12.9,5.0,1.0,1
1,1,4,9500,1,1,122.0,1,19,38,7,7,117.1,1,0,0,1,0,1,18,0,0,7,7,7,14.572857142857142,0,0,8,9,8,14.955555555555556,0,12.4,0.5,1.79,2,1.0,1.0,1.0,0.0,0.38269841269841365,14.764206349206349,15,1.0,1,0,0,0.0,1.0,14.764206349206349,8.0,1.0,1
1,1,4,9147,1,1,137.0,1,1,19,4,5,136.3,0,0,0,1,0,0,18,0,0,5,9,4,11.25,0,0,5,6,4,11.0,0,8.9,1.4,3.51,2,0.8,0.8,0.6400000000000001,0.0,-0.25,11.125,8,0.8,0,0,1,1.2,0.8,8.9,4.0,1.0,1
1,17,5,9147,1,1,127.0,1,1,38,4,5,124.6,1,0,0,1,0,1,19,0,0,5,12,2,10.0,0,0,5,11,4,11.75,0,11.1,0.6,2.02,1,0.4,0.8,0.32000000000000006,0.4,1.75,10.875,6,0.6,0,0,0,0.19999999999999996,0.6,6.5249999999999995,4.0,0.6,1
1,1,4,9500,1,1,125.0,1,1,12,3,6,115.2,1,0,0,1,0,0,20,0,0,7,7,7,12.982857142857142,0,0,8,8,8,14.4625,0,12.4,0.5,1.79,2,1.0,1.0,1.0,0.0,1.4796428571428581,13.72267857142857,15,1.0,1,0,1,1.0,1.0,13.72267857142857,8.0,1.0,1
1,17,1,9085,1,1,141.0,1,3,2,2,3,130.2,1,0,0,1,0,0,20,0,0,6,14,6,15.75,0,0,6,8,6,13.0,0,15.5,2.8,-4.06,2,1.0,1.0,1.0,0.0,-2.75,14.375,12,1.0,0,0,1,1.0,1.0,14.375,6.0,1.0,1
1,16,1,9500,1,1,133.1,1,37,37,9,9,95.0,1,0,0,1,0,0,20,0,0,7,7,6,13.755,0,0,8,9,7,13.571428571428571,0,12.4,0.5,1.79,2,0.8571428571428571,0.875,0.75,0.017857142857142905,-0.1835714285714296,13.663214285714286,13,0.8666666666666667,1,0,1,1.125,0.8666666666666667,11.841452380952381,7.0,0.9821428571428571,1
1,17,1,9670,1,1,132.0,1,1,1,3,3,119.4,1,0,0,1,0,1,18,0,0,6,7,6,13.833333333333334,0,0,6,11,6,13.5,0,8.9,1.4,3.51,2,1.0,1.0,1.0,0.0,-0.3333333333333339,13.666666666666668,12,1.0,0,0,0,0.0,1.0,13.666666666666668,6.0,1.0,1
1,1,6,9500,1,1,142.0,1,1,37,7,7,123.5,1,0,0,1,0,0,19,0,0,7,0,0,0.0,0,0,8,0,0,0.0,0,12.7,3.7,-1.7,0,0.0,0.0,0.0,0.0,0.0,0.0,0,0.0,1,0,1,2.0,0.0,0.0,0.0,1.0,1
1,1,4,9500,1,1,136.0,1,38,1,5,6,133.9,1,0,0,1,0,0,18,0,0,7,9,7,14.711111111111112,0,0,8,9,8,14.627777777777778,0,15.5,2.8,-4.06,2,1.0,1.0,1.0,0.0,-0.08333333333333393,14.669444444444444,15,1.0,1,0,1,1.0,1.0,14.669444444444444,8.0,1.0,1
1,53,1,9085,1,42,150.0,1,1,19,4,8,145.2,1,0,0,1,0,0,20,0,7,11,13,11,14.615384615384617,0,4,9,11,9,13.7,0,8.9,1.4,3.51,2,1.0,1.0,1.0,0.0,-0.9153846153846175,14.157692307692308,20,1.0,-2,0,1,1.0,1.0,14.157692307692308,9.0,1.0,1
1,1,1,9500,1,1,130.0,1,3,3,1,5,118.8,0,0,0,1,0,0,18,0,0,7,7,7,13.677142857142858,0,0,8,9,8,14.533333333333331,0,11.1,0.6,2.02,2,1.0,1.0,1.0,0.0,0.8561904761904735,14.105238095238095,15,1.0,1,0,1,1.0,1.0,14.105238095238095,8.0,1.0,1
1,16,2,9085,1,1,136.0,1,37,37,9,9,123.4,1,0,0,1,0,1,19,0,0,5,8,5,13.166666666666666,2,0,5,5,5,12.8,0,9.4,-0.8,-3.12,2,1.0,1.0,1.0,0.0,-0.36666666666666536,12.983333333333334,10,1.0,0,0,0,0.0,1.0,12.983333333333334,5.0,1.0,1
1,17,6,9238,1,1,138.0,1,3,3,1,2,123.0,1,0,0,1,0,0,19,0,0,6,11,5,10.8,0,0,6,12,5,11.333333333333334,0,15.5,2.8,-4.06,2,0.8333333333333334,0.8333333333333334,0.6944444444444445,0.0,0.5333333333333332,11.066666666666666,10,0.8333333333333334,0,0,1,1.1666666666666665,0.8333333333333334,9.222222222222223,5.0,1.0,1
1,17,1,9130,1,1,131.0,1,19,9,5,3,118.4,0,0,0,1,0,0,19,0,0,5,8,3,12.0,0,0,5,7,5,12.833333333333334,0,7.6,2.6,0.32,2,0.6,1.0,0.6,0.4,0.8333333333333339,12.416666666666668,8,0.8,0,0,1,1.0,0.8,9.933333333333335,5.0,0.6,1
1,1,1,9500,1,1,147.0,1,3,1,2,3,131.6,0,0,0,1,0,0,18,0,0,7,8,6,13.958333333333334,0,0,8,8,8,14.71875,0,11.1,0.6,2.02,2,0.8571428571428571,1.0,0.8571428571428571,0.1428571428571429,0.7604166666666661,14.338541666666668,14,0.9333333333333333,1,0,1,1.0,0.9333333333333333,13.38263888888889,8.0,0.8571428571428571,1
1,1,2,171,1,1,152.0,1,38,19,9,9,151.7,1,0,0,1,0,1,24,0,0,0,0,0,0.0,0,0,0,0,0,0.0,0,11.1,0.6,2.02,2,0.0,0.0,0.0,0.0,0.0,0.0,0,0.0,0,1,0,2.0,0.0,0.0,0.0,1.0,0
1,1,1,171,1,1,169.0,1,19,37,9,7,176.0,1,0,0,1,0,1,18,0,0,0,0,0,0.0,0,0,0,0,0,0.0,0,12.4,0.5,1.79,2,0.0,0.0,0.0,0.0,0.0,0.0,0,0.0,0,1,0,2.0,0.0,0.0,0.0,1.0,0
1,1,6,9500,1,1,149.0,1,1,1,4,9,133.0,1,0,0,1,0,1,18,0,0,8,8,7,14.0,0,0,8,8,7,14.0,0,12.7,3.7,-1.7,2,0.875,0.875,0.765625,0.0,0.0,14.0,14,0.875,0,0,0,0.125,0.875,12.25,7.0,1.0,1
1,39,1,8014,0,1,130.0,1,37,37,9,6,134.0,0,0,0,1,0,1,35,0,2,8,8,8,13.625,0,1,7,7,7,14.0,0,8.9,1.4,3.51,2,1.0,1.0,1.0,0.0,0.375,13.8125,15,1.0,-1,0,0,0.0,1.0,13.8125,7.0,1.0,1
1,17,6,9147,1,1,145.0,1,37,37,9,9,132.0,1,0,0,1,0,0,19,0,0,5,7,4,12.5,0,0,5,8,4,10.0,1,7.6,2.6,0.32,2,0.8,0.8,0.6400000000000001,0.0,-2.5,11.25,8,0.8,0,0,1,1.2,0.8,9.0,4.0,1.0,1
1,43,1,9500,1,1,157.0,1,38,3,5,2,141.4,0,0,0,1,0,0,21,0,3,7,8,7,13.3875,0,2,8,8,8,15.9,0,13.9,-0.3,0.79,2,1.0,1.0,1.0,0.0,2.512500000000001,14.64375,15,1.0,1,0,1,1.0,1.0,14.64375,8.0,1.0,1
1,18,2,9500,1,1,135.0,1,19,1,5,5,128.9,1,0,0,1,0,1,19,0,0,7,8,6,12.648333333333332,0,0,8,9,8,12.205555555555556,0,11.1,0.6,2.02,2,0.8571428571428571,1.0,0.8571428571428571,0.1428571428571429,-0.44277777777777594,12.426944444444445,14,0.9333333333333333,1,0,0,0.0,0.9333333333333333,11.598481481481482,8.0,0.8571428571428571,1
1,5,2,9238,1,1,123.0,1,40,38,2,9,118.1,1,0,0,1,0,0,19,0,0,6,6,6,14.0,0,0,6,6,6,13.333333333333334,0,8.9,1.4,3.51,2,1.0,1.0,1.0,0.0,-0.6666666666666661,13.666666666666668,12,1.0,0,0,1,1.0,1.0,13.666666666666668,6.0,1.0,1
1,1,1,9085,1,1,139.0,1,3,4,2,2,130.6,0,0,0,1,0,0,18,0,0,5,12,5,12.8,2,0,5,10,5,11.857142857142858,1,9.4,-0.8,-3.12,2,1.0,1.0,1.0,0.0,-0.9428571428571431,12.32857142857143,10,1.0,0,0,1,1.0,1.0,12.32857142857143,5.0,1.0,1
1,1,1,9254,1,1,136.0,1,12,1,4,4,122.0,1,0,0,1,0,0,18,0,0,6,8,6,11.333333333333334,0,0,6,11,6,10.833333333333334,0,7.6,2.6,0.32,2,1.0,1.0,1.0,0.0,-0.5,11.083333333333334,12,1.0,0,0,1,1.0,1.0,11.083333333333334,6.0,1.0,1
1,1,2,9500,1,1,135.0,1,3,3,2,2,123.0,1,0,0,0,0,0,19,0,0,7,0,0,0.0,0,0,8,0,0,0.0,0,12.7,3.7,-1.7,0,0.0,0.0,0.0,0.0,0.0,0.0,0,0.0,1,0,2,3.0,0.0,0.0,0.0,1.0,1
1,1,1,9670,1,1,126.0,1,1,1,9,10,126.7,1,0,0,1,0,1,20,0,0,6,6,6,14.166666666666666,0,0,6,9,6,13.0,0,8.9,1.4,3.51,2,1.0,1.0,1.0,0.0,-1.166666666666666,13.583333333333332,12,1.0,0,0,0,0.0,1.0,13.583333333333332,6.0,1.0,1
1,1,1,9773,1,1,122.0,1,38,19,9,9,126.6,1,0,0,1,0,0,18,0,0,6,6,6,12.833333333333334,0,0,6,6,6,13.833333333333334,0,8.9,1.4,3.51,2,1.0,1.0,1.0,0.0,1.0,13.333333333333334,12,1.0,0,0,1,1.0,1.0,13.333333333333334,6.0,1.0,1
1,1,1,9853,1,1,125.0,1,38,38,9,9,125.4,0,0,1,0,0,0,19,0,0,7,11,4,12.0,0,0,7,9,6,11.833333333333334,0,16.2,0.3,-0.92,0,0.5714285714285714,0.8571428571428571,0.48979591836734687,0.2857142857142857,-0.16666666666666607,11.916666666666668,10,0.7142857142857143,0,0,3,3.142857142857143,0.7142857142857143,8.511904761904763,6.0,0.7142857142857143,1
1,17,4,9670,1,1,110.0,1,1,37,7,7,111.1,1,0,0,0,0,0,18,0,0,6,6,6,12.333333333333334,0,0,6,8,5,13.6,0,8.9,1.4,3.51,2,1.0,0.8333333333333334,0.8333333333333334,-0.16666666666666663,1.2666666666666657,12.966666666666667,11,0.9166666666666666,0,0,2,2.1666666666666665,0.9166666666666666,11.886111111111111,5.0,0.8333333333333334,1
1,1,1,9070,1,1,131.0,1,3,3,3,3,135.9,0,0,0,1,0,1,21,0,1,6,8,6,12.571428571428571,1,0,6,8,6,11.625,0,13.9,-0.3,0.79,2,1.0,1.0,1.0,0.0,-0.9464285714285712,12.098214285714285,12,1.0,0,0,0,0.0,1.0,12.098214285714285,6.0,1.0,1
1,5,5,9254,1,1,122.0,1,1,37,9,7,119.6,1,0,0,1,0,1,19,0,0,6,6,6,12.333333333333334,0,0,6,6,6,12.833333333333334,0,12.4,0.5,1.79,2,1.0,1.0,1.0,0.0,0.5,12.583333333333334,12,1.0,0,0,0,0.0,1.0,12.583333333333334,6.0,1.0,1
1,17,2,9853,1,1,123.0,1,1,1,3,9,116.7,1,0,0,1,0,0,19,0,0,6,8,5,13.0,0,0,6,8,4,10.75,0,9.4,-0.8,-3.12,2,0.8333333333333334,0.6666666666666666,0.5555555555555556,-0.16666666666666674,-2.25,11.875,9,0.75,0,0,1,1.3333333333333335,0.75,8.90625,4.0,0.8333333333333333,1
1,1,1,9085,1,1,146.0,1,1,1,9,7,126.0,0,0,0,1,0,0,19,0,0,5,7,3,12.333333333333334,0,0,5,7,4,10.25,0,7.6,2.6,0.32,1,0.6,0.8,0.48,0.20000000000000007,-2.083333333333334,11.291666666666668,7,0.7,0,0,1,1.2,0.7,7.904166666666667,4.0,0.7999999999999999,1
1,1,1,9147,1,1,130.0,1,1,19,3,3,123.0,0,0,0,1,0,1,18,0,0,5,7,5,13.333333333333334,0,0,5,6,5,13.6,0,12.7,3.7,-1.7,2,1.0,1.0,1.0,0.0,0.2666666666666657,13.466666666666667,10,1.0,0,0,0,0.0,1.0,13.466666666666667,5.0,1.0,1
1,1,2,9085,1,1,127.0,1,38,37,5,7,123.9,1,0,0,1,0,0,18,0,0,5,9,4,13.0,0,0,5,8,5,13.142857142857142,0,10.8,1.4,1.74,2,0.8,1.0,0.8,0.19999999999999996,0.14285714285714235,13.071428571428571,9,0.9,0,0,1,1.0,0.9,11.764285714285714,5.0,0.8,1
2,39,1,9556,1,1,160.0,1,37,37,9,6,120.0,0,0,0,1,0,0,31,0,0,7,21,5,10.9,3,0,8,21,3,11.7,1,12.7,3.7,-1.7,0,0.7142857142857143,0.375,0.26785714285714285,-0.3392857142857143,0.7999999999999989,11.3,8,0.5333333333333333,1,0,1,1.625,0.5333333333333333,6.026666666666667,3.0,0.6607142857142857,1
1,42,1,9147,1,1,139.0,1,3,38,2,5,112.3,1,0,0,1,0,0,19,0,0,5,8,2,11.5,0,0,5,10,3,10.857142857142858,0,10.8,1.4,1.74,1,0.4,0.6,0.24,0.19999999999999996,-0.6428571428571423,11.178571428571429,5,0.5,0,0,1,1.4,0.5,5.589285714285714,3.0,0.8,1
1,16,1,9085,1,1,138.0,1,37,37,9,9,123.0,1,0,0,1,0,1,20,0,0,6,7,6,15.857142857142858,0,0,6,6,6,16.0,0,13.9,-0.3,0.79,2,1.0,1.0,1.0,0.0,0.14285714285714235,15.928571428571429,12,1.0,0,0,0,0.0,1.0,15.928571428571429,6.0,1.0,1
1,17,1,9238,1,1,127.0,1,38,38,9,6,122.8,0,0,0,1,0,1,19,0,0,6,8,6,14.0,0,0,6,7,6,14.571428571428571,0,16.2,0.3,-0.92,2,1.0,1.0,1.0,0.0,0.5714285714285712,14.285714285714285,12,1.0,0,0,0,0.0,1.0,14.285714285714285,6.0,1.0,1
5,7,1,9130,1,3,160.0,1,19,38,9,6,160.0,0,0,0,0,0,0,27,0,1,5,8,3,14.666666666666666,2,0,5,7,2,13.0,2,10.8,1.4,1.74,0,0.6,0.4,0.24,-0.19999999999999996,-1.666666666666666,13.833333333333332,5,0.5,0,0,2,2.6,0.5,6.916666666666666,2.0,0.8,1
1,17,2,9773,1,1,132.0,1,19,19,9,6,120.1,1,0,0,1,0,1,18,0,0,6,6,6,13.666666666666666,0,0,6,6,6,14.0,0,8.9,1.4,3.51,2,1.0,1.0,1.0,0.0,0.3333333333333339,13.833333333333332,12,1.0,0,0,0,0.0,1.0,13.833333333333332,6.0,1.0,1
1,1,1,8014,0,1,126.0,1,34,34,0,0,142.4,0,0,0,1,0,0,32,0,0,6,0,0,0.0,0,0,6,0,0,0.0,0,7.6,2.6,0.32,0,0.0,0.0,0.0,0.0,0.0,0.0,0,0.0,0,0,1,2.0,0.0,0.0,0.0,1.0,1
1,1,4,9500,1,1,133.0,1,38,19,8,7,127.3,1,0,0,1,0,0,18,0,0,8,8,7,12.628571428571428,0,0,8,8,7,12.628571428571428,0,12.7,3.7,-1.7,2,0.875,0.875,0.765625,0.0,0.0,12.628571428571428,14,0.875,0,0,1,1.125,0.875,11.049999999999999,7.0,1.0,1
1,1,3,9500,1,1,140.0,1,19,37,9,9,125.5,1,0,0,1,0,1,19,0,0,8,8,7,14.232857142857142,0,0,8,8,7,14.232857142857142,0,10.8,1.4,1.74,2,0.875,0.875,0.765625,0.0,0.0,14.232857142857142,14,0.875,0,0,0,0.125,0.875,12.45375,7.0,1.0,1
1,17,2,9254,1,1,129.0,1,12,37,9,9,122.0,1,0,0,1,0,0,18,0,0,6,15,2,10.0,0,0,6,12,0,0.0,0,10.8,1.4,1.74,0,0.3333333333333333,0.0,0.0,-0.3333333333333333,-10.0,5.0,2,0.16666666666666666,0,0,1,2.0,0.16666666666666666,0.8333333333333333,0.0,0.6666666666666667,1
1,17,2,9238,1,1,132.0,1,38,1,7,7,133.1,1,0,0,1,0,1,19,0,0,6,8,5,12.2,0,0,6,7,6,11.5,0,9.4,-0.8,-3.12,2,0.8333333333333334,1.0,0.8333333333333334,0.16666666666666663,-0.6999999999999993,11.85,11,0.9166666666666666,0,0,0,0.0,0.9166666666666666,10.862499999999999,6.0,0.8333333333333334,1
1,17,2,9254,1,1,115.0,1,19,19,9,7,113.3,1,0,1,1,0,0,21,0,0,6,0,0,0.0,0,0,6,0,0,0.0,0,11.1,0.6,2.02,0,0.0,0.0,0.0,0.0,0.0,0.0,0,0.0,0,0,2,3.0,0.0,0.0,0.0,1.0,1
1,44,1,9070,1,39,130.0,1,1,1,4,10,130.0,1,0,0,1,0,0,19,0,2,7,11,6,12.0,0,5,9,9,8,12.75,0,16.2,0.3,-0.92,2,0.8571428571428571,0.8888888888888888,0.7619047619047619,0.031746031746031744,0.75,12.375,14,0.875,2,0,1,1.1111111111111112,0.875,10.828125,8.0,0.9682539682539683,1
1,39,1,9556,1,1,140.0,1,37,37,9,8,105.0,1,0,0,1,0,1,36,0,0,7,11,6,12.35,0,0,7,12,5,12.5,0,8.9,1.4,3.51,2,0.8571428571428571,0.7142857142857143,0.6122448979591837,-0.1428571428571428,0.15000000000000036,12.425,11,0.7857142857142857,0,0,0,0.2857142857142857,0.7857142857142857,9.762500000000001,5.0,0.8571428571428572,1
1,39,1,9085,1,12,133.1,1,37,37,10,9,144.0,0,0,0,1,1,0,51,0,0,6,0,0,0.0,0,0,6,0,0,0.0,0,12.4,0.5,1.79,0,0.0,0.0,0.0,0.0,0.0,0.0,0,0.0,0,0,1,2.0,0.0,0.0,0.0,1.0,1
1,39,1,8014,0,38,133.1,1,1,1,4,4,107.5,0,0,1,0,1,0,29,0,0,6,6,0,0.0,0,0,5,5,0,0.0,0,8.9,1.4,3.51,0,0.0,0.0,0.0,0.0,0.0,0.0,0,0.0,-1,0,3,4.0,0.0,0.0,0.0,1.0,1
1,44,1,9238,1,39,130.0,1,1,19,4,5,127.4,0,0,1,0,1,0,27,0,3,6,8,5,11.6,0,2,6,9,5,12.0,0,13.9,-0.3,0.79,0,0.8333333333333334,0.8333333333333334,0.6944444444444445,0.0,0.40000000000000036,11.8,10,0.8333333333333334,0,0,3,3.1666666666666665,0.8333333333333334,9.833333333333334,5.0,1.0,1
1,39,1,9119,1,1,130.0,1,19,37,9,4,149.0,1,0,0,1,1,0,33,0,0,5,10,4,12.0,0,0,5,8,3,13.666666666666666,1,7.6,2.6,0.32,1,0.8,0.6,0.48,-0.20000000000000007,1.666666666666666,12.833333333333332,7,0.7,0,0,1,1.4,0.7,8.983333333333333,3.0,0.7999999999999999,1
2,2,1,9147,1,2,120.0,1,37,37,9,9,120.0,0,0,0,0,1,0,57,0,12,15,17,12,11.75,0,9,14,16,9,12.22222222222222,0,9.4,-0.8,-3.12,0,0.8,0.6428571428571429,0.5142857142857143,-0.15714285714285714,0.47222222222221966,11.98611111111111,21,0.7241379310344828,-1,0,2,2.357142857142857,0.7241379310344828,8.679597701149426,9.0,0.8428571428571429,1
1,1,1,9670,1,1,132.0,1,4,2,123,112,143.6,1,0,0,1,1,0,20,0,0,6,8,5,12.8,0,0,6,10,5,11.6,0,13.9,-0.3,0.79,1,0.8333333333333334,0.8333333333333334,0.6944444444444445,0.0,-1.200000000000001,12.2,10,0.8333333333333334,0,0,1,1.1666666666666665,0.8333333333333334,10.166666666666666,5.0,1.0,1
1,1,1,9670,1,1,129.0,1,1,37,4,9,118.2,0,0,0,1,1,0,19,0,0,5,5,5,10.8,0,0,5,5,4,12.25,0,9.4,-0.8,-3.12,2,1.0,0.8,0.8,-0.19999999999999996,1.4499999999999993,11.525,9,0.9,0,0,1,1.2,0.9,10.3725,4.0,0.8,1
1,39,1,9991,0,1,120.0,1,19,38,5,5,152.4,0,0,0,1,1,0,27,0,0,5,5,5,15.2,0,0,5,6,5,14.166666666666666,0,10.8,1.4,1.74,2,1.0,1.0,1.0,0.0,-1.0333333333333332,14.683333333333334,10,1.0,0,0,1,1.0,1.0,14.683333333333334,5.0,1.0,1
1,1,6,9500,1,1,122.0,1,19,37,3,5,116.6,1,0,1,1,1,1,20,0,0,7,7,7,13.314285714285717,0,0,8,8,8,12.575,0,12.4,0.5,1.79,2,1.0,1.0,1.0,0.0,-0.7392857142857174,12.944642857142858,15,1.0,1,0,1,1.0,1.0,12.944642857142858,8.0,1.0,1
1,18,1,9070,1,1,143.0,1,38,38,7,5,141.6,0,0,0,1,0,1,19,0,6,12,12,11,13.090909090909092,0,5,11,12,11,12.083333333333334,0,10.8,1.4,1.74,2,0.9166666666666666,1.0,0.9166666666666666,0.08333333333333337,-1.0075757575757578,12.587121212121213,22,0.9565217391304348,-1,0,0,0.0,0.9565217391304348,12.03985507246377,11.0,0.9166666666666666,1
1,1,1,9130,1,1,110.0,1,3,19,2,9,105.5,1,0,1,0,0,0,19,0,0,6,0,0,0.0,0,0,6,0,0,0.0,0,11.1,0.6,2.02,0,0.0,0.0,0.0,0.0,0.0,0.0,0,0.0,0,0,3,4.0,0.0,0.0,0.0,1.0,1
1,1,1,9070,1,1,124.0,1,37,19,9,3,116.3,1,0,0,1,0,0,20,0,0,6,8,5,12.2,0,0,6,6,6,11.5,0,16.2,0.3,-0.92,2,0.8333333333333334,1.0,0.8333333333333334,0.16666666666666663,-0.6999999999999993,11.85,11,0.9166666666666666,0,0,1,1.0,0.9166666666666666,10.862499999999999,6.0,0.8333333333333334,1
1,43,1,9991,0,1,130.0,1,37,37,9,9,119.5,1,0,0,1,0,0,22,0,9,15,17,15,11.2,0,9,14,15,14,12.428571428571429,0,7.6,2.6,0.32,2,1.0,1.0,1.0,0.0,1.2285714285714295,11.814285714285713,29,1.0,-1,0,1,1.0,1.0,11.814285714285713,14.0,1.0,1
1,1,6,9147,1,1,139.0,1,19,12,4,4,125.0,1,0,0,1,0,0,18,0,0,5,8,3,12.333333333333334,0,0,5,7,4,12.0,0,7.6,2.6,0.32,2,0.6,0.8,0.48,0.20000000000000007,-0.3333333333333339,12.166666666666668,7,0.7,0,0,1,1.2,0.7,8.516666666666667,4.0,0.7999999999999999,1
5,39,1,9500,1,3,140.0,1,37,38,9,9,160.0,0,0,0,1,0,0,27,0,0,8,8,7,15.94285714285714,0,0,8,8,7,15.94285714285714,0,12.7,3.7,-1.7,2,0.875,0.875,0.765625,0.0,0.0,15.94285714285714,14,0.875,0,0,1,1.125,0.875,13.949999999999998,7.0,1.0,1
1,39,1,9991,0,1,150.0,1,37,37,9,7,150.0,0,0,0,1,0,0,27,0,0,5,0,0,0.0,0,0,5,0,0,0.0,0,15.5,2.8,-4.06,0,0.0,0.0,0.0,0.0,0.0,0.0,0,0.0,0,0,1,2.0,0.0,0.0,0.0,1.0,1
1,1,1,8014,0,1,100.0,1,38,19,6,10,112.8,0,0,0,1,0,1,23,0,0,6,6,6,14.166666666666666,0,0,6,6,6,12.5,0,12.7,3.7,-1.7,2,1.0,1.0,1.0,0.0,-1.666666666666666,13.333333333333332,12,1.0,0,0,0,0.0,1.0,13.333333333333332,6.0,1.0,1
1,43,1,9500,1,1,148.0,1,29,38,90,3,131.0,1,0,0,1,0,1,22,0,18,23,23,20,14.575,3,18,23,23,20,14.575,3,7.6,2.6,0.32,2,0.8695652173913043,0.8695652173913043,0.7561436672967864,0.0,0.0,14.575,40,0.8695652173913043,0,0,0,0.13043478260869568,0.8695652173913043,12.67391304347826,20.0,1.0,1
1,17,2,9254,1,1,130.0,1,19,19,7,7,121.6,1,0,0,1,0,1,18,0,0,6,9,1,10.0,1,0,6,6,0,0.0,0,12.7,3.7,-1.7,0,0.16666666666666666,0.0,0.0,-0.16666666666666666,-10.0,5.0,1,0.08333333333333333,0,0,0,1.0,0.08333333333333333,0.41666666666666663,0.0,0.8333333333333334,1
1,1,4,9238,1,1,118.0,1,19,38,9,9,110.0,0,0,0,1,0,1,18,0,0,6,7,6,12.285714285714286,0,0,6,8,6,11.428571428571429,0,12.4,0.5,1.79,2,1.0,1.0,1.0,0.0,-0.8571428571428577,11.857142857142858,12,1.0,0,0,0,0.0,1.0,11.857142857142858,6.0,1.0,1
1,39,1,8014,0,1,120.0,1,38,38,9,9,148.5,0,0,0,1,0,1,31,0,0,6,6,6,14.0,0,0,6,6,6,12.333333333333334,0,10.8,1.4,1.74,2,1.0,1.0,1.0,0.0,-1.666666666666666,13.166666666666668,12,1.0,0,0,0,0.0,1.0,13.166666666666668,6.0,1.0,1
1,17,4,9773,1,1,119.0,1,38,19,9,9,118.3,0,0,0,1,0,0,19,0,0,6,8,4,11.25,0,0,6,0,0,0.0,0,15.5,2.8,-4.06,0,0.6666666666666666,0.0,0.0,-0.6666666666666666,-11.25,5.625,4,0.3333333333333333,0,0,1,2.0,0.3333333333333333,1.875,0.0,0.33333333333333337,1
1,17,1,8014,0,1,127.0,1,19,37,4,7,115.8,0,0,0,1,0,0,24,0,0,6,12,1,12.0,0,0,6,12,0,0.0,0,10.8,1.4,1.74,0,0.16666666666666666,0.0,0.0,-0.16666666666666666,-12.0,6.0,1,0.08333333333333333,0,0,1,2.0,0.08333333333333333,0.5,0.0,0.8333333333333334,1
1,1,1,9500,1,1,134.0,1,38,19,3,10,121.2,0,0,0,1,0,0,19,0,0,7,10,7,13.47,0,0,8,8,8,13.32625,0,15.5,2.8,-4.06,2,1.0,1.0,1.0,0.0,-0.1437500000000007,13.398125,15,1.0,1,0,1,1.0,1.0,13.398125,8.0,1.0,1
1,17,4,9147,1,1,133.0,1,1,1,4,5,136.2,1,0,0,1,0,0,19,0,0,5,6,5,12.4,0,0,5,5,5,12.8,0,7.6,2.6,0.32,2,1.0,1.0,1.0,0.0,0.40000000000000036,12.600000000000001,10,1.0,0,0,1,1.0,1.0,12.600000000000001,5.0,1.0,1
1,1,1,171,1,1,180.0,41,37,37,9,9,152.7,1,0,1,0,1,0,27,1,0,0,0,0,0.0,0,0,0,0,0,0.0,0,7.6,2.6,0.32,0,0.0,0.0,0.0,0.0,0.0,0.0,0,0.0,0,1,3,5.0,0.0,0.0,0.0,1.0,0
1,17,4,9238,1,1,129.0,1,19,19,4,7,123.1,1,0,0,1,0,0,19,0,0,6,7,6,12.0,0,0,6,7,6,12.428571428571429,0,11.1,0.6,2.02,2,1.0,1.0,1.0,0.0,0.4285714285714288,12.214285714285715,12,1.0,0,0,1,1.0,1.0,12.214285714285715,6.0,1.0,1
1,1,6,9500,1,1,141.0,1,1,38,4,5,125.0,1,0,0,1,0,1,18,0,0,8,8,8,12.32,0,0,8,8,8,12.32,0,9.4,-0.8,-3.12,2,1.0,1.0,1.0,0.0,0.0,12.32,16,1.0,0,0,0,0.0,1.0,12.32,8.0,1.0,1
1,1,1,9500,1,1,118.0,1,1,19,9,10,113.1,1,0,0,1,0,0,19,0,0,7,7,7,13.79857142857143,0,0,8,8,8,14.75625,0,11.1,0.6,2.02,2,1.0,1.0,1.0,0.0,0.9576785714285698,14.277410714285715,15,1.0,1,0,1,1.0,1.0,14.277410714285715,8.0,1.0,1
1,1,1,9147,1,1,177.0,1,1,38,3,9,162.3,0,0,0,1,0,1,18,0,0,5,6,5,16.333333333333332,0,0,5,5,5,15.4,0,15.5,2.8,-4.06,2,1.0,1.0,1.0,0.0,-0.9333333333333318,15.866666666666667,10,1.0,0,0,0,0.0,1.0,15.866666666666667,5.0,1.0,1
1,42,1,171,1,1,132.0,1,1,1,1,4,132.0,1,0,0,1,0,0,19,0,0,0,0,0,0.0,0,0,0,0,0,0.0,0,12.7,3.7,-1.7,0,0.0,0.0,0.0,0.0,0.0,0.0,0,0.0,0,1,1,3.0,0.0,0.0,0.0,1.0,0
1,17,4,9500,1,1,133.0,1,4,4,4,4,130.7,1,0,0,1,0,0,19,0,0,7,7,7,14.757142857142856,0,0,8,9,8,15.366666666666667,0,12.4,0.5,1.79,2,1.0,1.0,1.0,0.0,0.6095238095238109,15.061904761904762,15,1.0,1,0,1,1.0,1.0,15.061904761904762,8.0,1.0,1
1,1,1,9773,1,1,128.0,1,1,19,9,7,118.2,0,0,0,1,0,0,19,0,0,6,6,6,11.666666666666666,0,0,6,6,6,11.5,0,12.7,3.7,-1.7,2,1.0,1.0,1.0,0.0,-0.16666666666666607,11.583333333333332,12,1.0,0,0,1,1.0,1.0,11.583333333333332,6.0,1.0,1
1,1,1,9238,1,1,138.0,1,19,38,5,8,133.5,0,0,0,1,0,1,19,0,0,6,6,6,15.0,0,0,6,6,6,13.333333333333334,0,8.9,1.4,3.51,2,1.0,1.0,1.0,0.0,-1.666666666666666,14.166666666666668,12,1.0,0,0,0,0.0,1.0,14.166666666666668,6.0,1.0,1
1,1,5,9500,1,1,144.0,1,37,37,7,9,126.8,1,0,1,0,0,0,18,0,0,7,0,0,0.0,0,0,8,0,0,0.0,0,9.4,-0.8,-3.12,0,0.0,0.0,0.0,0.0,0.0,0.0,0,0.0,1,0,3,4.0,0.0,0.0,0.0,1.0,1
1,1,4,9773,1,1,122.0,1,19,19,9,7,121.0,1,0,0,1,0,0,20,0,0,6,7,6,13.571428571428571,0,0,6,6,6,13.333333333333334,0,13.9,-0.3,0.79,2,1.0,1.0,1.0,0.0,-0.23809523809523725,13.452380952380953,12,1.0,0,0,1,1.0,1.0,13.452380952380953,6.0,1.0,1
1,17,1,9254,1,1,111.0,1,19,19,3,10,117.7,0,0,0,1,0,0,20,0,0,6,8,5,10.8,0,0,6,9,4,11.5,0,9.4,-0.8,-3.12,2,0.8333333333333334,0.6666666666666666,0.5555555555555556,-0.16666666666666674,0.6999999999999993,11.15,9,0.75,0,0,1,1.3333333333333335,0.75,8.3625,4.0,0.8333333333333333,1
2,1,1,9991,0,2,120.0,1,37,37,6,3,129.2,0,0,0,1,0,0,31,0,4,10,16,5,11.4,0,4,10,10,6,12.833333333333334,0,9.4,-0.8,-3.12,0,0.5,0.6,0.3,0.09999999999999998,1.4333333333333336,12.116666666666667,11,0.55,0,0,1,1.4,0.55,6.6641666666666675,6.0,0.9,1
1,1,1,9556,1,1,135.0,1,37,38,7,9,125.8,0,0,0,1,0,1,20,0,0,7,14,7,10.642857142857142,0,0,8,8,8,11.55,0,12.7,3.7,-1.7,2,1.0,1.0,1.0,0.0,0.9071428571428584,11.096428571428572,15,1.0,1,0,0,0.0,1.0,11.096428571428572,8.0,1.0,1
1,17,5,9670,1,1,125.0,1,19,30,7,7,118.4,1,0,0,1,0,1,19,0,0,5,8,3,10.5,0,0,5,6,4,11.75,1,7.6,2.6,0.32,1,0.6,0.8,0.48,0.20000000000000007,1.25,11.125,7,0.7,0,0,0,0.19999999999999996,0.7,7.7875,4.0,0.7999999999999999,1
1,1,1,9500,1,1,147.0,1,38,38,9,9,142.0,1,0,0,1,0,0,18,0,0,7,7,6,14.65,0,0,7,7,6,14.65,0,7.6,2.6,0.32,2,0.8571428571428571,0.8571428571428571,0.7346938775510203,0.0,0.0,14.65,12,0.8571428571428571,0,0,1,1.1428571428571428,0.8571428571428571,12.557142857142857,6.0,1.0,1
1,17,3,9500,1,1,137.0,1,19,37,7,7,126.7,1,0,0,1,0,1,19,0,0,7,7,7,13.714285714285714,0,0,8,11,8,14.863636363636363,0,16.2,0.3,-0.92,2,1.0,1.0,1.0,0.0,1.1493506493506498,14.288961038961038,15,1.0,1,0,0,0.0,1.0,14.288961038961038,8.0,1.0,1
1,43,1,9238,1,1,117.0,1,34,34,0,0,109.3,0,0,0,1,0,0,30,0,9,16,19,15,12.266666666666667,0,11,13,14,13,12.071428571428571,0,9.4,-0.8,-3.12,2,0.9375,1.0,0.9375,0.0625,-0.19523809523809632,12.16904761904762,28,0.9655172413793104,-3,0,1,1.0,0.9655172413793104,11.749425287356322,13.0,0.9375,1
1,18,1,9147,1,1,128.0,1,19,19,9,5,121.7,1,0,0,1,0,0,19,0,0,5,8,5,11.0,0,0,5,6,5,15.4,0,12.4,0.5,1.79,2,1.0,1.0,1.0,0.0,4.4,13.2,10,1.0,0,0,1,1.0,1.0,13.2,5.0,1.0,1
1,1,6,9147,1,1,115.0,1,1,37,4,9,117.1,1,0,1,1,0,0,22,0,0,5,5,5,13.8,0,0,5,5,5,13.0,0,7.6,2.6,0.32,2,1.0,1.0,1.0,0.0,-0.8000000000000007,13.4,10,1.0,0,0,2,2.0,1.0,13.4,5.0,1.0,1
1,1,1,9773,1,1,121.0,1,1,38,4,9,114.4,0,0,0,1,0,1,18,0,0,6,6,6,12.666666666666666,0,0,6,6,6,12.833333333333334,0,11.1,0.6,2.02,2,1.0,1.0,1.0,0.0,0.16666666666666785,12.75,12,1.0,0,0,0,0.0,1.0,12.75,6.0,1.0,1
1,17,1,9238,1,1,134.0,1,3,1,3,4,133.0,1,0,0,1,0,0,18,0,0,6,8,6,11.75,0,0,6,10,5,12.0,0,12.7,3.7,-1.7,2,1.0,0.8333333333333334,0.8333333333333334,-0.16666666666666663,0.25,11.875,11,0.9166666666666666,0,0,1,1.1666666666666665,0.9166666666666666,10.885416666666666,5.0,0.8333333333333334,1
1,1,3,9500,1,1,126.0,1,38,38,9,8,118.8,1,0,0,1,0,1,19,0,0,8,8,7,12.785714285714286,0,0,8,8,7,12.785714285714286,0,12.7,3.7,-1.7,2,0.875,0.875,0.765625,0.0,0.0,12.785714285714286,14,0.875,0,0,0,0.125,0.875,11.1875,7.0,1.0,1
1,1,1,9130,1,1,151.0,1,3,1,2,4,151.0,1,0,0,1,0,0,18,0,0,6,11,6,14.444444444444445,0,0,6,6,6,13.333333333333334,0,16.2,0.3,-0.92,2,1.0,1.0,1.0,0.0,-1.1111111111111107,13.88888888888889,12,1.0,0,0,1,1.0,1.0,13.88888888888889,6.0,1.0,1
1,17,1,9500,1,1,141.0,1,2,38,2,10,135.4,1,0,0,1,0,0,18,0,0,7,9,7,12.50625,0,0,8,15,5,13.2,0,13.9,-0.3,0.79,1,1.0,0.625,0.625,-0.375,0.6937499999999996,12.853124999999999,12,0.8,1,0,1,1.375,0.8,10.282499999999999,5.0,0.625,1
1,1,1,171,1,1,138.0,1,1,40,4,3,149.9,1,0,0,1,0,0,20,0,0,0,0,0,0.0,0,0,0,0,0,0.0,0,11.1,0.6,2.02,2,0.0,0.0,0.0,0.0,0.0,0.0,0,0.0,0,1,1,3.0,0.0,0.0,0.0,1.0,0
1,1,1,9085,1,1,133.0,1,38,37,9,7,120.1,1,0,0,1,0,0,18,0,0,5,8,4,12.75,1,0,5,10,4,11.75,0,12.7,3.7,-1.7,2,0.8,0.8,0.6400000000000001,0.0,-1.0,12.25,8,0.8,0,0,1,1.2,0.8,9.8,4.0,1.0,1
1,39,1,9085,1,3,150.0,1,2,3,4,7,173.3,1,0,0,1,0,0,25,0,1,6,7,6,16.857142857142858,0,1,6,6,6,16.5,0,13.9,-0.3,0.79,2,1.0,1.0,1.0,0.0,-0.35714285714285765,16.67857142857143,12,1.0,0,0,1,1.0,1.0,16.67857142857143,6.0,1.0,1
1,1,1,9773,1,1,136.0,1,19,19,4,3,126.2,0,0,0,1,0,0,19,0,0,6,6,6,13.166666666666666,0,0,6,6,6,15.0,0,16.2,0.3,-0.92,2,1.0,1.0,1.0,0.0,1.833333333333334,14.083333333333332,12,1.0,0,0,1,1.0,1.0,14.083333333333332,6.0,1.0,1
1,39,1,9085,1,1,128.0,1,19,1,9,10,157.4,1,0,0,1,0,0,26,0,0,6,7,6,16.5,0,0,6,8,6,14.285714285714286,0,8.9,1.4,3.51,2,1.0,1.0,1.0,0.0,-2.2142857142857135,15.392857142857142,12,1.0,0,0,1,1.0,1.0,15.392857142857142,6.0,1.0,1
1,17,2,9147,1,1,131.0,1,1,19,4,5,120.2,1,0,0,1,0,0,21,0,0,5,10,4,11.75,0,0,5,6,5,11.6,0,12.4,0.5,1.79,2,0.8,1.0,0.8,0.19999999999999996,-0.15000000000000036,11.675,9,0.9,0,0,1,1.0,0.9,10.5075,5.0,0.8,1
1,1,1,9147,1,1,130.0,1,38,38,2,9,124.8,0,0,0,1,0,0,19,0,0,5,14,1,11.0,0,0,5,6,0,0.0,0,13.9,-0.3,0.79,0,0.2,0.0,0.0,-0.2,-11.0,5.5,1,0.1,0,0,1,2.0,0.1,0.55,0.0,0.8,1
1,17,1,9500,1,1,150.0,1,37,37,9,9,130.3,0,0,0,1,0,1,19,0,0,8,8,7,15.114285714285714,0,0,8,8,7,15.114285714285714,0,12.7,3.7,-1.7,2,0.875,0.875,0.765625,0.0,0.0,15.114285714285714,14,0.875,0,0,0,0.125,0.875,13.225,7.0,1.0,1
1,1,1,9238,1,1,165.0,1,37,38,9,8,152.4,1,0,0,1,0,1,18,0,0,6,8,6,15.5,0,0,6,7,6,14.285714285714286,0,16.2,0.3,-0.92,2,1.0,1.0,1.0,0.0,-1.2142857142857135,14.892857142857142,12,1.0,0,0,0,0.0,1.0,14.892857142857142,6.0,1.0,1
2,43,1,9991,0,1,133.1,1,37,37,9,7,113.5,0,0,0,1,0,1,32,0,3,10,12,7,11.142857142857142,0,4,10,10,8,12.0,0,10.8,1.4,1.74,2,0.7,0.8,0.5599999999999999,0.10000000000000009,0.8571428571428577,11.571428571428571,15,0.75,0,0,0,0.19999999999999996,0.75,8.678571428571429,8.0,0.8999999999999999,1
1,1,1,9238,1,1,126.0,1,3,1,5,5,125.7,0,0,0,1,0,1,18,0,0,6,6,6,11.333333333333334,0,0,6,8,6,11.333333333333334,0,15.5,2.8,-4.06,2,1.0,1.0,1.0,0.0,0.0,11.333333333333334,12,1.0,0,0,0,0.0,1.0,11.333333333333334,6.0,1.0,1
1,17,3,9147,1,1,125.0,1,38,19,7,7,125.7,0,0,0,1,0,0,20,0,0,5,7,5,11.166666666666666,0,0,5,9,4,10.75,0,15.5,2.8,-4.06,1,1.0,0.8,0.8,-0.19999999999999996,-0.4166666666666661,10.958333333333332,9,0.9,0,0,1,1.2,0.9,9.862499999999999,4.0,0.8,1
4,39,1,9670,1,1,100.0,1,37,37,4,10,120.0,0,0,1,1,0,1,39,0,0,5,6,5,10.6,0,0,5,7,4,10.75,0,9.4,-0.8,-3.12,2,1.0,0.8,0.8,-0.19999999999999996,0.15000000000000036,10.675,9,0.9,0,0,1,1.2,0.9,9.607500000000002,4.0,0.8,1
1,1,1,171,1,1,159.0,1,3,1,4,4,162.2,1,0,1,0,0,0,18,0,0,0,0,0,0.0,0,0,0,0,0,0.0,0,12.4,0.5,1.79,0,0.0,0.0,0.0,0.0,0.0,0.0,0,0.0,0,1,3,5.0,0.0,0.0,0.0,1.0,0
1,17,1,9773,1,1,177.0,1,2,1,123,135,155.7,0,0,1,1,0,1,18,0,0,6,6,6,15.666666666666666,0,0,6,6,6,13.833333333333334,0,8.9,1.4,3.51,2,1.0,1.0,1.0,0.0,-1.8333333333333321,14.75,12,1.0,0,0,1,1.0,1.0,14.75,6.0,1.0,1
1,1,1,171,1,1,156.0,1,3,3,2,2,147.7,1,0,0,1,0,0,21,0,6,12,12,12,15.333333333333334,0,4,11,15,11,15.0,0,8.9,1.4,3.51,2,1.0,1.0,1.0,0.0,-0.3333333333333339,15.166666666666668,23,1.0,-1,0,1,1.0,1.0,15.166666666666668,11.0,1.0,1
1,1,2,9147,1,1,130.0,1,37,37,9,9,117.8,0,0,0,1,0,0,18,0,0,5,8,2,10.0,0,0,5,9,3,11.333333333333334,0,7.6,2.6,0.32,1,0.4,0.6,0.24,0.19999999999999996,1.333333333333334,10.666666666666668,5,0.5,0,0,1,1.4,0.5,5.333333333333334,3.0,0.8,1
1,1,1,9147,1,1,127.0,1,19,19,5,5,129.8,1,0,0,1,0,0,22,0,0,5,8,3,10.333333333333334,0,0,5,11,2,10.0,0,7.6,2.6,0.32,0,0.6,0.4,0.24,-0.19999999999999996,-0.3333333333333339,10.166666666666668,5,0.5,0,0,1,1.6,0.5,5.083333333333334,2.0,0.8,1
1,17,1,9254,1,1,121.0,1,1,1,4,4,123.1,1,0,0,1,1,0,21,0,0,6,11,6,11.166666666666666,0,0,6,14,3,14.666666666666666,0,7.6,2.6,0.32,1,1.0,0.5,0.5,-0.5,3.5,12.916666666666666,9,0.75,0,0,1,1.5,0.75,9.6875,3.0,0.5,1
1,43,1,9070,1,1,135.0,1,19,19,9,9,122.8,1,0,0,1,1,1,20,0,0,6,8,3,11.0,0,0,6,8,2,11.333333333333334,0,10.8,1.4,1.74,1,0.5,0.3333333333333333,0.16666666666666666,-0.16666666666666669,0.3333333333333339,11.166666666666668,5,0.4166666666666667,0,0,0,0.6666666666666667,0.4166666666666667,4.652777777777779,2.0,0.8333333333333333,1
1,1,2,171,1,1,125.0,1,38,19,9,9,117.3,1,0,0,1,1,1,21,0,0,0,0,0,0.0,0,0,0,0,0,0.0,0,10.8,1.4,1.74,2,0.0,0.0,0.0,0.0,0.0,0.0,0,0.0,0,1,0,2.0,0.0,0.0,0.0,1.0,0
1,1,1,9254,1,1,138.0,41,1,1,9,9,126.5,1,0,0,1,0,1,20,1,0,6,7,6,12.857142857142858,0,0,6,8,5,11.8,0,8.9,1.4,3.51,2,1.0,0.8333333333333334,0.8333333333333334,-0.16666666666666663,-1.057142857142857,12.32857142857143,11,0.9166666666666666,0,0,0,0.16666666666666663,0.9166666666666666,11.301190476190476,5.0,0.8333333333333334,1
1,1,4,9500,1,1,136.0,1,19,38,9,9,123.0,1,0,0,1,0,0,19,0,0,8,8,7,14.328571428571427,0,0,8,8,7,14.328571428571427,0,10.8,1.4,1.74,2,0.875,0.875,0.765625,0.0,0.0,14.328571428571427,14,0.875,0,0,1,1.125,0.875,12.5375,7.0,1.0,1
1,1,1,9238,1,1,142.0,1,1,38,5,7,127.7,0,0,0,1,0,1,20,0,0,6,7,6,15.0,0,0,6,6,6,16.333333333333332,0,13.9,-0.3,0.79,2,1.0,1.0,1.0,0.0,1.3333333333333321,15.666666666666666,12,1.0,0,0,0,0.0,1.0,15.666666666666666,6.0,1.0,1
1,1,1,9085,1,1,129.0,1,19,37,9,9,117.5,1,0,0,1,0,0,19,0,0,5,9,5,13.6,1,0,5,5,5,12.4,0,12.7,3.7,-1.7,2,1.0,1.0,1.0,0.0,-1.1999999999999993,13.0,10,1.0,0,0,1,1.0,1.0,13.0,5.0,1.0,1
1,1,1,9085,1,1,134.0,1,1,1,2,7,128.4,1,0,0,1,0,1,18,0,0,5,12,5,12.857142857142858,2,0,5,8,4,13.25,0,9.4,-0.8,-3.12,2,1.0,0.8,0.8,-0.19999999999999996,0.39285714285714235,13.053571428571429,9,0.9,0,0,0,0.19999999999999996,0.9,11.748214285714287,4.0,0.8,1
1,17,2,9853,1,1,123.0,1,3,1,2,3,124.1,1,0,0,1,0,0,18,0,0,6,7,2,14.5,0,0,6,6,1,10.0,0,15.5,2.8,-4.06,0,0.3333333333333333,0.16666666666666666,0.05555555555555555,-0.16666666666666666,-4.5,12.25,3,0.25,0,0,1,1.8333333333333335,0.25,3.0625,1.0,0.8333333333333334,1
1,1,3,9500,1,1,134.0,1,1,37,8,7,120.5,1,0,0,1,1,1,18,0,0,7,12,7,11.716666666666663,0,0,8,13,4,10.868,0,15.5,2.8,-4.06,2,1.0,0.5,0.5,-0.5,-0.8486666666666629,11.292333333333332,11,0.7333333333333333,1,0,0,0.5,0.7333333333333333,8.281044444444444,4.0,0.5,1
1,17,1,9147,1,1,127.0,1,1,37,4,8,121.1,1,0,0,1,1,1,20,0,0,5,11,4,12.0,0,0,5,5,5,12.8,0,11.1,0.6,2.02,2,0.8,1.0,0.8,0.19999999999999996,0.8000000000000007,12.4,9,0.9,0,0,0,0.0,0.9,11.16,5.0,0.8,1
1,18,2,9853,1,1,123.0,1,1,3,9,2,123.7,1,0,1,0,0,0,20,0,0,6,11,5,13.2,0,0,6,8,4,10.75,0,10.8,1.4,1.74,0,0.8333333333333334,0.6666666666666666,0.5555555555555556,-0.16666666666666674,-2.4499999999999993,11.975,9,0.75,0,0,3,3.3333333333333335,0.75,8.98125,4.0,0.8333333333333333,1
1,17,3,9254,1,1,127.0,1,12,38,5,7,116.9,1,0,1,1,0,0,18,0,0,6,7,5,12.2,0,0,6,10,4,12.25,0,12.4,0.5,1.79,0,0.8333333333333334,0.6666666666666666,0.5555555555555556,-0.16666666666666674,0.05000000000000071,12.225,9,0.75,0,0,2,2.3333333333333335,0.75,9.16875,4.0,0.8333333333333333,1
1,39,1,9556,1,1,133.1,1,38,19,9,6,100.0,1,0,0,1,0,1,25,0,0,7,11,5,12.58,0,0,7,9,6,12.157142857142857,0,8.9,1.4,3.51,2,0.7142857142857143,0.8571428571428571,0.6122448979591837,0.1428571428571428,-0.4228571428571435,12.368571428571428,11,0.7857142857142857,0,0,0,0.1428571428571429,0.7857142857142857,9.718163265306123,6.0,0.8571428571428572,1
2,39,1,33,1,1,120.0,1,38,1,9,5,153.8,0,0,1,1,1,0,35,0,0,7,9,0,0.0,0,0,7,8,0,0.0,0,11.1,0.6,2.02,0,0.0,0.0,0.0,0.0,0.0,0.0,0,0.0,0,0,2,3.0,0.0,0.0,0.0,1.0,1
1,1,4,9500,1,1,133.0,1,19,19,9,5,120.1,1,0,0,1,0,1,19,0,0,7,9,6,12.428571428571429,0,0,8,8,8,14.0,0,13.9,-0.3,0.79,2,0.8571428571428571,1.0,0.8571428571428571,0.1428571428571429,1.5714285714285712,13.214285714285715,14,0.9333333333333333,1,0,0,0.0,0.9333333333333333,12.333333333333334,8.0,0.8571428571428571,1
1,1,1,9500,1,1,143.0,1,3,19,3,10,126.8,0,0,0,1,1,0,19,0,0,8,8,7,14.535714285714286,0,0,8,8,7,14.535714285714286,0,10.8,1.4,1.74,2,0.875,0.875,0.765625,0.0,0.0,14.535714285714286,14,0.875,0,0,1,1.125,0.875,12.71875,7.0,1.0,1
1,17,1,9070,1,1,157.0,1,3,3,3,3,146.2,0,0,0,1,1,0,18,0,0,6,6,6,16.0,0,0,6,6,6,13.666666666666666,0,12.4,0.5,1.79,2,1.0,1.0,1.0,0.0,-2.333333333333334,14.833333333333332,12,1.0,0,0,1,1.0,1.0,14.833333333333332,6.0,1.0,1
1,39,1,9130,1,19,133.1,1,19,3,9,2,140.0,1,0,1,1,1,0,24,0,0,6,13,5,13.142857142857142,0,0,6,15,3,12.666666666666666,0,16.2,0.3,-0.92,0,0.8333333333333334,0.5,0.4166666666666667,-0.33333333333333337,-0.4761904761904763,12.904761904761905,8,0.6666666666666666,0,0,2,2.5,0.6666666666666666,8.603174603174603,3.0,0.6666666666666666,1
1,43,1,8014,0,1,145.0,6,34,34,0,0,134.5,1,0,0,1,1,0,25,1,8,14,23,11,11.6875,0,6,10,20,8,11.142857142857142,0,9.4,-0.8,-3.12,2,0.7857142857142857,0.8,0.6285714285714286,0.014285714285714346,-0.5446428571428577,11.415178571428571,19,0.7916666666666666,-4,0,1,1.2,0.7916666666666666,9.037016369047619,8.0,0.9857142857142857,1
1,39,1,9119,1,1,130.0,1,37,3,9,3,137.0,1,0,0,1,1,0,28,0,0,5,11,4,10.5,0,0,5,12,4,11.0,4,7.6,2.6,0.32,1,0.8,0.8,0.6400000000000001,0.0,0.5,10.75,8,0.8,0,0,1,1.2,0.8,8.6,4.0,1.0,1
1,1,1,9085,1,1,111.0,1,1,38,5,9,107.5,0,0,0,1,1,1,19,0,0,6,9,6,13.833333333333334,0,0,6,12,5,13.666666666666666,0,11.1,0.6,2.02,2,1.0,0.8333333333333334,0.8333333333333334,-0.16666666666666663,-0.16666666666666785,13.75,11,0.9166666666666666,0,0,0,0.16666666666666663,0.9166666666666666,12.604166666666666,5.0,0.8333333333333334,1
1,17,2,9119,1,1,116.0,1,19,1,9,7,112.2,0,0,0,1,1,0,19,0,0,5,0,0,0.0,0,0,5,0,0,0.0,0,16.2,0.3,-0.92,0,0.0,0.0,0.0,0.0,0.0,0.0,0,0.0,0,0,1,2.0,0.0,0.0,0.0,1.0,1
1,39,1,9130,1,10,133.1,1,12,36,90,90,128.2,0,0,0,0,1,1,30,0,0,5,13,0,0.0,3,0,5,5,0,0.0,5,9.4,-0.8,-3.12,0,0.0,0.0,0.0,0.0,0.0,0.0,0,0.0,0,0,1,2.0,0.0,0.0,0.0,1.0,1
1,1,1,9500,1,1,135.0,1,19,19,4,5,126.8,1,0,0,1,1,0,19,0,0,7,9,0,0.0,0,0,7,8,0,0.0,0,15.5,2.8,-4.06,0,0.0,0.0,0.0,0.0,0.0,0.0,0,0.0,0,0,1,2.0,0.0,0.0,0.0,1.0,1
1,17,1,9147,1,1,145.0,1,19,38,4,4,132.1,1,0,0,1,1,0,21,0,0,5,10,1,10.0,0,0,5,5,0,0.0,0,11.1,0.6,2.02,0,0.2,0.0,0.0,-0.2,-10.0,5.0,1,0.1,0,0,1,2.0,0.1,0.5,0.0,0.8,1
1,1,1,171,1,1,118.0,1,37,37,3,5,110.0,0,0,0,1,1,0,19,0,0,0,0,0,0.0,0,0,0,0,0,0.0,0,13.9,-0.3,0.79,0,0.0,0.0,0.0,0.0,0.0,0.0,0,0.0,0,1,1,3.0,0.0,0.0,0.0,1.0,0
1,39,1,9003,1,1,130.0,1,19,19,9,5,100.0,0,0,0,0,1,0,29,0,0,6,9,0,0.0,0,0,6,6,0,0.0,0,13.9,-0.3,0.79,0,0.0,0.0,0.0,0.0,0.0,0.0,0,0.0,0,0,2,3.0,0.0,0.0,0.0,1.0,1
1,1,2,9147,1,1,122.0,1,1,38,4,5,116.4,0,0,0,1,1,0,21,0,0,5,10,3,11.25,0,0,5,9,3,11.0,0,15.5,2.8,-4.06,1,0.6,0.6,0.36,0.0,-0.25,11.125,6,0.6,0,0,1,1.4,0.6,6.675,3.0,1.0,1
1,42,1,9070,1,1,120.0,1,3,2,3,1,116.9,0,0,0,1,1,0,20,0,6,7,13,7,12.375,0,4,7,8,4,11.25,0,13.9,-0.3,0.79,0,1.0,0.5714285714285714,0.5714285714285714,-0.4285714285714286,-1.125,11.8125,11,0.7857142857142857,0,0,1,1.4285714285714286,0.7857142857142857,9.28125,4.0,0.5714285714285714,1
1,51,1,9991,0,1,120.0,1,38,3,5,3,128.2,0,0,1,1,1,0,24,0,3,10,15,7,10.714285714285714,0,3,10,11,9,12.555555555555555,0,12.4,0.5,1.79,1,0.7,0.9,0.63,0.20000000000000007,1.8412698412698418,11.634920634920634,16,0.8,0,0,2,2.1,0.8,9.307936507936509,9.0,0.7999999999999999,1
1,17,2,9773,1,1,120.0,1,1,1,2,5,127.0,1,0,0,0,1,0,18,0,0,6,6,0,0.0,0,0,6,0,0,0.0,0,8.9,1.4,3.51,0,0.0,0.0,0.0,0.0,0.0,0.0,0,0.0,0,0,2,3.0,0.0,0.0,0.0,1.0,1
1,42,1,9003,1,1,140.0,1,1,3,4,2,140.0,1,0,0,1,1,0,23,0,0,6,14,5,12.0,0,0,6,12,5,12.142857142857142,0,15.5,2.8,-4.06,1,0.8333333333333334,0.8333333333333334,0.6944444444444445,0.0,0.14285714285714235,12.071428571428571,10,0.8333333333333334,0,0,1,1.1666666666666665,0.8333333333333334,10.05952380952381,5.0,1.0,1
1,1,6,9147,1,1,127.0,1,1,19,1,6,120.0,1,0,0,1,1,0,19,0,0,5,6,5,12.6,0,0,5,8,3,12.666666666666666,0,8.9,1.4,3.51,2,1.0,0.6,0.6,-0.4,0.06666666666666643,12.633333333333333,8,0.8,0,0,1,1.4,0.8,10.106666666666667,3.0,0.6,1
1,7,1,9254,1,3,110.0,1,19,19,3,3,110.0,0,0,0,1,1,0,35,0,0,6,7,0,0.0,0,0,6,6,0,0.0,0,16.2,0.3,-0.92,0,0.0,0.0,0.0,0.0,0.0,0.0,0,0.0,0,0,1,2.0,0.0,0.0,0.0,1.0,1
1,1,1,9500,1,1,148.0,1,1,1,9,9,127.0,1,0,0,1,1,0,20,0,0,8,8,7,12.84142857142857,0,0,8,8,7,12.84142857142857,0,10.8,1.4,1.74,2,0.875,0.875,0.765625,0.0,0.0,12.84142857142857,14,0.875,0,0,1,1.125,0.875,11.23625,7.0,1.0,1
2,39,1,9238,1,42,170.0,1,19,38,8,8,159.5,0,0,0,1,1,0,33,0,0,6,6,0,0.0,0,0,5,5,0,0.0,0,8.9,1.4,3.51,0,0.0,0.0,0.0,0.0,0.0,0.0,0,0.0,-1,0,1,2.0,0.0,0.0,0.0,1.0,1
1,1,1,9773,1,1,146.0,1,1,3,4,1,135.2,1,0,0,1,1,0,18,0,0,6,7,6,14.166666666666666,0,0,6,6,6,12.833333333333334,0,9.4,-0.8,-3.12,2,1.0,1.0,1.0,0.0,-1.3333333333333321,13.5,12,1.0,0,0,1,1.0,1.0,13.5,6.0,1.0,1
1,1,1,9773,1,1,127.0,1,5,3,4,4,122.8,1,0,0,1,1,0,20,0,0,6,7,6,12.166666666666666,0,0,6,9,3,12.0,0,12.4,0.5,1.79,1,1.0,0.5,0.5,-0.5,-0.16666666666666607,12.083333333333332,9,0.75,0,0,1,1.5,0.75,9.0625,3.0,0.5,1
1,17,1,9773,1,1,125.0,1,3,3,2,3,118.0,1,0,0,1,1,0,19,0,0,6,12,4,10.8,0,0,6,14,3,11.0,0,13.9,-0.3,0.79,0,0.6666666666666666,0.5,0.3333333333333333,-0.16666666666666663,0.1999999999999993,10.9,7,0.5833333333333334,0,0,1,1.5,0.5833333333333334,6.358333333333334,3.0,0.8333333333333334,1
1,17,5,9773,1,1,139.0,1,38,1,4,4,123.6,1,0,0,1,1,0,18,0,0,6,6,6,13.0,0,0,6,12,0,0.0,0,7.6,2.6,0.32,0,1.0,0.0,0.0,-1.0,-13.0,6.5,6,0.5,0,0,1,2.0,0.5,3.25,0.0,0.0,1
1,39,1,9991,0,1,133.1,1,37,37,7,9,111.0,0,0,0,0,1,0,28,0,0,5,0,0,0.0,0,0,5,0,0,0.0,0,8.9,1.4,3.51,0,0.0,0.0,0.0,0.0,0.0,0.0,0,0.0,0,0,2,3.0,0.0,0.0,0.0,1.0,1
1,1,1,9147,1,1,146.0,1,5,1,1,5,144.6,0,0,0,1,1,0,18,0,0,5,5,5,13.0,0,0,5,6,5,13.333333333333334,0,16.2,0.3,-0.92,2,1.0,1.0,1.0,0.0,0.3333333333333339,13.166666666666668,10,1.0,0,0,1,1.0,1.0,13.166666666666668,5.0,1.0,1
1,18,2,9070,1,1,122.0,1,38,19,5,5,119.9,0,0,0,1,1,0,18,0,0,6,8,5,11.0,0,0,6,6,4,10.75,0,9.4,-0.8,-3.12,2,0.8333333333333334,0.6666666666666666,0.5555555555555556,-0.16666666666666674,-0.25,10.875,9,0.75,0,0,1,1.3333333333333335,0.75,8.15625,4.0,0.8333333333333333,1
1,7,1,9003,1,3,130.0,1,3,3,6,2,130.0,1,0,0,1,1,0,29,0,1,6,10,6,17.11111111111111,0,2,6,9,6,15.571428571428571,0,13.9,-0.3,0.79,2,1.0,1.0,1.0,0.0,-1.5396825396825395,16.341269841269842,12,1.0,0,0,1,1.0,1.0,16.341269841269842,6.0,1.0,1
1,1,1,9254,1,1,115.0,1,3,2,4,5,112.6,0,0,0,1,1,1,20,0,0,6,9,6,12.571428571428571,0,0,6,6,6,12.166666666666666,0,8.9,1.4,3.51,2,1.0,1.0,1.0,0.0,-0.4047619047619051,12.369047619047619,12,1.0,0,0,0,0.0,1.0,12.369047619047619,6.0,1.0,1
1,44,1,9003,1,39,150.0,1,3,19,2,6,150.0,0,0,0,1,1,0,20,0,0,6,6,0,0.0,0,0,6,8,0,0.0,0,15.5,2.8,-4.06,0,0.0,0.0,0.0,0.0,0.0,0.0,0,0.0,0,0,1,2.0,0.0,0.0,0.0,1.0,1
1,1,4,9070,1,1,170.0,1,3,3,2,2,165.8,1,0,0,1,1,0,18,0,0,6,7,6,14.5,0,0,6,6,6,15.166666666666666,0,9.4,-0.8,-3.12,2,1.0,1.0,1.0,0.0,0.6666666666666661,14.833333333333332,12,1.0,0,0,1,1.0,1.0,14.833333333333332,6.0,1.0,1
1,1,6,9254,1,1,102.0,1,3,1,2,2,101.7,1,0,0,1,1,1,21,0,0,6,6,6,13.5,0,0,6,6,6,12.333333333333334,0,12.4,0.5,1.79,2,1.0,1.0,1.0,0.0,-1.166666666666666,12.916666666666668,12,1.0,0,0,0,0.0,1.0,12.916666666666668,6.0,1.0,1
1,17,2,9254,1,1,140.0,1,3,3,2,2,124.3,0,0,0,0,1,0,18,0,0,6,9,5,11.2,0,0,6,14,2,10.0,0,9.4,-0.8,-3.12,0,0.8333333333333334,0.3333333333333333,0.2777777777777778,-0.5,-1.1999999999999993,10.6,7,0.5833333333333334,0,0,2,2.666666666666667,0.5833333333333334,6.183333333333334,2.0,0.5,1
1,1,5,9119,1,1,135.0,1,37,37,90,90,122.1,1,0,0,1,1,0,20,0,0,5,10,3,10.666666666666666,0,0,5,5,4,12.25,0,7.6,2.6,0.32,2,0.6,0.8,0.48,0.20000000000000007,1.583333333333334,11.458333333333332,7,0.7,0,0,1,1.2,0.7,8.020833333333332,4.0,0.7999999999999999,1
1,39,1,9991,0,1,140.0,1,1,37,9,8,154.5,0,0,0,1,0,0,26,0,0,1,2,0,0.0,0,0,5,8,0,0.0,0,16.2,0.3,-0.92,0,0.0,0.0,0.0,0.0,0.0,0.0,0,0.0,4,0,1,2.0,0.0,0.0,0.0,1.0,1
1,17,3,9670,1,1,147.0,1,37,37,8,8,128.8,0,0,1,1,0,0,19,0,0,5,5,1,10.0,0,0,5,5,0,0.0,0,9.4,-0.8,-3.12,0,0.2,0.0,0.0,-0.2,-10.0,5.0,1,0.1,0,0,2,3.0,0.1,0.5,0.0,0.8,1
1,39,1,9556,1,1,140.0,1,37,38,9,9,106.0,1,0,1,0,0,1,24,0,0,7,14,5,12.36,0,1,8,15,5,12.0,0,8.9,1.4,3.51,0,0.7142857142857143,0.625,0.44642857142857145,-0.0892857142857143,-0.35999999999999943,12.18,10,0.6666666666666666,1,0,2,2.375,0.6666666666666666,8.12,5.0,0.9107142857142857,1
1,1,1,9670,1,1,157.0,1,19,38,9,7,146.2,1,0,0,1,0,1,20,0,0,6,8,6,15.25,0,0,6,7,6,14.714285714285714,0,11.1,0.6,2.02,2,1.0,1.0,1.0,0.0,-0.5357142857142865,14.982142857142858,12,1.0,0,0,0,0.0,1.0,14.982142857142858,6.0,1.0,1
1,17,1,9991,0,1,120.0,1,38,3,9,3,116.9,1,0,1,0,0,0,26,0,0,5,5,0,0.0,0,0,5,6,0,0.0,0,10.8,1.4,1.74,0,0.0,0.0,0.0,0.0,0.0,0.0,0,0.0,0,0,3,4.0,0.0,0.0,0.0,1.0,1
2,43,1,9500,1,1,140.0,1,37,37,9,10,105.7,1,0,0,1,0,0,27,0,0,8,8,8,13.81375,0,0,8,8,8,13.81375,0,9.4,-0.8,-3.12,2,1.0,1.0,1.0,0.0,0.0,13.81375,16,1.0,0,0,1,1.0,1.0,13.81375,8.0,1.0,1
1,1,1,9085,1,1,130.0,1,19,38,9,9,126.9,0,0,1,1,0,0,24,0,0,6,8,6,13.285714285714286,0,0,6,13,6,12.875,0,11.1,0.6,2.02,2,1.0,1.0,1.0,0.0,-0.4107142857142865,13.080357142857142,12,1.0,0,0,2,2.0,1.0,13.080357142857142,6.0,1.0,1
1,44,1,9085,1,39,150.0,1,19,38,194,193,150.0,1,0,0,1,0,0,23,0,0,6,11,4,11.5,0,0,6,12,4,12.2,0,8.9,1.4,3.51,1,0.6666666666666666,0.6666666666666666,0.4444444444444444,0.0,0.6999999999999993,11.85,8,0.6666666666666666,0,0,1,1.3333333333333335,0.6666666666666666,7.8999999999999995,4.0,1.0,1
1,1,2,9500,1,1,115.0,1,38,38,9,8,108.4,1,0,0,1,0,1,20,0,0,7,8,7,11.9625,0,0,8,9,8,13.044444444444444,0,13.9,-0.3,0.79,2,1.0,1.0,1.0,0.0,1.081944444444444,12.503472222222221,15,1.0,1,0,0,0.0,1.0,12.503472222222221,8.0,1.0,1
1,1,6,9500,1,1,118.0,1,38,38,5,5,114.2,1,0,0,1,0,0,20,0,0,7,9,6,13.683333333333332,0,0,8,11,6,13.116666666666667,0,11.1,0.6,2.02,2,0.8571428571428571,0.75,0.6428571428571428,-0.1071428571428571,-0.5666666666666647,13.399999999999999,12,0.8,1,0,1,1.25,0.8,10.719999999999999,6.0,0.8928571428571429,1
1,39,1,9500,1,1,130.0,1,38,1,9,4,140.0,1,0,0,1,0,0,24,0,0,8,8,7,14.985714285714286,0,0,8,8,7,14.985714285714286,0,12.7,3.7,-1.7,2,0.875,0.875,0.765625,0.0,0.0,14.985714285714286,14,0.875,0,0,1,1.125,0.875,13.1125,7.0,1.0,1
2,39,1,9147,1,1,130.0,1,37,37,9,9,142.5,0,0,0,1,0,0,39,0,0,5,8,4,11.25,0,0,5,8,4,11.5,0,11.1,0.6,2.02,1,0.8,0.8,0.6400000000000001,0.0,0.25,11.375,8,0.8,0,0,1,1.2,0.8,9.1,4.0,1.0,1
1,1,2,9773,1,1,130.0,1,19,38,3,9,126.5,1,0,0,1,0,0,18,0,0,6,8,4,12.5,0,0,6,6,5,12.6,0,12.7,3.7,-1.7,2,0.6666666666666666,0.8333333333333334,0.5555555555555556,0.16666666666666674,0.09999999999999964,12.55,9,0.75,0,0,1,1.1666666666666665,0.75,9.412500000000001,5.0,0.8333333333333333,1
1,17,3,9085,1,1,120.0,1,37,38,9,9,111.3,0,0,0,1,0,0,20,0,0,6,0,0,0.0,0,0,6,0,0,0.0,0,11.1,0.6,2.02,0,0.0,0.0,0.0,0.0,0.0,0.0,0,0.0,0,0,1,2.0,0.0,0.0,0.0,1.0,1
1,1,2,9500,1,1,130.0,1,1,1,4,3,125.1,1,0,0,1,0,0,18,0,0,7,10,7,13.78,0,0,8,10,8,13.661,0,15.5,2.8,-4.06,2,1.0,1.0,1.0,0.0,-0.11899999999999977,13.7205,15,1.0,1,0,1,1.0,1.0,13.7205,8.0,1.0,1
1,1,2,9500,1,1,141.0,1,37,37,9,7,126.3,1,0,0,1,0,0,19,0,0,7,10,7,13.805,0,0,8,8,8,14.2725,0,15.5,2.8,-4.06,2,1.0,1.0,1.0,0.0,0.46750000000000114,14.03875,15,1.0,1,0,1,1.0,1.0,14.03875,8.0,1.0,1
1,17,1,9085,1,1,138.0,1,1,19,4,9,142.2,1,0,0,1,0,0,18,0,0,5,7,5,13.8,0,0,5,5,5,12.6,0,10.8,1.4,1.74,2,1.0,1.0,1.0,0.0,-1.200000000000001,13.2,10,1.0,0,0,1,1.0,1.0,13.2,5.0,1.0,1
1,17,4,9500,1,1,135.0,1,1,1,4,4,127.0,1,0,0,1,0,0,18,0,0,7,7,7,14.424285714285714,0,0,8,8,8,13.9375,0,11.1,0.6,2.02,2,1.0,1.0,1.0,0.0,-0.4867857142857144,14.180892857142858,15,1.0,1,0,1,1.0,1.0,14.180892857142858,8.0,1.0,1
1,1,1,9238,1,1,137.0,1,3,1,4,9,128.6,0,0,0,1,0,1,18,0,0,6,7,6,13.166666666666666,0,0,6,6,6,12.5,0,12.4,0.5,1.79,2,1.0,1.0,1.0,0.0,-0.6666666666666661,12.833333333333332,12,1.0,0,0,0,0.0,1.0,12.833333333333332,6.0,1.0,1
4,39,1,9991,0,1,133.1,1,37,37,9,9,130.4,0,0,0,1,0,0,30,0,0,5,10,3,10.666666666666666,0,0,5,8,5,10.4,0,12.7,3.7,-1.7,1,0.6,1.0,0.6,0.4,-0.2666666666666657,10.533333333333333,8,0.8,0,0,1,1.0,0.8,8.426666666666668,5.0,0.6,1
2,43,1,9238,1,12,100.0,1,37,37,9,9,134.4,0,0,0,1,0,0,34,0,9,16,20,14,12.071428571428571,1,11,13,13,11,12.272727272727272,0,7.6,2.6,0.32,2,0.875,0.8461538461538461,0.7403846153846154,-0.028846153846153855,0.20129870129870042,12.172077922077921,25,0.8620689655172413,-3,0,1,1.1538461538461537,0.8620689655172413,10.493170622480966,11.0,0.9711538461538461,1
1,39,1,8014,0,19,133.1,1,37,37,9,9,100.0,0,0,0,1,0,0,38,0,0,6,10,3,10.25,0,0,6,7,1,12.0,0,13.9,-0.3,0.79,0,0.5,0.16666666666666666,0.08333333333333333,-0.33333333333333337,1.75,11.125,4,0.3333333333333333,0,0,1,1.8333333333333335,0.3333333333333333,3.708333333333333,1.0,0.6666666666666666,1
1,1,1,9500,1,1,142.0,1,37,19,7,7,133.0,1,0,0,1,0,1,19,0,0,8,8,8,14.11,0,0,8,8,8,14.11,0,9.4,-0.8,-3.12,2,1.0,1.0,1.0,0.0,0.0,14.11,16,1.0,0,0,0,0.0,1.0,14.11,8.0,1.0,1
1,17,1,9773,1,1,141.0,1,2,3,2,2,133.7,1,0,0,1,0,1,18,0,0,6,6,6,14.833333333333334,0,0,6,6,6,13.5,0,11.1,0.6,2.02,2,1.0,1.0,1.0,0.0,-1.333333333333334,14.166666666666668,12,1.0,0,0,0,0.0,1.0,14.166666666666668,6.0,1.0,1
1,17,5,9085,1,1,118.0,1,1,38,4,7,122.2,1,0,0,1,0,1,20,0,0,6,7,6,15.428571428571429,0,0,6,7,6,13.5,0,13.9,-0.3,0.79,2,1.0,1.0,1.0,0.0,-1.9285714285714288,14.464285714285715,12,1.0,0,0,0,0.0,1.0,14.464285714285715,6.0,1.0,1
1,17,5,9147,1,1,131.0,1,37,38,5,5,128.9,0,0,0,1,0,1,18,0,0,5,7,5,11.6,0,0,5,11,5,11.4,4,16.2,0.3,-0.92,2,1.0,1.0,1.0,0.0,-0.1999999999999993,11.5,10,1.0,0,0,0,0.0,1.0,11.5,5.0,1.0,1
1,1,3,9070,1,1,161.0,1,38,37,5,5,154.4,1,0,0,1,0,0,18,0,0,6,6,6,14.166666666666666,0,0,6,6,6,14.0,0,16.2,0.3,-0.92,2,1.0,1.0,1.0,0.0,-0.16666666666666607,14.083333333333332,12,1.0,0,0,1,1.0,1.0,14.083333333333332,6.0,1.0,1
1,7,1,9556,1,2,130.0,1,37,37,9,9,130.0,1,0,0,1,0,1,36,0,0,7,9,1,9.8,0,0,7,7,0,0.0,0,12.7,3.7,-1.7,0,0.14285714285714285,0.0,0.0,-0.14285714285714285,-9.8,4.9,1,0.07142857142857142,0,0,0,1.0,0.07142857142857142,0.35000000000000003,0.0,0.8571428571428572,1
1,17,4,9147,1,1,121.0,1,38,37,6,7,113.0,1,0,0,1,0,1,18,0,0,5,12,4,10.714285714285714,0,0,5,9,4,11.0,0,13.9,-0.3,0.79,2,0.8,0.8,0.6400000000000001,0.0,0.2857142857142865,10.857142857142858,8,0.8,0,0,0,0.19999999999999996,0.8,8.685714285714287,4.0,1.0,1
1,43,1,9130,1,6,133.1,1,1,29,4,90,123.3,1,0,0,1,0,1,21,0,0,5,7,0,0.0,0,0,5,5,0,0.0,0,7.6,2.6,0.32,0,0.0,0.0,0.0,0.0,0.0,0.0,0,0.0,0,0,0,1.0,0.0,0.0,0.0,1.0,1
1,44,1,9130,1,39,130.0,1,1,3,9,2,130.0,1,0,1,1,0,1,21,0,1,6,13,3,12.333333333333334,0,1,6,12,1,13.0,0,13.9,-0.3,0.79,0,0.5,0.16666666666666666,0.08333333333333333,-0.33333333333333337,0.6666666666666661,12.666666666666668,4,0.3333333333333333,0,0,1,1.8333333333333335,0.3333333333333333,4.222222222222222,1.0,0.6666666666666666,1
1,15,1,9085,1,1,133.1,41,3,3,4,2,101.3,0,0,0,1,0,0,18,1,0,6,13,6,13.0,0,0,6,15,6,12.25,0,11.1,0.6,2.02,2,1.0,1.0,1.0,0.0,-0.75,12.625,12,1.0,0,0,1,1.0,1.0,12.625,6.0,1.0,1
1,17,6,9670,1,1,120.0,1,1,14,4,5,113.7,1,0,0,1,0,0,18,0,0,5,7,4,11.4,0,0,5,5,4,11.25,0,9.4,-0.8,-3.12,2,0.8,0.8,0.6400000000000001,0.0,-0.15000000000000036,11.325,8,0.8,0,0,1,1.2,0.8,9.06,4.0,1.0,1
1,1,2,9500,1,1,140.0,1,38,38,9,7,138.8,1,0,0,1,0,0,19,0,0,7,7,6,12.766666666666666,0,0,7,7,6,12.766666666666666,0,7.6,2.6,0.32,2,0.8571428571428571,0.8571428571428571,0.7346938775510203,0.0,0.0,12.766666666666666,12,0.8571428571428571,0,0,1,1.1428571428571428,0.8571428571428571,10.942857142857141,6.0,1.0,1
2,39,1,9003,1,19,133.1,1,37,19,9,4,140.0,0,0,1,1,0,0,29,0,0,6,11,5,12.6,0,0,6,6,6,12.666666666666666,0,11.1,0.6,2.02,2,0.8333333333333334,1.0,0.8333333333333334,0.16666666666666663,0.06666666666666643,12.633333333333333,11,0.9166666666666666,0,0,2,2.0,0.9166666666666666,11.580555555555554,6.0,0.8333333333333334,1
1,44,1,9147,1,39,130.0,1,19,1,9,3,130.0,0,0,0,1,0,1,20,0,4,7,8,7,13.0,0,2,5,5,5,13.4,0,11.1,0.6,2.02,2,1.0,1.0,1.0,0.0,0.40000000000000036,13.2,12,1.0,-2,0,0,0.0,1.0,13.2,5.0,1.0,1
1,17,2,9500,1,1,140.0,1,37,37,9,9,132.5,1,0,0,1,0,0,18,0,0,7,7,6,14.316666666666668,0,0,7,7,6,14.316666666666668,0,7.6,2.6,0.32,2,0.8571428571428571,0.8571428571428571,0.7346938775510203,0.0,0.0,14.316666666666668,12,0.8571428571428571,0,0,1,1.1428571428571428,0.8571428571428571,12.271428571428572,6.0,1.0,1
1,1,1,9085,1,1,124.0,1,2,1,4,10,117.4,1,0,0,1,0,0,19,0,0,5,7,4,12.75,0,0,5,5,5,12.0,0,10.8,1.4,1.74,2,0.8,1.0,0.8,0.19999999999999996,-0.75,12.375,9,0.9,0,0,1,1.0,0.9,11.137500000000001,5.0,0.8,1
1,1,3,9147,1,1,115.0,1,1,38,3,8,109.8,1,0,0,1,0,1,19,0,0,5,5,5,13.4,0,0,5,5,5,12.6,0,8.9,1.4,3.51,2,1.0,1.0,1.0,0.0,-0.8000000000000007,13.0,10,1.0,0,0,0,0.0,1.0,13.0,5.0,1.0,1
1,39,1,8014,0,1,100.0,1,12,5,9,4,116.5,0,0,1,0,0,0,37,0,0,6,6,0,0.0,0,0,5,5,0,0.0,0,8.9,1.4,3.51,0,0.0,0.0,0.0,0.0,0.0,0.0,0,0.0,-1,0,3,4.0,0.0,0.0,0.0,1.0,1
1,1,2,9085,1,1,162.0,1,37,1,9,9,165.2,1,0,0,1,0,1,18,0,0,5,6,4,15.75,0,0,5,5,5,13.8,0,10.8,1.4,1.74,2,0.8,1.0,0.8,0.19999999999999996,-1.9499999999999993,14.775,9,0.9,0,0,0,0.0,0.9,13.297500000000001,5.0,0.8,1
1,17,1,9238,1,1,125.0,1,1,38,144,181,123.3,0,0,0,1,0,1,19,0,0,6,8,6,11.5,0,0,6,7,6,12.333333333333334,0,12.4,0.5,1.79,2,1.0,1.0,1.0,0.0,0.8333333333333339,11.916666666666668,12,1.0,0,0,0,0.0,1.0,11.916666666666668,6.0,1.0,1
1,17,2,9670,1,1,123.0,1,3,1,3,1,116.7,0,0,0,1,0,0,19,0,0,5,5,5,13.4,0,0,5,5,5,14.0,0,9.4,-0.8,-3.12,2,1.0,1.0,1.0,0.0,0.5999999999999996,13.7,10,1.0,0,0,1,1.0,1.0,13.7,5.0,1.0,1
2,39,1,9500,1,1,133.1,1,37,38,9,8,118.9,0,0,0,1,0,0,30,0,0,7,0,0,0.0,0,0,8,0,0,0.0,0,13.9,-0.3,0.79,0,0.0,0.0,0.0,0.0,0.0,0.0,0,0.0,1,0,1,2.0,0.0,0.0,0.0,1.0,1
1,43,2,9773,1,1,120.0,1,34,34,0,0,103.6,1,0,0,1,0,0,27,0,4,8,11,7,13.285714285714286,0,4,7,13,5,11.6,0,9.4,-0.8,-3.12,0,0.875,0.7142857142857143,0.625,-0.1607142857142857,-1.6857142857142868,12.442857142857143,12,0.8,-1,0,1,1.2857142857142856,0.8,9.954285714285716,5.0,0.8392857142857143,1
2,1,1,9254,1,1,136.0,1,37,37,9,9,122.7,0,0,0,1,0,1,45,0,0,6,10,4,11.5,0,0,6,16,2,10.5,0,7.6,2.6,0.32,0,0.6666666666666666,0.3333333333333333,0.2222222222222222,-0.3333333333333333,-1.0,11.0,6,0.5,0,0,0,0.6666666666666667,0.5,5.5,2.0,0.6666666666666667,1
2,39,1,8014,0,1,133.1,1,38,38,9,9,113.5,0,0,0,1,0,1,50,0,3,9,11,8,13.25,0,2,7,8,7,11.714285714285714,0,12.7,3.7,-1.7,2,0.8888888888888888,1.0,0.8888888888888888,0.11111111111111116,-1.5357142857142865,12.482142857142858,15,0.9375,-2,0,0,0.0,0.9375,11.702008928571429,7.0,0.8888888888888888,1
4,42,1,9147,1,1,110.0,1,37,37,9,9,128.2,0,0,0,1,0,0,41,0,8,14,24,11,12.25,3,5,10,12,10,13.4,0,9.4,-0.8,-3.12,2,0.7857142857142857,1.0,0.7857142857142857,0.2142857142857143,1.1500000000000004,12.825,21,0.875,-4,0,1,1.0,0.875,11.221874999999999,10.0,0.7857142857142857,1
1,39,1,9003,1,19,133.1,1,37,37,9,9,130.0,0,0,0,1,0,0,44,0,0,6,10,1,12.0,0,0,6,6,0,0.0,0,11.1,0.6,2.02,0,0.16666666666666666,0.0,0.0,-0.16666666666666666,-12.0,6.0,1,0.08333333333333333,0,0,1,2.0,0.08333333333333333,0.5,0.0,0.8333333333333334,1
1,51,1,33,1,1,130.0,1,19,19,9,9,117.7,0,0,0,1,0,0,34,0,10,12,12,10,12.0,0,5,10,11,5,11.0,0,11.1,0.6,2.02,0,0.8333333333333334,0.5,0.4166666666666667,-0.33333333333333337,-1.0,11.5,15,0.6818181818181818,-2,0,1,1.5,0.6818181818181818,7.84090909090909,5.0,0.6666666666666666,1
1,1,1,9147,1,1,102.0,1,38,38,9,9,99.6,1,0,0,1,0,1,21,0,0,5,10,5,13.714285714285714,0,0,5,7,5,14.4,0,11.1,0.6,2.02,2,1.0,1.0,1.0,0.0,0.6857142857142868,14.057142857142857,10,1.0,0,0,0,0.0,1.0,14.057142857142857,5.0,1.0,1
4,39,1,8014,0,1,133.1,1,37,37,9,8,113.0,0,0,0,1,0,1,32,0,0,6,18,2,10.333333333333334,0,0,6,7,6,11.5,0,16.2,0.3,-0.92,2,0.3333333333333333,1.0,0.3333333333333333,0.6666666666666667,1.166666666666666,10.916666666666668,8,0.6666666666666666,0,0,0,0.0,0.6666666666666666,7.277777777777779,6.0,0.33333333333333326,1
1,17,2,9556,1,1,137.0,41,1,1,7,7,124.4,1,0,0,1,0,0,20,1,0,7,8,7,12.728571428571428,0,0,8,8,8,14.625,0,15.5,2.8,-4.06,2,1.0,1.0,1.0,0.0,1.8964285714285722,13.676785714285714,15,1.0,1,0,1,1.0,1.0,13.676785714285714,8.0,1.0,1
1,1,4,9254,1,1,131.0,1,38,36,9,9,124.0,1,0,0,1,0,1,18,0,0,6,7,6,11.333333333333334,0,0,6,9,6,10.833333333333334,0,9.4,-0.8,-3.12,2,1.0,1.0,1.0,0.0,-0.5,11.083333333333334,12,1.0,0,0,0,0.0,1.0,11.083333333333334,6.0,1.0,1
2,39,1,9991,0,1,162.0,1,37,37,9,6,132.0,0,0,1,1,1,0,25,0,0,5,8,4,11.0,0,0,5,7,4,12.0,0,7.6,2.6,0.32,1,0.8,0.8,0.6400000000000001,0.0,1.0,11.5,8,0.8,0,0,2,2.2,0.8,9.200000000000001,4.0,1.0,1
4,43,1,9991,0,1,140.0,1,37,37,5,5,149.8,0,0,0,1,1,0,36,0,0,5,5,5,13.8,0,0,5,6,5,13.8,0,12.7,3.7,-1.7,2,1.0,1.0,1.0,0.0,0.0,13.8,10,1.0,0,0,1,1.0,1.0,13.8,5.0,1.0,1
1,7,1,9556,1,43,160.0,1,38,19,9,9,160.0,0,0,0,1,1,0,36,0,0,7,16,1,12.0,0,0,7,13,0,0.0,1,11.1,0.6,2.02,0,0.14285714285714285,0.0,0.0,-0.14285714285714285,-12.0,6.0,1,0.07142857142857142,0,0,1,2.0,0.07142857142857142,0.42857142857142855,0.0,0.8571428571428572,1
1,17,6,9670,1,1,117.0,1,38,19,0,1,114.6,0,0,0,0,1,0,19,0,0,6,9,4,11.25,0,0,6,11,3,10.166666666666666,0,10.8,1.4,1.74,0,0.6666666666666666,0.5,0.3333333333333333,-0.16666666666666663,-1.083333333333334,10.708333333333332,7,0.5833333333333334,0,0,2,2.5,0.5833333333333334,6.246527777777778,3.0,0.8333333333333334,1
1,39,1,9991,0,1,150.0,1,1,37,4,6,120.0,0,0,0,1,1,0,25,0,0,5,6,4,10.5,0,0,5,6,5,12.0,0,9.4,-0.8,-3.12,2,0.8,1.0,0.8,0.19999999999999996,1.5,11.25,9,0.9,0,0,1,1.0,0.9,10.125,5.0,0.8,1
1,39,1,9003,1,19,133.1,1,37,37,9,7,100.0,0,0,0,1,1,0,35,0,17,18,20,18,11.555555555555555,0,11,13,13,13,11.615384615384617,0,15.5,2.8,-4.06,2,1.0,1.0,1.0,0.0,0.05982905982906139,11.585470085470085,31,1.0,-5,0,1,1.0,1.0,11.585470085470085,13.0,1.0,1
1,1,1,9238,1,1,125.0,1,1,1,5,5,128.5,0,0,0,1,1,0,20,0,0,6,13,1,14.0,0,0,6,7,0,0.0,0,16.2,0.3,-0.92,0,0.16666666666666666,0.0,0.0,-0.16666666666666666,-14.0,7.0,1,0.08333333333333333,0,0,1,2.0,0.08333333333333333,0.5833333333333333,0.0,0.8333333333333334,1
1,39,1,9003,1,1,130.0,1,37,37,9,7,113.0,1,0,0,0,1,0,35,0,0,6,17,1,13.0,0,0,6,8,0,0.0,0,15.5,2.8,-4.06,0,0.16666666666666666,0.0,0.0,-0.16666666666666666,-13.0,6.5,1,0.08333333333333333,0,0,2,3.0,0.08333333333333333,0.5416666666666666,0.0,0.8333333333333334,1
1,17,2,8014,0,1,120.0,1,19,1,5,10,114.8,1,0,0,1,0,0,19,0,0,6,8,4,10.5,0,0,6,8,4,11.25,0,10.8,1.4,1.74,2,0.6666666666666666,0.6666666666666666,0.4444444444444444,0.0,0.75,10.875,8,0.6666666666666666,0,0,1,1.3333333333333335,0.6666666666666666,7.25,4.0,1.0,1
1,39,1,9500,1,1,130.0,1,19,19,3,7,129.0,0,0,1,0,0,0,26,0,0,7,11,4,12.86,0,0,7,10,5,11.566666666666668,0,12.4,0.5,1.79,0,0.5714285714285714,0.7142857142857143,0.40816326530612246,0.1428571428571429,-1.2933333333333312,12.213333333333335,9,0.6428571428571429,0,0,3,3.2857142857142856,0.6428571428571429,7.851428571428573,5.0,0.8571428571428571,1
1,17,1,9238,1,1,133.1,1,1,38,9,7,110.5,0,0,0,1,0,0,19,0,0,6,10,6,14.25,0,0,6,7,6,14.0,0,16.2,0.3,-0.92,2,1.0,1.0,1.0,0.0,-0.25,14.125,12,1.0,0,0,1,1.0,1.0,14.125,6.0,1.0,1
1,1,5,9500,1,1,141.0,1,38,19,7,7,132.5,1,0,0,0,0,0,19,0,0,7,0,0,0.0,0,0,8,0,0,0.0,0,12.7,3.7,-1.7,0,0.0,0.0,0.0,0.0,0.0,0.0,0,0.0,1,0,2,3.0,0.0,0.0,0.0,1.0,1
1,17,1,9500,1,1,130.0,1,19,1,9,7,130.4,1,0,0,1,0,1,19,0,0,7,7,7,13.894285714285711,0,0,8,8,8,14.3625,0,11.1,0.6,2.02,2,1.0,1.0,1.0,0.0,0.46821428571428925,14.128392857142856,15,1.0,1,0,0,0.0,1.0,14.128392857142856,8.0,1.0,1
1,17,1,9500,1,1,128.0,1,37,37,9,8,124.3,1,0,0,1,0,1,19,0,0,7,8,7,13.46875,0,0,8,8,8,13.31375,0,15.5,2.8,-4.06,2,1.0,1.0,1.0,0.0,-0.15499999999999936,13.39125,15,1.0,1,0,0,0.0,1.0,13.39125,8.0,1.0,1
1,1,4,9085,1,1,135.0,1,38,37,9,9,132.6,1,0,0,1,0,1,19,0,0,5,5,5,13.6,0,0,5,5,5,14.6,0,10.8,1.4,1.74,2,1.0,1.0,1.0,0.0,1.0,14.1,10,1.0,0,0,0,0.0,1.0,14.1,5.0,1.0,1
1,44,1,8014,0,39,150.0,1,1,37,9,7,146.7,0,0,0,1,0,1,21,0,3,6,6,6,14.666666666666666,0,2,6,6,6,13.833333333333334,0,12.4,0.5,1.79,2,1.0,1.0,1.0,0.0,-0.8333333333333321,14.25,12,1.0,0,0,0,0.0,1.0,14.25,6.0,1.0,1
1,1,3,9773,1,1,135.0,1,1,1,3,5,130.1,1,0,0,1,0,0,18,0,0,6,6,6,13.666666666666666,0,0,6,7,6,13.0,0,15.5,2.8,-4.06,2,1.0,1.0,1.0,0.0,-0.6666666666666661,13.333333333333332,12,1.0,0,0,1,1.0,1.0,13.333333333333332,6.0,1.0,1
2,43,1,9254,1,3,120.0,1,38,37,9,3,120.0,1,0,0,1,0,0,33,0,9,12,22,10,13.3,0,9,11,11,11,13.727272727272728,0,9.4,-0.8,-3.12,2,0.8333333333333334,1.0,0.8333333333333334,0.16666666666666663,0.4272727272727277,13.513636363636365,21,0.9130434782608695,-1,0,1,1.0,0.9130434782608695,12.338537549407116,11.0,0.8333333333333334,1
1,7,1,8014,0,3,120.0,1,19,37,5,3,121.3,0,0,0,1,0,0,32,0,7,11,13,11,13.454545454545457,0,5,11,13,7,12.428571428571429,0,12.7,3.7,-1.7,2,1.0,0.6363636363636364,0.6363636363636364,-0.36363636363636365,-1.025974025974028,12.941558441558442,18,0.8181818181818182,0,0,1,1.3636363636363638,0.8181818181818182,10.588547815820544,7.0,0.6363636363636364,1
1,1,6,9500,1,1,140.0,1,19,19,1,4,133.3,1,0,0,1,0,1,17,0,0,8,8,8,13.41625,0,0,8,8,8,13.41625,0,9.4,-0.8,-3.12,2,1.0,1.0,1.0,0.0,0.0,13.41625,16,1.0,0,0,0,0.0,1.0,13.41625,8.0,1.0,1
2,39,1,9500,1,1,140.0,1,19,19,9,7,110.5,0,0,0,1,0,0,31,0,0,7,0,0,0.0,0,0,8,0,0,0.0,0,12.7,3.7,-1.7,0,0.0,0.0,0.0,0.0,0.0,0.0,0,0.0,1,0,1,2.0,0.0,0.0,0.0,1.0,1
2,39,1,8014,0,1,140.0,1,19,19,9,7,102.5,0,0,0,1,0,1,32,0,0,6,6,6,11.333333333333334,0,0,6,8,5,13.0,0,15.5,2.8,-4.06,2,1.0,0.8333333333333334,0.8333333333333334,-0.16666666666666663,1.666666666666666,12.166666666666668,11,0.9166666666666666,0,0,0,0.16666666666666663,0.9166666666666666,11.152777777777779,5.0,0.8333333333333334,1
1,51,1,9070,1,12,133.1,1,37,19,3,7,106.6,0,0,1,1,0,0,31,0,2,6,8,5,11.0,0,4,6,12,6,10.166666666666666,0,8.9,1.4,3.51,1,0.8333333333333334,1.0,0.8333333333333334,0.16666666666666663,-0.8333333333333339,10.583333333333332,11,0.9166666666666666,0,0,2,2.0,0.9166666666666666,9.701388888888888,6.0,0.8333333333333334,1
1,43,1,9991,0,1,100.0,1,3,19,1,1,117.9,0,0,0,0,1,0,40,0,0,5,5,0,0.0,0,0,5,6,0,0.0,0,10.8,1.4,1.74,0,0.0,0.0,0.0,0.0,0.0,0.0,0,0.0,0,0,2,3.0,0.0,0.0,0.0,1.0,1
2,1,1,9991,0,1,120.0,1,37,19,9,9,135.0,1,0,0,1,1,0,32,0,0,5,5,5,14.8,0,0,5,5,5,14.2,0,7.6,2.6,0.32,2,1.0,1.0,1.0,0.0,-0.6000000000000014,14.5,10,1.0,0,0,1,1.0,1.0,14.5,5.0,1.0,1
1,7,1,9119,1,3,120.0,1,19,19,1,1,120.0,0,0,0,0,1,0,40,0,1,5,7,1,13.0,0,2,5,5,2,14.0,0,12.7,3.7,-1.7,0,0.2,0.4,0.08000000000000002,0.2,1.0,13.5,3,0.3,0,0,2,2.6,0.3,4.05,2.0,0.8,1
1,1,1,171,1,1,172.0,1,1,1,4,9,167.1,0,0,0,1,1,1,18,0,0,0,0,0,0.0,0,0,0,0,0,0.0,0,16.2,0.3,-0.92,2,0.0,0.0,0.0,0.0,0.0,0.0,0,0.0,0,1,0,2.0,0.0,0.0,0.0,1.0,0
1,43,1,9991,0,1,120.0,1,37,37,9,9,115.8,0,0,1,0,1,0,28,0,4,9,14,4,10.0,0,1,6,6,1,10.0,0,12.7,3.7,-1.7,0,0.4444444444444444,0.16666666666666666,0.07407407407407407,-0.2777777777777778,0.0,10.0,5,0.3333333333333333,-3,0,3,3.8333333333333335,0.3333333333333333,3.333333333333333,1.0,0.7222222222222222,1
1,16,2,9070,1,1,137.0,1,1,1,3,1,141.2,1,0,1,1,1,0,19,0,0,6,11,5,11.2,0,0,6,7,6,12.0,0,9.4,-0.8,-3.12,2,0.8333333333333334,1.0,0.8333333333333334,0.16666666666666663,0.8000000000000007,11.6,11,0.9166666666666666,0,0,2,2.0,0.9166666666666666,10.633333333333333,6.0,0.8333333333333334,1
1,1,1,9773,1,1,117.0,1,1,37,5,9,118.4,0,0,0,1,1,1,19,0,0,6,8,6,11.833333333333334,0,0,6,11,3,13.0,0,15.5,2.8,-4.06,2,1.0,0.5,0.5,-0.5,1.166666666666666,12.416666666666668,9,0.75,0,0,0,0.5,0.75,9.3125,3.0,0.5,1
1,1,6,9147,1,1,142.0,1,38,37,7,7,134.3,0,1,0,1,1,0,21,0,0,5,0,0,0.0,0,0,5,0,0,0.0,0,10.8,1.4,1.74,0,0.0,0.0,0.0,0.0,0.0,0.0,0,0.0,0,0,1,2.0,0.0,0.0,0.0,1.0,1
1,17,4,9147,1,1,135.0,1,19,1,0,4,128.7,1,0,0,1,1,0,22,0,0,5,8,2,10.5,0,0,5,10,0,0.0,0,7.6,2.6,0.32,0,0.4,0.0,0.0,-0.4,-10.5,5.25,2,0.2,0,0,1,2.0,0.2,1.05,0.0,0.6,1
1,1,1,171,1,1,123.0,1,1,3,2,2,118.8,0,0,0,1,1,0,19,0,4,10,10,5,11.0,0,2,7,8,2,10.0,0,8.9,1.4,3.51,1,0.5,0.2857142857142857,0.14285714285714285,-0.2142857142857143,-1.0,10.5,7,0.4117647058823529,-3,0,1,1.7142857142857144,0.4117647058823529,4.323529411764706,2.0,0.7857142857142857,1
2,43,1,9991,0,1,140.0,1,37,37,9,9,130.0,1,0,0,1,1,0,30,0,6,10,14,9,12.333333333333334,0,7,10,12,8,12.0,0,9.4,-0.8,-3.12,2,0.9,0.8,0.7200000000000001,-0.09999999999999998,-0.3333333333333339,12.166666666666668,17,0.85,0,0,1,1.2,0.85,10.341666666666667,8.0,0.9,1
1,39,1,9130,1,39,150.0,1,1,3,4,1,150.0,0,0,0,1,1,0,28,0,0,6,9,0,0.0,0,0,6,8,1,10.0,1,16.2,0.3,-0.92,0,0.0,0.16666666666666666,0.0,0.16666666666666666,10.0,5.0,1,0.08333333333333333,0,0,1,1.8333333333333335,0.08333333333333333,0.41666666666666663,1.0,0.8333333333333334,1
5,39,1,9119,1,1,120.0,1,37,37,9,9,116.0,0,0,1,1,1,1,34,0,0,5,14,1,17.0,0,0,5,10,2,11.0,0,9.4,-0.8,-3.12,1,0.2,0.4,0.08000000000000002,0.2,-6.0,14.0,3,0.3,0,0,1,1.6,0.3,4.2,2.0,0.8,1
1,17,1,9147,1,1,110.0,1,1,1,4,4,99.0,0,0,0,1,1,0,21,0,0,5,5,5,11.0,0,0,5,11,3,11.428571428571429,0,10.8,1.4,1.74,1,1.0,0.6,0.6,-0.4,0.4285714285714288,11.214285714285715,8,0.8,0,0,1,1.4,0.8,8.971428571428573,3.0,0.6,1
1,1,1,9238,1,1,133.0,1,1,19,9,9,132.0,0,0,0,1,1,1,20,0,0,6,11,5,11.142857142857142,0,0,6,9,6,11.571428571428571,0,16.2,0.3,-0.92,2,0.8333333333333334,1.0,0.8333333333333334,0.16666666666666663,0.4285714285714288,11.357142857142858,11,0.9166666666666666,0,0,0,0.0,0.9166666666666666,10.410714285714286,6.0,0.8333333333333334,1
1,43,1,9254,1,1,110.0,1,12,19,9,9,125.0,0,0,0,0,1,0,31,0,3,8,19,5,12.166666666666666,0,3,7,12,5,12.0,0,7.6,2.6,0.32,0,0.625,0.7142857142857143,0.44642857142857145,0.0892857142857143,-0.16666666666666607,12.083333333333332,10,0.6666666666666666,-1,0,2,2.2857142857142856,0.6666666666666666,8.055555555555554,5.0,0.9107142857142857,1
1,17,1,9119,1,1,126.0,1,1,1,9,9,116.2,0,0,1,0,1,0,21,0,0,5,9,2,11.0,0,0,5,8,2,11.5,2,7.6,2.6,0.32,0,0.4,0.4,0.16000000000000003,0.0,0.5,11.25,4,0.4,0,0,3,3.6,0.4,4.5,2.0,1.0,1
1,39,2,9670,1,19,133.1,1,34,34,0,0,100.0,1,0,0,0,1,0,27,0,0,5,8,1,11.0,0,0,5,6,3,10.666666666666666,1,7.6,2.6,0.32,0,0.2,0.6,0.12,0.39999999999999997,-0.3333333333333339,10.833333333333332,4,0.4,0,0,2,2.4,0.4,4.333333333333333,3.0,0.6000000000000001,1
1,1,6,9773,1,1,136.0,1,38,38,9,9,132.9,1,0,0,1,1,0,19,0,0,6,10,4,13.25,0,0,6,13,5,11.8,0,7.6,2.6,0.32,2,0.6666666666666666,0.8333333333333334,0.5555555555555556,0.16666666666666674,-1.4499999999999993,12.525,9,0.75,0,0,1,1.1666666666666665,0.75,9.39375,5.0,0.8333333333333333,1
1,17,4,9773,1,1,129.0,1,3,1,2,7,132.5,1,0,0,1,1,0,21,0,0,6,7,0,0.0,0,0,6,11,1,10.0,0,10.8,1.4,1.74,1,0.0,0.16666666666666666,0.0,0.16666666666666666,10.0,5.0,1,0.08333333333333333,0,0,1,1.8333333333333335,0.08333333333333333,0.41666666666666663,1.0,0.8333333333333334,1
1,44,1,9003,1,39,140.0,1,19,19,4,4,140.0,1,0,0,0,1,0,21,0,0,6,17,2,12.5,0,0,6,10,0,0.0,0,16.2,0.3,-0.92,0,0.3333333333333333,0.0,0.0,-0.3333333333333333,-12.5,6.25,2,0.16666666666666666,0,0,2,3.0,0.16666666666666666,1.0416666666666665,0.0,0.6666666666666667,1
1,43,1,9670,1,1,160.0,1,34,34,99,99,100.1,0,0,0,0,1,0,35,0,6,10,10,7,12.142857142857142,0,4,9,9,4,12.25,0,7.6,2.6,0.32,0,0.7,0.4444444444444444,0.31111111111111106,-0.25555555555555554,0.10714285714285765,12.196428571428571,11,0.5789473684210527,-1,0,2,2.5555555555555554,0.5789473684210527,7.06109022556391,4.0,0.7444444444444445,1
1,17,1,9670,1,1,140.0,1,1,1,4,3,133.4,0,0,0,1,1,0,24,0,0,6,6,4,11.25,0,0,6,9,4,10.428571428571429,0,10.8,1.4,1.74,1,0.6666666666666666,0.6666666666666666,0.4444444444444444,0.0,-0.8214285714285712,10.839285714285715,8,0.6666666666666666,0,0,1,1.3333333333333335,0.6666666666666666,7.226190476190476,4.0,1.0,1
1,1,3,9773,1,1,142.0,1,34,1,5,10,136.1,1,0,0,0,1,0,19,0,0,4,8,0,0.0,1,0,6,0,0,0.0,0,9.4,-0.8,-3.12,0,0.0,0.0,0.0,0.0,0.0,0.0,0,0.0,2,0,2,3.0,0.0,0.0,0.0,1.0,1
1,1,1,9070,1,1,131.0,1,3,19,4,4,130.3,1,0,0,1,1,1,20,0,0,6,6,6,12.833333333333334,0,0,6,8,6,12.666666666666666,2,16.2,0.3,-0.92,2,1.0,1.0,1.0,0.0,-0.16666666666666785,12.75,12,1.0,0,0,0,0.0,1.0,12.75,6.0,1.0,1
1,1,1,9119,1,1,160.0,1,37,37,9,6,153.7,0,0,0,1,1,0,19,0,0,5,7,1,13.0,0,0,5,7,2,10.0,0,9.4,-0.8,-3.12,1,0.2,0.4,0.08000000000000002,0.2,-3.0,11.5,3,0.3,0,0,1,1.6,0.3,3.4499999999999997,2.0,0.8,1
1,39,1,9085,1,1,110.0,1,40,1,5,6,142.5,0,0,1,0,1,0,37,0,5,7,7,5,12.0,0,3,7,7,3,11.666666666666666,0,8.9,1.4,3.51,0,0.7142857142857143,0.42857142857142855,0.30612244897959184,-0.28571428571428575,-0.3333333333333339,11.833333333333332,8,0.5714285714285714,0,0,3,3.571428571428571,0.5714285714285714,6.761904761904761,3.0,0.7142857142857142,1
1,1,1,9254,1,1,124.0,1,37,38,9,8,114.6,1,0,0,1,1,0,19,0,0,6,13,2,12.0,0,0,6,12,1,13.0,0,7.6,2.6,0.32,0,0.3333333333333333,0.16666666666666666,0.05555555555555555,-0.16666666666666666,1.0,12.5,3,0.25,0,0,1,1.8333333333333335,0.25,3.125,1.0,0.8333333333333334,1
1,39,1,9500,1,1,120.0,1,37,37,9,8,108.5,0,0,0,1,1,0,36,0,0,7,18,0,0.0,0,0,7,7,0,0.0,0,13.9,-0.3,0.79,0,0.0,0.0,0.0,0.0,0.0,0.0,0,0.0,0,0,1,2.0,0.0,0.0,0.0,1.0,1
1,39,1,9147,1,12,133.1,1,37,37,9,9,140.0,0,0,0,1,1,0,29,0,0,5,0,0,0.0,0,0,5,0,0,0.0,0,9.4,-0.8,-3.12,0,0.0,0.0,0.0,0.0,0.0,0.0,0,0.0,0,0,1,2.0,0.0,0.0,0.0,1.0,1
1,39,1,9003,1,1,133.1,1,38,37,9,4,120.0,0,0,0,1,1,0,30,0,0,6,10,6,11.375,0,0,6,10,5,11.6,0,13.9,-0.3,0.79,2,1.0,0.8333333333333334,0.8333333333333334,-0.16666666666666663,0.22499999999999964,11.4875,11,0.9166666666666666,0,0,1,1.1666666666666665,0.9166666666666666,10.530208333333334,5.0,0.8333333333333334,1
1,51,1,9670,1,19,133.1,1,2,1,3,10,120.0,0,0,1,1,1,0,32,0,1,6,15,2,12.0,0,0,6,7,0,0.0,0,11.1,0.6,2.02,0,0.3333333333333333,0.0,0.0,-0.3333333333333333,-12.0,6.0,2,0.16666666666666666,0,0,2,3.0,0.16666666666666666,1.0,0.0,0.6666666666666667,1
2,44,1,9003,1,39,140.0,1,37,37,4,7,140.0,0,0,0,1,1,0,37,0,0,6,17,1,12.0,0,0,6,23,2,10.5,1,16.2,0.3,-0.92,0,0.16666666666666666,0.3333333333333333,0.05555555555555555,0.16666666666666666,-1.5,11.25,3,0.25,0,0,1,1.6666666666666667,0.25,2.8125,2.0,0.8333333333333334,1
1,39,1,9119,1,1,138.7,1,1,12,4,3,111.3,0,0,0,1,1,0,27,0,1,6,7,3,12.0,0,2,6,7,2,11.0,0,13.9,-0.3,0.79,0,0.5,0.3333333333333333,0.16666666666666666,-0.16666666666666669,-1.0,11.5,5,0.4166666666666667,0,0,1,1.6666666666666667,0.4166666666666667,4.791666666666667,2.0,0.8333333333333333,1
1,1,1,9773,1,1,131.0,1,38,1,5,7,131.0,1,0,0,1,1,1,18,0,0,6,7,6,12.714285714285714,0,0,6,8,5,11.833333333333334,0,13.9,-0.3,0.79,2,1.0,0.8333333333333334,0.8333333333333334,-0.16666666666666663,-0.8809523809523796,12.273809523809524,11,0.9166666666666666,0,0,0,0.16666666666666663,0.9166666666666666,11.250992063492063,5.0,0.8333333333333334,1
1,1,1,9500,1,1,149.0,1,38,37,9,9,139.5,0,0,0,1,1,1,18,0,0,8,8,8,15.3,0,0,8,8,8,15.3,0,9.4,-0.8,-3.12,2,1.0,1.0,1.0,0.0,0.0,15.3,16,1.0,0,0,0,0.0,1.0,15.3,8.0,1.0,1
2,39,2,9003,1,19,133.1,1,38,19,4,1,110.0,0,0,0,0,1,0,32,0,2,8,12,2,11.5,2,0,7,9,0,0.0,0,15.5,2.8,-4.06,0,0.25,0.0,0.0,-0.25,-11.5,5.75,2,0.13333333333333333,-1,0,2,3.0,0.13333333333333333,0.7666666666666666,0.0,0.75,1
1,44,1,9119,1,39,130.0,1,3,19,3,4,130.0,0,0,0,1,1,0,20,0,0,5,12,1,13.0,0,0,5,8,3,12.6,0,12.4,0.5,1.79,1,0.2,0.6,0.12,0.39999999999999997,-0.40000000000000036,12.8,4,0.4,0,0,1,1.4,0.4,5.120000000000001,3.0,0.6000000000000001,1
1,43,1,9003,1,1,120.0,1,3,3,1,2,115.0,0,0,0,1,1,0,22,0,0,6,12,0,0.0,0,0,6,10,0,0.0,0,16.2,0.3,-0.92,0,0.0,0.0,0.0,0.0,0.0,0.0,0,0.0,0,0,1,2.0,0.0,0.0,0.0,1.0,1
4,39,1,9500,1,1,133.1,1,1,19,3,3,154.3,0,0,0,1,0,0,32,0,0,7,0,0,0.0,0,0,8,0,0,0.0,0,12.4,0.5,1.79,0,0.0,0.0,0.0,0.0,0.0,0.0,0,0.0,1,0,1,2.0,0.0,0.0,0.0,1.0,1
1,17,4,9670,1,1,126.0,1,1,1,4,7,115.2,0,0,0,0,0,0,19,0,0,6,7,3,12.666666666666666,0,0,6,10,5,13.125,0,10.8,1.4,1.74,0,0.5,0.8333333333333334,0.4166666666666667,0.33333333333333337,0.4583333333333339,12.895833333333332,8,0.6666666666666666,0,0,2,2.1666666666666665,0.6666666666666666,8.597222222222221,5.0,0.6666666666666666,1
1,1,1,9773,1,1,125.0,1,19,1,9,9,130.6,1,0,0,1,0,1,18,0,0,6,6,6,13.5,0,0,6,6,6,14.0,0,8.9,1.4,3.51,2,1.0,1.0,1.0,0.0,0.5,13.75,12,1.0,0,0,0,0.0,1.0,13.75,6.0,1.0,1
1,1,4,9147,1,1,123.0,1,1,1,9,7,117.4,1,0,0,1,0,1,18,0,0,5,7,5,12.0,0,0,5,10,5,11.4,0,8.9,1.4,3.51,2,1.0,1.0,1.0,0.0,-0.5999999999999996,11.7,10,1.0,0,0,0,0.0,1.0,11.7,5.0,1.0,1
1,7,1,9147,1,2,150.0,1,3,37,2,5,150.0,1,0,1,0,0,0,38,0,0,5,6,0,0.0,0,0,5,5,0,0.0,0,15.5,2.8,-4.06,0,0.0,0.0,0.0,0.0,0.0,0.0,0,0.0,0,0,3,4.0,0.0,0.0,0.0,1.0,1
1,17,3,9853,1,1,132.0,1,34,34,0,0,131.3,1,0,0,1,0,0,21,0,0,6,8,5,11.8,0,0,6,8,4,10.5,0,7.6,2.6,0.32,0,0.8333333333333334,0.6666666666666666,0.5555555555555556,-0.16666666666666674,-1.3000000000000007,11.15,9,0.75,0,0,1,1.3333333333333335,0.75,8.3625,4.0,0.8333333333333333,1
1,1,1,9238,1,1,133.0,1,34,37,5,5,120.4,0,0,0,0,0,0,21,0,0,6,12,2,11.5,0,0,6,13,1,13.0,0,9.4,-0.8,-3.12,0,0.3333333333333333,0.16666666666666666,0.05555555555555555,-0.16666666666666666,1.5,12.25,3,0.25,0,0,2,2.8333333333333335,0.25,3.0625,1.0,0.8333333333333334,1
1,1,1,9991,0,1,122.0,1,37,37,9,3,113.6,0,0,0,1,1,0,26,0,0,5,11,2,11.5,0,0,5,10,3,12.0,0,7.6,2.6,0.32,1,0.4,0.6,0.24,0.19999999999999996,0.5,11.75,5,0.5,0,0,1,1.4,0.5,5.875,3.0,0.8,1
1,1,4,9500,1,1,137.0,1,19,38,9,3,125.0,1,0,0,1,0,0,19,0,0,7,7,6,14.616666666666667,0,0,7,7,6,14.616666666666667,0,7.6,2.6,0.32,2,0.8571428571428571,0.8571428571428571,0.7346938775510203,0.0,0.0,14.616666666666667,12,0.8571428571428571,0,0,1,1.1428571428571428,0.8571428571428571,12.528571428571428,6.0,1.0,1
1,17,1,9254,1,1,150.0,1,1,1,9,10,142.7,0,0,1,1,0,0,18,0,0,6,9,4,11.0,0,0,6,12,3,11.333333333333334,0,7.6,2.6,0.32,0,0.6666666666666666,0.5,0.3333333333333333,-0.16666666666666663,0.3333333333333339,11.166666666666668,7,0.5833333333333334,0,0,2,2.5,0.5833333333333334,6.51388888888889,3.0,0.8333333333333334,1
1,7,1,9147,1,3,130.0,1,37,37,9,9,130.0,0,0,0,1,0,0,25,0,0,5,0,0,0.0,0,0,5,0,0,0.0,0,12.7,3.7,-1.7,0,0.0,0.0,0.0,0.0,0.0,0.0,0,0.0,0,0,1,2.0,0.0,0.0,0.0,1.0,1
1,1,6,9500,1,1,136.0,1,37,1,5,4,120.8,1,0,0,1,0,0,19,0,6,14,22,7,12.192307692307692,5,6,14,22,7,12.192307692307692,5,7.6,2.6,0.32,2,0.5,0.5,0.25,0.0,0.0,12.192307692307692,14,0.5,0,0,1,1.5,0.5,6.096153846153846,7.0,1.0,1
1,17,2,9254,1,1,131.0,1,1,19,9,9,130.3,1,0,0,1,0,1,18,0,0,6,6,6,12.833333333333334,0,0,6,7,6,12.333333333333334,0,13.9,-0.3,0.79,2,1.0,1.0,1.0,0.0,-0.5,12.583333333333334,12,1.0,0,0,0,0.0,1.0,12.583333333333334,6.0,1.0,1
1,17,1,9147,1,1,130.0,1,37,37,9,7,119.9,0,0,0,1,0,1,19,0,0,5,8,5,12.875,0,0,5,6,5,11.833333333333334,0,13.9,-0.3,0.79,2,1.0,1.0,1.0,0.0,-1.041666666666666,12.354166666666668,10,1.0,0,0,0,0.0,1.0,12.354166666666668,5.0,1.0,1
1,1,1,9238,1,1,108.0,1,19,38,9,7,110.5,1,0,0,1,0,1,22,0,0,6,6,6,12.166666666666666,0,0,6,6,6,12.5,0,12.4,0.5,1.79,2,1.0,1.0,1.0,0.0,0.3333333333333339,12.333333333333332,12,1.0,0,0,0,0.0,1.0,12.333333333333332,6.0,1.0,1
1,44,1,9003,1,39,160.0,1,38,38,6,6,160.0,1,0,0,1,0,0,21,0,0,6,11,6,13.428571428571429,0,0,6,12,6,12.857142857142858,0,15.5,2.8,-4.06,2,1.0,1.0,1.0,0.0,-0.5714285714285712,13.142857142857142,12,1.0,0,0,1,1.0,1.0,13.142857142857142,6.0,1.0,1
1,17,1,9085,1,1,113.0,1,19,37,9,9,118.6,1,0,0,1,0,1,21,0,0,6,6,6,14.5,0,0,6,8,6,14.666666666666666,0,8.9,1.4,3.51,2,1.0,1.0,1.0,0.0,0.16666666666666607,14.583333333333332,12,1.0,0,0,0,0.0,1.0,14.583333333333332,6.0,1.0,1
1,1,1,9853,1,1,113.0,1,38,38,3,7,112.3,0,0,0,1,0,1,20,0,0,7,7,7,12.142857142857142,0,0,7,7,7,12.857142857142858,0,11.1,0.6,2.02,2,1.0,1.0,1.0,0.0,0.7142857142857153,12.5,14,1.0,0,0,0,0.0,1.0,12.5,7.0,1.0,1
2,1,1,9147,1,1,137.0,1,19,37,9,9,124.4,0,0,0,1,0,0,19,0,0,5,6,4,11.25,0,0,5,10,3,11.714285714285714,0,10.8,1.4,1.74,1,0.8,0.6,0.48,-0.20000000000000007,0.4642857142857135,11.482142857142858,7,0.7,0,0,1,1.4,0.7,8.0375,3.0,0.7999999999999999,1
1,1,4,9500,1,1,148.0,1,19,19,9,3,125.0,1,0,0,1,0,0,18,0,0,7,7,6,13.9,0,0,7,7,6,13.9,0,7.6,2.6,0.32,2,0.8571428571428571,0.8571428571428571,0.7346938775510203,0.0,0.0,13.9,12,0.8571428571428571,0,0,1,1.1428571428571428,0.8571428571428571,11.914285714285715,6.0,1.0,1
1,39,1,9500,1,1,130.0,1,19,19,9,8,105.8,0,0,0,1,0,0,26,0,0,7,12,3,13.766666666666666,0,0,7,11,3,12.066666666666668,0,13.9,-0.3,0.79,0,0.42857142857142855,0.42857142857142855,0.18367346938775508,0.0,-1.6999999999999975,12.916666666666668,6,0.42857142857142855,0,0,1,1.5714285714285714,0.42857142857142855,5.535714285714286,3.0,1.0,1
1,17,1,9238,1,1,138.0,1,37,38,9,8,134.2,1,0,0,1,0,1,18,0,0,6,6,6,15.166666666666666,0,0,6,7,6,14.142857142857142,0,11.1,0.6,2.02,2,1.0,1.0,1.0,0.0,-1.0238095238095237,14.654761904761905,12,1.0,0,0,0,0.0,1.0,14.654761904761905,6.0,1.0,1
4,7,1,9147,1,3,130.0,1,19,1,5,5,130.0,0,0,0,1,0,0,35,0,0,5,5,0,0.0,0,0,5,5,0,0.0,0,11.1,0.6,2.02,0,0.0,0.0,0.0,0.0,0.0,0.0,0,0.0,0,0,1,2.0,0.0,0.0,0.0,1.0,1
1,1,1,9238,1,1,115.0,1,19,38,7,7,108.7,0,0,0,1,0,1,19,0,0,6,9,5,10.8,0,0,6,8,6,10.714285714285714,0,15.5,2.8,-4.06,2,0.8333333333333334,1.0,0.8333333333333334,0.16666666666666663,-0.08571428571428719,10.757142857142856,11,0.9166666666666666,0,0,0,0.0,0.9166666666666666,9.860714285714284,6.0,0.8333333333333334,1
1,1,2,9500,1,1,147.0,1,3,1,4,3,136.7,0,0,0,1,0,0,18,0,0,7,7,7,13.995714285714287,0,0,8,9,8,14.955555555555556,0,11.1,0.6,2.02,2,1.0,1.0,1.0,0.0,0.9598412698412684,14.47563492063492,15,1.0,1,0,1,1.0,1.0,14.47563492063492,8.0,1.0,1
1,17,1,9085,1,1,132.0,1,38,38,4,9,119.1,0,0,0,1,0,0,20,0,0,6,8,6,13.285714285714286,0,0,6,16,6,11.8,0,12.4,0.5,1.79,2,1.0,1.0,1.0,0.0,-1.4857142857142858,12.542857142857144,12,1.0,0,0,1,1.0,1.0,12.542857142857144,6.0,1.0,1
1,1,4,171,1,1,146.0,1,1,1,9,5,151.3,1,0,0,1,0,1,19,0,6,12,12,12,12.75,0,4,11,16,11,13.25,0,8.9,1.4,3.51,2,1.0,1.0,1.0,0.0,0.5,13.0,23,1.0,-1,0,0,0.0,1.0,13.0,11.0,1.0,1
1,43,1,9238,1,1,109.0,1,19,37,5,5,108.3,0,0,0,1,0,1,21,0,0,6,15,2,10.5,0,0,6,8,5,12.4,0,10.8,1.4,1.74,1,0.3333333333333333,0.8333333333333334,0.2777777777777778,0.5,1.9000000000000004,11.45,7,0.5833333333333334,0,0,0,0.16666666666666663,0.5833333333333334,6.679166666666666,5.0,0.5,1
1,17,1,9853,1,1,133.0,1,38,38,9,9,127.4,0,0,1,1,0,1,18,0,0,7,7,7,12.714285714285714,0,0,7,7,7,12.285714285714286,0,16.2,0.3,-0.92,2,1.0,1.0,1.0,0.0,-0.42857142857142705,12.5,14,1.0,0,0,1,1.0,1.0,12.5,7.0,1.0,1
1,42,1,9500,1,1,124.0,1,19,19,4,9,124.0,0,0,0,1,0,0,23,0,0,8,8,8,12.88625,0,0,8,8,8,12.88625,0,9.4,-0.8,-3.12,2,1.0,1.0,1.0,0.0,0.0,12.88625,16,1.0,0,0,1,1.0,1.0,12.88625,8.0,1.0,1
1,1,1,9070,1,1,133.1,1,1,1,9,9,155.0,0,0,0,1,0,1,21,0,0,6,7,5,13.0,0,0,6,6,6,12.666666666666666,0,16.2,0.3,-0.92,2,0.8333333333333334,1.0,0.8333333333333334,0.16666666666666663,-0.3333333333333339,12.833333333333332,11,0.9166666666666666,0,0,0,0.0,0.9166666666666666,11.763888888888888,6.0,0.8333333333333334,1
1,1,1,9147,1,1,121.0,1,37,38,9,9,114.0,0,0,0,1,0,1,19,0,0,5,7,5,12.2,0,0,5,6,5,11.2,0,11.1,0.6,2.02,2,1.0,1.0,1.0,0.0,-1.0,11.7,10,1.0,0,0,0,0.0,1.0,11.7,5.0,1.0,1
1,53,1,9085,1,42,160.0,1,19,37,4,9,160.0,1,0,0,1,0,0,20,0,7,11,15,11,13.785714285714286,0,4,9,9,9,13.88888888888889,0,8.9,1.4,3.51,2,1.0,1.0,1.0,0.0,0.10317460317460281,13.837301587301589,20,1.0,-2,0,1,1.0,1.0,13.837301587301589,9.0,1.0,1
1,43,1,9147,1,1,131.0,1,3,19,2,9,126.1,0,0,0,1,0,0,18,0,0,5,5,0,0.0,0,0,5,9,4,13.25,2,16.2,0.3,-0.92,1,0.0,0.8,0.0,0.8,13.25,6.625,4,0.4,0,0,1,1.2,0.4,2.6500000000000004,4.0,0.19999999999999996,1
1,1,1,9500,1,1,150.0,1,37,37,9,7,136.5,1,0,0,1,0,1,18,0,0,8,8,8,14.50125,0,0,8,8,8,14.50125,0,9.4,-0.8,-3.12,2,1.0,1.0,1.0,0.0,0.0,14.50125,16,1.0,0,0,0,0.0,1.0,14.50125,8.0,1.0,1
2,1,5,9500,1,1,130.0,1,1,19,4,4,122.3,0,0,0,1,0,0,19,0,0,7,7,6,14.35,0,0,7,7,6,14.35,0,7.6,2.6,0.32,2,0.8571428571428571,0.8571428571428571,0.7346938775510203,0.0,0.0,14.35,12,0.8571428571428571,0,0,1,1.1428571428571428,0.8571428571428571,12.299999999999999,6.0,1.0,1
1,17,1,9070,1,1,133.1,1,38,19,5,5,128.0,0,0,0,1,0,1,21,0,0,6,6,6,11.5,0,0,6,6,6,12.333333333333334,0,9.4,-0.8,-3.12,2,1.0,1.0,1.0,0.0,0.8333333333333339,11.916666666666668,12,1.0,0,0,0,0.0,1.0,11.916666666666668,6.0,1.0,1
1,1,1,9238,1,1,154.0,1,38,38,9,9,156.5,1,1,0,1,0,1,18,0,0,6,8,6,11.714285714285714,0,0,6,6,6,14.666666666666666,0,12.7,3.7,-1.7,2,1.0,1.0,1.0,0.0,2.9523809523809526,13.19047619047619,12,1.0,0,0,0,0.0,1.0,13.19047619047619,6.0,1.0,1
1,1,1,9670,1,1,126.0,1,37,19,7,7,125.7,0,0,0,1,0,0,20,0,0,6,9,6,13.571428571428571,0,0,6,10,5,13.6,0,15.5,2.8,-4.06,1,1.0,0.8333333333333334,0.8333333333333334,-0.16666666666666663,0.02857142857142847,13.585714285714285,11,0.9166666666666666,0,0,1,1.1666666666666665,0.9166666666666666,12.453571428571427,5.0,0.8333333333333334,1
1,1,1,9773,1,1,150.0,1,19,38,9,5,143.0,0,0,0,1,0,0,18,0,0,6,6,5,13.0,0,0,6,6,6,13.666666666666666,0,12.7,3.7,-1.7,2,0.8333333333333334,1.0,0.8333333333333334,0.16666666666666663,0.6666666666666661,13.333333333333332,11,0.9166666666666666,0,0,1,1.0,0.9166666666666666,12.222222222222221,6.0,0.8333333333333334,1
1,17,5,9500,1,1,141.0,1,19,19,9,7,131.9,1,0,0,1,0,1,18,0,0,7,8,7,13.56875,0,0,8,8,8,14.02625,0,15.5,2.8,-4.06,2,1.0,1.0,1.0,0.0,0.4574999999999996,13.7975,15,1.0,1,0,0,0.0,1.0,13.7975,8.0,1.0,1
2,43,1,9991,0,1,134.0,1,37,37,9,9,113.7,0,0,0,1,0,0,32,0,1,5,5,5,10.2,0,0,5,9,4,11.25,0,9.4,-0.8,-3.12,1,1.0,0.8,0.8,-0.19999999999999996,1.0500000000000007,10.725,9,0.9,0,0,1,1.2,0.9,9.6525,4.0,0.8,1
1,17,2,171,1,1,146.0,1,3,3,3,3,155.1,1,0,0,1,0,0,18,0,0,0,0,0,0.0,0,0,0,0,0,0.0,0,13.9,-0.3,0.79,2,0.0,0.0,0.0,0.0,0.0,0.0,0,0.0,0,1,1,3.0,0.0,0.0,0.0,1.0,0
1,16,3,9853,1,1,134.0,1,19,37,9,9,121.1,1,0,0,1,0,0,19,0,0,6,8,5,12.2,0,0,6,8,5,11.8,0,10.8,1.4,1.74,1,0.8333333333333334,0.8333333333333334,0.6944444444444445,0.0,-0.3999999999999986,12.0,10,0.8333333333333334,0,0,1,1.1666666666666665,0.8333333333333334,10.0,5.0,1.0,1
1,1,3,9500,1,1,139.0,1,1,19,9,3,130.3,1,0,0,1,0,1,18,0,0,8,8,8,14.15375,0,0,8,8,8,14.15375,0,9.4,-0.8,-3.12,2,1.0,1.0,1.0,0.0,0.0,14.15375,16,1.0,0,0,0,0.0,1.0,14.15375,8.0,1.0,1
1,1,6,9500,1,1,136.0,1,1,1,4,5,123.3,0,0,0,0,0,0,18,0,0,8,8,0,0.0,8,0,8,8,0,0.0,8,9.4,-0.8,-3.12,0,0.0,0.0,0.0,0.0,0.0,0.0,0,0.0,0,0,2,3.0,0.0,0.0,0.0,1.0,1
1,1,5,9773,1,1,110.0,1,19,38,3,5,117.4,1,0,0,1,0,0,20,0,0,6,7,6,13.833333333333334,0,0,6,6,6,12.833333333333334,0,11.1,0.6,2.02,2,1.0,1.0,1.0,0.0,-1.0,13.333333333333334,12,1.0,0,0,1,1.0,1.0,13.333333333333334,6.0,1.0,1
1,5,1,9670,1,1,135.0,1,1,12,4,4,140.3,1,0,0,1,0,0,19,0,0,6,7,6,13.428571428571429,0,0,6,6,4,14.0,0,12.4,0.5,1.79,1,1.0,0.6666666666666666,0.6666666666666666,-0.33333333333333337,0.5714285714285712,13.714285714285715,10,0.8333333333333334,0,0,1,1.3333333333333335,0.8333333333333334,11.42857142857143,4.0,0.6666666666666666,1
1,17,4,9500,1,1,129.0,1,38,37,9,5,120.0,1,0,0,1,0,0,19,0,0,8,8,7,12.454285714285716,0,0,8,8,7,12.454285714285716,0,10.8,1.4,1.74,2,0.875,0.875,0.765625,0.0,0.0,12.454285714285716,14,0.875,0,0,1,1.125,0.875,10.8975,7.0,1.0,1
1,1,4,9500,1,1,137.0,1,1,19,4,7,126.7,1,0,0,1,0,0,18,0,0,7,0,0,0.0,0,0,8,0,0,0.0,0,15.5,2.8,-4.06,0,0.0,0.0,0.0,0.0,0.0,0.0,0,0.0,1,0,1,2.0,0.0,0.0,0.0,1.0,1
1,17,3,9500,1,1,138.0,1,1,19,7,8,129.3,1,0,0,1,0,1,18,0,0,7,8,6,13.271666666666668,0,0,8,11,7,12.94375,0,12.4,0.5,1.79,2,0.8571428571428571,0.875,0.75,0.017857142857142905,-0.32791666666666863,13.107708333333335,13,0.8666666666666667,1,0,0,0.125,0.8666666666666667,11.36001388888889,7.0,0.9821428571428571,1
1,1,1,9254,1,1,133.1,1,38,19,3,3,98.6,0,0,0,1,0,0,21,0,0,6,16,2,11.0,0,0,6,12,0,0.0,0,12.7,3.7,-1.7,0,0.3333333333333333,0.0,0.0,-0.3333333333333333,-11.0,5.5,2,0.16666666666666666,0,0,1,2.0,0.16666666666666666,0.9166666666666666,0.0,0.6666666666666667,1
1,1,1,9853,1,1,136.0,1,38,37,9,9,126.9,1,0,0,1,0,1,19,0,0,7,7,7,13.285714285714286,0,0,7,7,7,14.428571428571429,0,11.1,0.6,2.02,2,1.0,1.0,1.0,0.0,1.1428571428571423,13.857142857142858,14,1.0,0,0,0,0.0,1.0,13.857142857142858,7.0,1.0,1
1,17,1,9238,1,1,139.0,1,19,38,4,9,146.7,1,0,0,1,0,1,20,0,0,6,6,6,13.333333333333334,0,0,6,7,6,14.0,0,15.5,2.8,-4.06,2,1.0,1.0,1.0,0.0,0.6666666666666661,13.666666666666668,12,1.0,0,0,0,0.0,1.0,13.666666666666668,6.0,1.0,1
1,1,1,9500,1,1,125.0,1,1,1,9,4,117.0,0,0,0,1,0,1,21,0,0,8,8,8,13.2575,0,0,8,8,8,13.2575,0,9.4,-0.8,-3.12,2,1.0,1.0,1.0,0.0,0.0,13.2575,16,1.0,0,0,0,0.0,1.0,13.2575,8.0,1.0,1
1,44,1,9085,1,39,130.0,1,37,38,9,6,130.0,1,0,0,1,0,0,23,0,0,6,7,0,0.0,0,0,6,7,0,0.0,0,11.1,0.6,2.02,0,0.0,0.0,0.0,0.0,0.0,0.0,0,0.0,0,0,1,2.0,0.0,0.0,0.0,1.0,1
1,17,1,9238,1,1,137.0,1,1,38,5,8,125.8,0,0,0,0,0,1,18,0,0,6,10,6,12.666666666666666,0,0,6,6,2,11.5,0,12.7,3.7,-1.7,0,1.0,0.3333333333333333,0.3333333333333333,-0.6666666666666667,-1.166666666666666,12.083333333333332,8,0.6666666666666666,0,0,1,1.6666666666666667,0.6666666666666666,8.055555555555554,2.0,0.33333333333333326,1
1,1,1,9085,1,1,130.0,1,9,19,4,1,134.2,1,0,0,1,0,0,20,0,0,5,13,0,0.0,5,0,5,5,0,0.0,5,9.4,-0.8,-3.12,0,0.0,0.0,0.0,0.0,0.0,0.0,0,0.0,0,0,1,2.0,0.0,0.0,0.0,1.0,1
2,43,2,9147,1,1,160.0,1,37,37,9,9,96.0,0,0,0,0,0,0,29,0,3,5,7,3,12.333333333333334,0,0,5,8,0,0.0,0,10.8,1.4,1.74,0,0.6,0.0,0.0,-0.6,-12.333333333333334,6.166666666666667,3,0.3,0,0,2,3.0,0.3,1.85,0.0,0.4,1
1,18,1,9147,1,1,100.0,1,38,38,5,5,101.8,1,0,0,1,0,0,24,0,0,5,5,5,10.8,0,0,5,11,2,11.0,0,10.8,1.4,1.74,1,1.0,0.4,0.4,-0.6,0.1999999999999993,10.9,7,0.7,0,0,1,1.6,0.7,7.63,2.0,0.4,1
1,1,1,9238,1,1,136.0,1,19,1,4,3,125.2,1,0,0,1,0,0,20,0,0,6,7,6,11.666666666666666,0,0,6,10,6,11.333333333333334,0,7.6,2.6,0.32,2,1.0,1.0,1.0,0.0,-0.33333333333333215,11.5,12,1.0,0,0,1,1.0,1.0,11.5,6.0,1.0,1
2,7,1,9147,1,3,140.0,1,37,37,9,9,140.0,0,0,0,1,0,0,23,0,0,5,0,0,0.0,0,0,5,0,0,0.0,0,7.6,2.6,0.32,0,0.0,0.0,0.0,0.0,0.0,0.0,0,0.0,0,0,1,2.0,0.0,0.0,0.0,1.0,1
1,51,1,9070,1,1,132.0,1,19,19,153,153,120.0,0,0,0,1,0,1,23,0,0,6,6,6,15.333333333333334,0,0,6,6,6,14.166666666666666,0,11.1,0.6,2.02,2,1.0,1.0,1.0,0.0,-1.1666666666666679,14.75,12,1.0,0,0,0,0.0,1.0,14.75,6.0,1.0,1
1,1,3,9500,1,1,147.0,1,1,1,4,4,134.3,1,0,0,1,0,0,18,0,0,8,8,7,14.2,0,0,8,8,7,14.2,0,12.7,3.7,-1.7,2,0.875,0.875,0.765625,0.0,0.0,14.2,14,0.875,0,0,1,1.125,0.875,12.424999999999999,7.0,1.0,1
1,1,1,9773,1,1,158.0,1,38,38,9,7,144.7,1,0,0,1,0,1,19,0,0,6,6,6,14.833333333333334,0,0,6,6,6,14.666666666666666,0,12.7,3.7,-1.7,2,1.0,1.0,1.0,0.0,-0.16666666666666785,14.75,12,1.0,0,0,0,0.0,1.0,14.75,6.0,1.0,1
1,1,2,9070,1,1,135.0,1,1,1,4,7,129.8,1,0,0,1,0,0,19,0,0,6,6,6,11.833333333333334,0,0,6,7,6,13.0,0,9.4,-0.8,-3.12,2,1.0,1.0,1.0,0.0,1.166666666666666,12.416666666666668,12,1.0,0,0,1,1.0,1.0,12.416666666666668,6.0,1.0,1
1,1,1,9773,1,1,160.0,1,1,38,4,7,146.5,0,0,0,1,0,1,18,0,0,6,7,6,13.428571428571429,0,0,6,10,6,13.5,0,13.9,-0.3,0.79,2,1.0,1.0,1.0,0.0,0.07142857142857117,13.464285714285715,12,1.0,0,0,0,0.0,1.0,13.464285714285715,6.0,1.0,1
1,39,2,9556,1,19,133.1,1,37,37,3,7,117.8,0,0,0,1,0,0,24,0,0,7,10,6,11.416666666666666,0,0,8,9,8,11.9625,0,13.9,-0.3,0.79,2,0.8571428571428571,1.0,0.8571428571428571,0.1428571428571429,0.5458333333333343,11.689583333333333,14,0.9333333333333333,1,0,1,1.0,0.9333333333333333,10.910277777777777,8.0,0.8571428571428571,1
1,17,2,9556,1,1,133.1,1,37,38,9,8,106.0,1,0,0,1,0,0,19,0,0,7,16,2,12.75,0,0,7,12,2,11.0,0,8.9,1.4,3.51,0,0.2857142857142857,0.2857142857142857,0.08163265306122448,0.0,-1.75,11.875,4,0.2857142857142857,0,0,1,1.7142857142857144,0.2857142857142857,3.392857142857143,2.0,1.0,1
1,17,4,9254,1,1,106.0,1,37,19,9,7,116.9,1,0,0,1,0,0,20,0,0,6,7,6,11.5,0,0,6,8,5,12.4,0,11.1,0.6,2.02,2,1.0,0.8333333333333334,0.8333333333333334,-0.16666666666666663,0.9000000000000004,11.95,11,0.9166666666666666,0,0,1,1.1666666666666665,0.9166666666666666,10.954166666666666,5.0,0.8333333333333334,1
1,1,2,9773,1,1,148.0,1,1,19,9,9,141.7,0,0,0,1,0,0,18,0,0,6,6,6,13.833333333333334,0,0,6,6,6,12.666666666666666,0,10.8,1.4,1.74,2,1.0,1.0,1.0,0.0,-1.1666666666666679,13.25,12,1.0,0,0,1,1.0,1.0,13.25,6.0,1.0,1
1,1,5,9500,1,1,130.0,1,19,1,9,5,122.1,1,0,0,1,0,1,19,0,0,7,8,7,11.678571428571429,0,0,8,10,7,13.0375,0,12.4,0.5,1.79,2,1.0,0.875,0.875,-0.125,1.3589285714285708,12.358035714285714,14,0.9333333333333333,1,0,0,0.125,0.9333333333333333,11.534166666666668,7.0,0.875,1
1,1,1,171,1,1,141.0,1,1,19,5,8,141.4,1,0,0,1,0,1,18,0,0,0,0,0,0.0,0,0,0,0,0,0.0,0,13.9,-0.3,0.79,2,0.0,0.0,0.0,0.0,0.0,0.0,0,0.0,0,1,0,2.0,0.0,0.0,0.0,1.0,0
1,1,1,9773,1,1,140.0,1,19,37,9,6,135.8,1,0,0,1,0,1,19,0,0,6,6,6,13.0,0,0,6,7,6,13.0,0,10.8,1.4,1.74,2,1.0,1.0,1.0,0.0,0.0,13.0,12,1.0,0,0,0,0.0,1.0,13.0,6.0,1.0,1
1,1,2,9500,1,1,138.0,1,3,3,2,2,127.5,1,0,0,1,0,1,18,0,0,7,7,7,14.485714285714286,0,0,8,9,8,14.58888888888889,0,16.2,0.3,-0.92,2,1.0,1.0,1.0,0.0,0.10317460317460458,14.537301587301588,15,1.0,1,0,0,0.0,1.0,14.537301587301588,8.0,1.0,1
1,42,1,9500,1,1,133.0,1,1,1,4,4,100.0,0,0,0,1,0,0,20,0,1,8,8,7,11.571428571428571,0,1,8,8,7,11.571428571428571,0,12.7,3.7,-1.7,2,0.875,0.875,0.765625,0.0,0.0,11.571428571428571,14,0.875,0,0,1,1.125,0.875,10.125,7.0,1.0,1
1,1,6,9500,1,1,150.0,1,37,38,9,9,131.5,1,0,0,1,0,1,19,0,0,8,8,7,12.657142857142857,0,0,8,8,7,12.657142857142857,0,12.7,3.7,-1.7,2,0.875,0.875,0.765625,0.0,0.0,12.657142857142857,14,0.875,0,0,0,0.125,0.875,11.075,7.0,1.0,1
1,17,1,9147,1,1,117.0,1,37,37,9,9,109.3,0,0,0,0,0,0,22,0,0,5,9,2,10.0,1,0,5,11,1,10.0,0,9.4,-0.8,-3.12,0,0.4,0.2,0.08000000000000002,-0.2,0.0,10.0,3,0.3,0,0,2,2.8,0.3,3.0,1.0,0.8,1
1,1,1,9238,1,1,145.0,1,19,1,6,5,127.9,1,0,0,1,0,0,19,0,0,6,7,6,13.714285714285714,0,0,6,6,6,13.166666666666666,0,12.7,3.7,-1.7,2,1.0,1.0,1.0,0.0,-0.5476190476190474,13.44047619047619,12,1.0,0,0,1,1.0,1.0,13.44047619047619,6.0,1.0,1
1,7,1,9238,1,3,140.0,1,37,37,9,9,140.0,1,0,0,1,0,0,36,0,10,14,21,13,13.071428571428571,0,4,11,16,11,13.0,0,16.2,0.3,-0.92,2,0.9285714285714286,1.0,0.9285714285714286,0.0714285714285714,-0.07142857142857117,13.035714285714285,24,0.96,-3,0,1,1.0,0.96,12.514285714285712,11.0,0.9285714285714286,1
1,44,1,9003,1,39,160.0,1,37,38,9,7,160.0,0,0,0,1,0,1,19,0,0,6,7,6,15.333333333333334,0,0,6,9,6,14.0,0,15.5,2.8,-4.06,2,1.0,1.0,1.0,0.0,-1.333333333333334,14.666666666666668,12,1.0,0,0,0,0.0,1.0,14.666666666666668,6.0,1.0,1
1,17,1,9238,1,1,125.0,1,4,3,1,1,119.8,0,0,0,1,0,0,18,0,0,6,9,5,11.571428571428571,0,0,6,8,6,12.142857142857142,0,16.2,0.3,-0.92,2,0.8333333333333334,1.0,0.8333333333333334,0.16666666666666663,0.5714285714285712,11.857142857142858,11,0.9166666666666666,0,0,1,1.0,0.9166666666666666,10.869047619047619,6.0,0.8333333333333334,1
4,43,4,9991,0,12,133.1,1,37,37,9,9,153.0,0,0,0,0,0,0,40,0,0,5,10,0,0.0,0,0,5,5,0,0.0,0,7.6,2.6,0.32,0,0.0,0.0,0.0,0.0,0.0,0.0,0,0.0,0,0,2,3.0,0.0,0.0,0.0,1.0,1
1,1,2,9500,1,1,139.0,1,38,37,9,7,125.0,1,0,0,1,0,1,19,0,0,7,7,6,12.9,0,0,7,7,6,12.9,0,7.6,2.6,0.32,2,0.8571428571428571,0.8571428571428571,0.7346938775510203,0.0,0.0,12.9,12,0.8571428571428571,0,0,0,0.1428571428571429,0.8571428571428571,11.057142857142857,6.0,1.0,1
4,43,1,9500,1,1,130.0,1,37,37,9,9,103.7,0,0,0,1,0,0,38,0,1,8,12,5,13.126,1,1,8,12,5,13.126,1,10.8,1.4,1.74,1,0.625,0.625,0.390625,0.0,0.0,13.126,10,0.625,0,0,1,1.375,0.625,8.20375,5.0,1.0,1
1,7,1,9085,1,3,120.0,1,37,37,7,7,120.0,0,0,0,1,0,0,32,0,4,10,20,4,11.5,2,3,9,13,3,11.666666666666666,2,15.5,2.8,-4.06,0,0.4,0.3333333333333333,0.13333333333333333,-0.06666666666666671,0.16666666666666607,11.583333333333332,7,0.3684210526315789,-1,0,1,1.6666666666666667,0.3684210526315789,4.267543859649122,3.0,0.9333333333333333,1
1,1,1,9853,1,1,160.0,1,1,37,9,9,146.0,1,0,0,1,0,0,19,0,0,6,11,3,10.333333333333334,0,0,6,10,5,11.8,0,9.4,-0.8,-3.12,1,0.5,0.8333333333333334,0.4166666666666667,0.33333333333333337,1.4666666666666668,11.066666666666666,8,0.6666666666666666,0,0,1,1.1666666666666665,0.6666666666666666,7.377777777777777,5.0,0.6666666666666666,1
1,17,3,9070,1,1,120.0,1,3,1,4,4,116.9,1,0,0,1,0,0,19,0,0,6,6,6,13.5,0,0,6,7,6,13.428571428571429,0,8.9,1.4,3.51,2,1.0,1.0,1.0,0.0,-0.07142857142857117,13.464285714285715,12,1.0,0,0,1,1.0,1.0,13.464285714285715,6.0,1.0,1
2,39,1,9147,1,1,130.0,1,37,37,9,9,117.9,0,0,0,1,0,0,35,0,0,1,1,0,0.0,1,0,5,0,0,0.0,0,10.8,1.4,1.74,0,0.0,0.0,0.0,0.0,0.0,0.0,0,0.0,4,0,1,2.0,0.0,0.0,0.0,1.0,1
1,1,1,9147,1,1,124.0,1,38,19,3,10,128.6,1,0,0,1,0,0,20,0,0,5,5,4,12.0,0,0,4,4,2,11.5,0,7.6,2.6,0.32,1,0.8,0.5,0.4,-0.30000000000000004,-0.5,11.75,6,0.6666666666666666,-1,0,1,1.5,0.6666666666666666,7.833333333333333,2.0,0.7,1
1,17,1,9853,1,1,150.0,1,19,19,3,4,135.0,0,0,0,1,0,0,29,0,2,8,10,7,11.142857142857142,0,2,8,11,8,11.375,0,12.7,3.7,-1.7,2,0.875,1.0,0.875,0.125,0.23214285714285765,11.258928571428571,15,0.9375,0,0,1,1.0,0.9375,10.555245535714285,8.0,0.875,1
1,1,1,9991,0,1,140.0,1,37,37,9,9,124.6,0,0,0,1,0,0,29,0,0,5,11,5,11.4,0,0,5,10,4,10.25,0,15.5,2.8,-4.06,1,1.0,0.8,0.8,-0.19999999999999996,-1.1500000000000004,10.825,9,0.9,0,0,1,1.2,0.9,9.7425,4.0,0.8,1
1,1,6,9500,1,1,143.0,1,38,19,7,9,129.5,1,0,0,1,0,1,18,0,0,8,8,7,13.79857142857143,0,0,8,8,7,13.79857142857143,0,10.8,1.4,1.74,2,0.875,0.875,0.765625,0.0,0.0,13.79857142857143,14,0.875,0,0,0,0.125,0.875,12.07375,7.0,1.0,1
2,39,1,8014,0,19,100.0,1,38,19,0,10,111.3,0,0,1,0,0,0,25,0,0,6,7,6,13.333333333333334,0,0,6,6,6,13.5,0,7.6,2.6,0.32,2,1.0,1.0,1.0,0.0,0.16666666666666607,13.416666666666668,12,1.0,0,0,3,3.0,1.0,13.416666666666668,6.0,1.0,1
4,39,1,8014,0,19,133.1,1,37,37,9,9,95.0,0,0,1,0,0,0,50,0,0,6,11,0,0.0,0,0,5,6,0,0.0,0,8.9,1.4,3.51,0,0.0,0.0,0.0,0.0,0.0,0.0,0,0.0,-1,0,3,4.0,0.0,0.0,0.0,1.0,1
1,1,5,9119,1,1,132.0,1,38,19,5,3,119.1,0,0,0,1,0,0,18,0,0,5,11,0,0.0,0,0,5,8,0,0.0,0,9.4,-0.8,-3.12,0,0.0,0.0,0.0,0.0,0.0,0.0,0,0.0,0,0,1,2.0,0.0,0.0,0.0,1.0,1
1,17,1,9085,1,1,131.0,1,38,38,191,174,125.4,1,0,0,1,0,0,20,0,0,6,13,6,15.692307692307692,0,0,6,13,5,14.428571428571429,0,15.5,2.8,-4.06,2,1.0,0.8333333333333334,0.8333333333333334,-0.16666666666666663,-1.2637362637362628,15.06043956043956,11,0.9166666666666666,0,0,1,1.1666666666666665,0.9166666666666666,13.805402930402929,5.0,0.8333333333333334,1
1,16,1,9003,1,1,147.0,1,1,37,4,9,140.7,1,0,1,1,0,1,20,0,13,18,19,18,15.052631578947368,0,11,13,13,13,14.538461538461538,0,15.5,2.8,-4.06,2,1.0,1.0,1.0,0.0,-0.5141700404858298,14.795546558704453,31,1.0,-5,0,1,1.0,1.0,14.795546558704453,13.0,1.0,1
1,43,1,9991,0,1,141.0,1,37,37,9,9,131.9,0,0,0,1,0,0,21,0,6,10,20,6,11.5,0,5,10,17,5,12.4,0,9.4,-0.8,-3.12,0,0.6,0.5,0.3,-0.09999999999999998,0.9000000000000004,11.95,11,0.55,0,0,1,1.5,0.55,6.5725,5.0,0.9,1
1,39,1,9238,1,1,160.0,1,38,1,9,3,124.0,0,0,1,1,1,0,28,0,2,8,15,7,11.0,0,0,6,17,1,10.0,0,10.8,1.4,1.74,1,0.875,0.16666666666666666,0.14583333333333331,-0.7083333333333334,-1.0,10.5,8,0.5714285714285714,-2,0,2,2.8333333333333335,0.5714285714285714,6.0,1.0,0.29166666666666663,1
1,1,1,9254,1,1,135.0,1,38,37,9,7,139.2,0,0,0,1,1,1,19,0,0,6,6,6,13.0,0,0,6,6,6,13.166666666666666,0,12.4,0.5,1.79,2,1.0,1.0,1.0,0.0,0.16666666666666607,13.083333333333332,12,1.0,0,0,0,0.0,1.0,13.083333333333332,6.0,1.0,1
1,1,1,9500,1,1,133.0,1,37,37,9,7,121.8,0,0,0,1,1,1,18,0,0,8,8,8,12.93875,0,0,8,8,8,12.93875,0,9.4,-0.8,-3.12,2,1.0,1.0,1.0,0.0,0.0,12.93875,16,1.0,0,0,0,0.0,1.0,12.93875,8.0,1.0,1
1,44,1,9003,1,39,130.0,1,37,37,9,10,130.0,0,0,0,1,1,0,25,0,0,6,6,0,0.0,0,0,6,8,0,0.0,0,15.5,2.8,-4.06,0,0.0,0.0,0.0,0.0,0.0,0.0,0,0.0,0,0,1,2.0,0.0,0.0,0.0,1.0,1
2,39,1,9500,1,1,133.1,1,37,37,9,9,130.1,0,0,0,0,1,0,37,0,0,7,10,5,13.0,0,0,7,9,5,12.88,0,11.1,0.6,2.02,0,0.7142857142857143,0.7142857142857143,0.5102040816326531,0.0,-0.11999999999999922,12.940000000000001,10,0.7142857142857143,0,0,2,2.2857142857142856,0.7142857142857143,9.242857142857144,5.0,1.0,1
1,1,2,9500,1,1,149.0,1,19,1,9,9,137.8,1,0,0,1,1,0,18,0,0,8,8,7,13.0,0,0,8,8,7,13.0,0,12.7,3.7,-1.7,2,0.875,0.875,0.765625,0.0,0.0,13.0,14,0.875,0,0,1,1.125,0.875,11.375,7.0,1.0,1
1,1,1,9670,1,1,130.0,1,1,1,0,0,119.5,0,0,0,0,1,0,19,0,0,5,5,0,0.0,0,0,6,0,0,0.0,0,9.4,-0.8,-3.12,0,0.0,0.0,0.0,0.0,0.0,0.0,0,0.0,1,0,2,3.0,0.0,0.0,0.0,1.0,1
1,1,1,9238,1,1,106.0,1,1,1,3,3,105.0,0,0,0,1,1,0,20,0,0,6,9,5,11.0,0,0,6,9,5,12.166666666666666,0,11.1,0.6,2.02,2,0.8333333333333334,0.8333333333333334,0.6944444444444445,0.0,1.166666666666666,11.583333333333332,10,0.8333333333333334,0,0,1,1.1666666666666665,0.8333333333333334,9.652777777777777,5.0,1.0,1
1,1,1,171,1,1,162.0,1,37,37,9,9,142.8,1,0,0,1,1,0,21,0,0,0,0,0,0.0,0,0,0,0,0,0.0,0,12.7,3.7,-1.7,0,0.0,0.0,0.0,0.0,0.0,0.0,0,0.0,0,1,1,3.0,0.0,0.0,0.0,1.0,0
2,43,3,9991,0,1,120.0,1,37,37,9,9,128.2,1,0,0,1,1,0,32,0,0,5,5,0,0.0,0,0,5,5,0,0.0,0,7.6,2.6,0.32,0,0.0,0.0,0.0,0.0,0.0,0.0,0,0.0,0,0,1,2.0,0.0,0.0,0.0,1.0,1
2,39,1,9991,0,19,133.1,1,38,38,7,8,120.0,0,0,0,1,1,0,39,0,0,5,9,0,0.0,0,0,5,5,1,10.0,0,12.7,3.7,-1.7,0,0.0,0.2,0.0,0.2,10.0,5.0,1,0.1,0,0,1,1.8,0.1,0.5,1.0,0.8,1
1,7,1,9119,1,3,130.0,1,37,37,9,9,130.0,0,0,0,0,1,0,33,0,0,5,6,0,0.0,0,0,5,5,0,0.0,0,12.7,3.7,-1.7,0,0.0,0.0,0.0,0.0,0.0,0.0,0,0.0,0,0,2,3.0,0.0,0.0,0.0,1.0,1
1,17,2,9670,1,1,128.0,1,37,38,5,8,121.7,0,0,0,1,1,1,20,0,0,5,5,5,12.4,0,0,5,5,4,10.75,0,9.4,-0.8,-3.12,2,1.0,0.8,0.8,-0.19999999999999996,-1.6500000000000004,11.575,9,0.9,0,0,0,0.19999999999999996,0.9,10.4175,4.0,0.8,1
1,1,1,9003,1,1,124.0,1,38,19,9,7,116.0,0,0,0,1,1,0,19,0,0,6,8,6,15.5,0,0,6,10,6,14.1,0,16.2,0.3,-0.92,2,1.0,1.0,1.0,0.0,-1.4000000000000004,14.8,12,1.0,0,0,1,1.0,1.0,14.8,6.0,1.0,1
2,39,1,9991,0,1,133.1,1,37,37,5,8,133.2,0,0,0,0,1,0,43,0,0,5,13,2,11.5,0,0,5,12,3,10.8,0,13.9,-0.3,0.79,0,0.4,0.6,0.24,0.19999999999999996,-0.6999999999999993,11.15,5,0.5,0,0,2,2.4,0.5,5.575,3.0,0.8,1
1,1,2,9773,1,1,140.0,1,38,38,5,7,126.4,1,0,0,1,1,1,18,0,0,6,8,6,12.666666666666666,0,0,6,6,6,13.5,0,12.7,3.7,-1.7,2,1.0,1.0,1.0,0.0,0.8333333333333339,13.083333333333332,12,1.0,0,0,0,0.0,1.0,13.083333333333332,6.0,1.0,1
1,39,1,9070,1,1,140.0,1,37,37,9,10,118.0,0,0,1,1,1,1,45,0,0,6,6,6,13.5,0,0,6,6,0,0.0,0,16.2,0.3,-0.92,0,1.0,0.0,0.0,-1.0,-13.5,6.75,6,0.5,0,0,1,2.0,0.5,3.375,0.0,0.0,1
1,15,1,9670,1,1,160.0,1,37,12,9,9,149.5,1,0,0,0,1,0,19,0,0,6,6,6,13.0,0,0,6,8,6,13.0,0,13.9,-0.3,0.79,2,1.0,1.0,1.0,0.0,0.0,13.0,12,1.0,0,0,2,2.0,1.0,13.0,6.0,1.0,1
1,44,1,9003,1,39,130.0,1,1,3,9,6,130.0,0,0,0,1,1,1,21,0,0,6,15,6,11.714285714285714,0,0,6,8,4,11.75,0,13.9,-0.3,0.79,2,1.0,0.6666666666666666,0.6666666666666666,-0.33333333333333337,0.035714285714286476,11.732142857142858,10,0.8333333333333334,0,0,0,0.33333333333333337,0.8333333333333334,9.776785714285715,4.0,0.6666666666666666,1
1,1,1,9670,1,1,141.0,1,1,1,5,9,126.3,0,0,0,1,1,1,18,0,0,6,8,6,12.166666666666666,0,0,6,7,5,13.0,0,13.9,-0.3,0.79,2,1.0,0.8333333333333334,0.8333333333333334,-0.16666666666666663,0.8333333333333339,12.583333333333332,11,0.9166666666666666,0,0,0,0.16666666666666663,0.9166666666666666,11.534722222222221,5.0,0.8333333333333334,1
1,17,3,9147,1,1,127.0,1,37,37,5,7,116.2,0,0,0,1,1,0,18,0,0,5,10,0,0.0,1,0,5,13,0,0.0,0,9.4,-0.8,-3.12,0,0.0,0.0,0.0,0.0,0.0,0.0,0,0.0,0,0,1,2.0,0.0,0.0,0.0,1.0,1
1,17,1,9254,1,1,126.0,1,37,37,5,1,126.0,0,0,0,0,1,0,29,0,0,6,12,0,0.0,0,0,6,6,0,0.0,6,9.4,-0.8,-3.12,0,0.0,0.0,0.0,0.0,0.0,0.0,0,0.0,0,0,2,3.0,0.0,0.0,0.0,1.0,1
1,1,1,9670,1,1,131.0,1,1,1,4,9,122.3,0,0,0,1,1,0,19,0,0,5,6,5,11.5,0,0,5,5,5,11.6,0,9.4,-0.8,-3.12,2,1.0,1.0,1.0,0.0,0.09999999999999964,11.55,10,1.0,0,0,1,1.0,1.0,11.55,5.0,1.0,1
1,44,1,9070,1,39,130.0,1,1,1,9,9,131.8,0,0,0,1,1,1,22,0,2,7,7,7,12.285714285714286,0,5,9,10,8,12.375,0,12.4,0.5,1.79,2,1.0,0.8888888888888888,0.8888888888888888,-0.11111111111111116,0.08928571428571352,12.330357142857142,15,0.9375,2,0,0,0.11111111111111116,0.9375,11.559709821428571,8.0,0.8888888888888888,1
1,44,1,9130,1,39,140.0,1,1,19,4,7,140.0,0,0,0,1,1,0,20,0,2,6,12,5,12.4,0,1,6,11,2,15.0,0,13.9,-0.3,0.79,1,0.8333333333333334,0.3333333333333333,0.2777777777777778,-0.5,2.5999999999999996,13.7,7,0.5833333333333334,0,0,1,1.6666666666666667,0.5833333333333334,7.991666666666667,2.0,0.5,1
4,39,1,9670,1,19,133.1,1,37,37,9,7,130.0,0,0,1,1,1,1,29,0,0,6,16,1,14.0,0,0,6,7,0,0.0,0,11.1,0.6,2.02,0,0.16666666666666666,0.0,0.0,-0.16666666666666666,-14.0,7.0,1,0.08333333333333333,0,0,1,2.0,0.08333333333333333,0.5833333333333333,0.0,0.8333333333333334,1
1,43,1,9773,1,1,121.0,1,1,1,4,5,121.0,1,0,0,1,1,0,23,0,0,6,15,1,13.0,0,0,6,8,4,11.25,0,9.4,-0.8,-3.12,1,0.16666666666666666,0.6666666666666666,0.1111111111111111,0.5,-1.75,12.125,5,0.4166666666666667,0,0,1,1.3333333333333335,0.4166666666666667,5.052083333333334,4.0,0.5,1
1,17,1,171,1,1,123.0,1,3,12,2,9,116.4,1,0,1,1,1,0,19,0,0,0,0,0,0.0,0,0,0,0,0,0.0,0,10.8,1.4,1.74,0,0.0,0.0,0.0,0.0,0.0,0.0,0,0.0,0,1,2,4.0,0.0,0.0,0.0,1.0,0
1,1,1,9119,1,1,136.0,1,38,38,9,9,121.7,1,0,0,1,1,0,18,0,0,5,10,0,0.0,0,0,5,11,1,12.0,3,7.6,2.6,0.32,0,0.0,0.2,0.0,0.2,12.0,6.0,1,0.1,0,0,1,1.8,0.1,0.6000000000000001,1.0,0.8,1
2,42,1,9254,1,1,136.0,1,2,2,134,112,130.0,1,0,0,1,1,0,22,0,2,6,13,4,11.5,0,2,6,12,2,12.5,0,7.6,2.6,0.32,0,0.6666666666666666,0.3333333333333333,0.2222222222222222,-0.3333333333333333,1.0,12.0,6,0.5,0,0,1,1.6666666666666667,0.5,6.0,2.0,0.6666666666666667,1
1,43,1,9991,0,1,120.0,1,37,37,9,9,120.0,1,0,1,1,1,0,34,0,6,10,10,7,11.714285714285714,0,4,10,10,6,11.5,0,10.8,1.4,1.74,0,0.7,0.6,0.42,-0.09999999999999998,-0.21428571428571352,11.607142857142858,13,0.65,0,0,2,2.4,0.65,7.544642857142858,6.0,0.9,1
1,43,1,9991,0,4,160.0,1,3,3,2,1,125.0,0,0,0,1,1,0,26,0,0,5,7,5,12.6,0,0,5,7,5,13.714285714285714,0,13.9,-0.3,0.79,2,1.0,1.0,1.0,0.0,1.1142857142857139,13.157142857142857,10,1.0,0,0,1,1.0,1.0,13.157142857142857,5.0,1.0,1
1,1,1,9670,1,1,146.0,1,1,1,9,8,149.5,1,0,0,1,1,1,17,0,0,6,8,6,14.875,0,0,6,8,6,13.428571428571429,0,11.1,0.6,2.02,2,1.0,1.0,1.0,0.0,-1.4464285714285712,14.151785714285715,12,1.0,0,0,0,0.0,1.0,14.151785714285715,6.0,1.0,1
1,43,4,9670,1,1,117.0,1,3,3,4,4,113.2,0,0,0,1,1,0,21,0,0,5,11,2,10.0,0,0,5,10,3,10.333333333333334,0,9.4,-0.8,-3.12,1,0.4,0.6,0.24,0.19999999999999996,0.3333333333333339,10.166666666666668,5,0.5,0,0,1,1.4,0.5,5.083333333333334,3.0,0.8,1
1,44,1,9003,1,39,140.0,1,19,38,6,7,140.0,1,0,0,1,1,0,19,0,0,6,8,6,12.714285714285714,0,0,6,9,6,13.5,0,12.4,0.5,1.79,2,1.0,1.0,1.0,0.0,0.7857142857142865,13.107142857142858,12,1.0,0,0,1,1.0,1.0,13.107142857142858,6.0,1.0,1
2,39,1,9003,1,1,111.0,1,1,3,4,2,162.4,0,0,1,0,1,0,49,0,4,12,16,5,11.6,0,2,7,7,5,11.2,0,8.9,1.4,3.51,0,0.4166666666666667,0.7142857142857143,0.2976190476190476,0.2976190476190476,-0.40000000000000036,11.399999999999999,10,0.5263157894736842,-5,0,3,3.2857142857142856,0.5263157894736842,5.999999999999999,5.0,0.7023809523809523,1
1,1,3,9670,1,1,106.0,1,3,1,2,3,105.7,1,0,0,1,1,0,19,0,0,6,6,6,13.333333333333334,0,0,6,9,5,13.8,0,8.9,1.4,3.51,2,1.0,0.8333333333333334,0.8333333333333334,-0.16666666666666663,0.4666666666666668,13.566666666666666,11,0.9166666666666666,0,0,1,1.1666666666666665,0.9166666666666666,12.43611111111111,5.0,0.8333333333333334,1
1,1,1,9147,1,1,151.0,1,1,38,4,7,137.0,1,0,0,1,1,0,18,0,0,5,5,5,13.4,0,0,5,5,5,15.0,0,8.9,1.4,3.51,2,1.0,1.0,1.0,0.0,1.5999999999999996,14.2,10,1.0,0,0,1,1.0,1.0,14.2,5.0,1.0,1
2,39,1,9254,1,19,133.1,1,34,34,0,0,120.0,0,0,1,0,1,0,45,0,0,6,12,0,0.0,0,0,6,12,0,0.0,0,9.4,-0.8,-3.12,0,0.0,0.0,0.0,0.0,0.0,0.0,0,0.0,0,0,3,4.0,0.0,0.0,0.0,1.0,1
1,39,1,9991,0,1,120.0,1,34,34,0,0,120.5,1,0,0,1,1,0,30,0,0,5,5,2,11.0,0,0,5,5,0,0.0,0,7.6,2.6,0.32,0,0.4,0.0,0.0,-0.4,-11.0,5.5,2,0.2,0,0,1,2.0,0.2,1.1,0.0,0.6,1
1,39,1,9991,0,1,110.0,1,37,37,9,9,139.0,0,0,0,1,1,0,40,0,0,5,0,0,0.0,0,0,5,0,0,0.0,0,12.7,3.7,-1.7,0,0.0,0.0,0.0,0.0,0.0,0.0,0,0.0,0,0,1,2.0,0.0,0.0,0.0,1.0,1
1,39,2,9147,1,19,133.1,1,38,19,4,10,116.3,0,0,0,0,1,0,32,0,0,5,5,0,0.0,0,0,5,9,0,0.0,0,10.8,1.4,1.74,0,0.0,0.0,0.0,0.0,0.0,0.0,0,0.0,0,0,2,3.0,0.0,0.0,0.0,1.0,1
1,1,1,9070,1,1,139.0,1,1,19,3,9,134.9,1,0,0,1,1,0,20,0,0,6,7,6,13.666666666666666,0,0,6,7,6,12.166666666666666,1,16.2,0.3,-0.92,2,1.0,1.0,1.0,0.0,-1.5,12.916666666666666,12,1.0,0,0,1,1.0,1.0,12.916666666666666,6.0,1.0,1
1,17,1,9119,1,1,130.0,1,1,3,4,2,123.0,0,0,0,1,1,0,18,0,0,5,10,1,10.0,0,0,5,7,0,0.0,0,9.4,-0.8,-3.12,0,0.2,0.0,0.0,-0.2,-10.0,5.0,1,0.1,0,0,1,2.0,0.1,0.5,0.0,0.8,1
1,17,1,9085,1,1,120.0,1,19,38,4,8,122.5,0,0,0,0,1,0,19,0,0,6,11,5,13.6,0,0,6,11,5,13.666666666666666,0,11.1,0.6,2.02,1,0.8333333333333334,0.8333333333333334,0.6944444444444445,0.0,0.06666666666666643,13.633333333333333,10,0.8333333333333334,0,0,2,2.1666666666666665,0.8333333333333334,11.36111111111111,5.0,1.0,1
1,17,3,9500,1,1,156.0,1,19,37,4,9,132.3,1,0,0,1,1,1,18,0,0,7,7,6,13.266666666666666,0,0,7,7,6,13.266666666666666,0,7.6,2.6,0.32,2,0.8571428571428571,0.8571428571428571,0.7346938775510203,0.0,0.0,13.266666666666666,12,0.8571428571428571,0,0,0,0.1428571428571429,0.8571428571428571,11.37142857142857,6.0,1.0,1
1,17,4,9500,1,1,143.0,1,19,38,9,6,131.5,1,0,0,1,1,1,18,0,0,7,8,7,12.5125,0,0,8,8,8,14.1875,0,13.9,-0.3,0.79,2,1.0,1.0,1.0,0.0,1.6750000000000007,13.35,15,1.0,1,0,0,0.0,1.0,13.35,8.0,1.0,1
2,43,1,9130,1,9,133.1,1,34,34,0,0,128.2,0,0,0,1,1,0,28,0,0,5,9,0,0.0,0,0,5,5,0,0.0,0,7.6,2.6,0.32,0,0.0,0.0,0.0,0.0,0.0,0.0,0,0.0,0,0,1,2.0,0.0,0.0,0.0,1.0,1
1,39,1,9670,1,1,140.0,1,37,37,9,9,148.0,1,0,0,0,1,0,31,0,0,6,14,0,0.0,0,0,6,6,0,0.0,0,12.7,3.7,-1.7,0,0.0,0.0,0.0,0.0,0.0,0.0,0,0.0,0,0,2,3.0,0.0,0.0,0.0,1.0,1
1,1,1,9500,1,1,127.0,1,2,19,3,9,121.5,0,0,0,1,1,0,23,0,0,7,7,6,13.483333333333334,0,0,7,7,6,13.483333333333334,0,7.6,2.6,0.32,2,0.8571428571428571,0.8571428571428571,0.7346938775510203,0.0,0.0,13.483333333333334,12,0.8571428571428571,0,0,1,1.1428571428571428,0.8571428571428571,11.557142857142857,6.0,1.0,1
1,39,1,9238,1,19,133.1,1,37,37,9,9,139.0,0,0,1,0,1,0,33,0,0,6,8,0,0.0,0,0,5,6,0,0.0,0,16.2,0.3,-0.92,0,0.0,0.0,0.0,0.0,0.0,0.0,0,0.0,-1,0,3,4.0,0.0,0.0,0.0,1.0,1
1,44,1,9085,1,39,150.0,1,38,38,4,1,150.0,1,0,0,1,1,0,20,0,1,6,11,6,13.8,0,1,6,7,6,13.142857142857142,0,16.2,0.3,-0.92,2,1.0,1.0,1.0,0.0,-0.6571428571428584,13.471428571428572,12,1.0,0,0,1,1.0,1.0,13.471428571428572,6.0,1.0,1
1,39,1,9003,1,1,130.0,1,1,1,9,4,140.0,0,0,0,0,1,0,25,0,0,6,0,0,0.0,0,0,6,0,0,0.0,0,13.9,-0.3,0.79,0,0.0,0.0,0.0,0.0,0.0,0.0,0,0.0,0,0,2,3.0,0.0,0.0,0.0,1.0,1
1,1,1,9670,1,1,141.0,1,2,1,2,4,140.7,1,0,0,1,1,0,20,0,0,5,5,5,12.6,0,0,5,6,4,14.5,1,7.6,2.6,0.32,2,1.0,0.8,0.8,-0.19999999999999996,1.9000000000000004,13.55,9,0.9,0,0,1,1.2,0.9,12.195,4.0,0.8,1
1,17,5,9773,1,1,146.0,1,1,37,5,5,146.7,1,0,0,1,1,0,19,0,0,6,7,6,13.833333333333334,0,0,6,8,6,13.625,0,7.6,2.6,0.32,2,1.0,1.0,1.0,0.0,-0.20833333333333393,13.729166666666668,12,1.0,0,0,1,1.0,1.0,13.729166666666668,6.0,1.0,1
1,39,1,9130,1,19,133.1,1,34,34,99,99,96.0,0,0,0,1,1,0,31,0,0,5,5,0,0.0,0,0,5,5,0,0.0,0,7.6,2.6,0.32,0,0.0,0.0,0.0,0.0,0.0,0.0,0,0.0,0,0,1,2.0,0.0,0.0,0.0,1.0,1
1,44,1,9119,1,39,160.0,1,3,38,2,3,160.0,0,0,1,0,1,0,24,0,2,6,6,2,16.0,0,2,7,7,2,16.0,0,8.9,1.4,3.51,0,0.3333333333333333,0.2857142857142857,0.09523809523809523,-0.047619047619047616,0.0,16.0,4,0.3076923076923077,1,0,3,3.7142857142857144,0.3076923076923077,4.923076923076923,2.0,0.9523809523809523,1
1,44,1,9119,1,39,130.0,1,19,3,3,4,130.0,0,0,1,0,1,0,23,0,0,5,5,0,0.0,0,0,5,5,0,0.0,0,15.5,2.8,-4.06,0,0.0,0.0,0.0,0.0,0.0,0.0,0,0.0,0,0,3,4.0,0.0,0.0,0.0,1.0,1
2,39,1,9991,0,1,160.0,1,1,3,1,2,130.0,0,0,0,0,1,1,26,0,0,5,12,3,10.666666666666666,0,0,5,11,3,10.666666666666666,0,9.4,-0.8,-3.12,0,0.6,0.6,0.36,0.0,0.0,10.666666666666666,6,0.6,0,0,1,1.4,0.6,6.3999999999999995,3.0,1.0,1
2,43,1,9070,1,2,140.0,1,37,37,6,6,140.0,1,0,0,1,1,0,38,0,14,18,18,18,14.5,0,13,18,18,18,14.5,0,16.2,0.3,-0.92,2,1.0,1.0,1.0,0.0,0.0,14.5,36,1.0,0,0,1,1.0,1.0,14.5,18.0,1.0,1
1,1,6,9119,1,1,126.0,1,19,19,7,3,116.6,1,0,0,1,1,1,20,0,0,5,6,5,14.0,0,0,5,7,5,13.8,0,8.9,1.4,3.51,2,1.0,1.0,1.0,0.0,-0.1999999999999993,13.9,10,1.0,0,0,0,0.0,1.0,13.9,5.0,1.0,1
1,17,5,9119,1,1,118.0,1,1,19,9,9,120.5,1,0,0,1,1,0,20,0,0,5,10,3,13.333333333333334,0,0,5,11,5,13.571428571428571,0,12.4,0.5,1.79,2,0.6,1.0,0.6,0.4,0.23809523809523725,13.452380952380953,8,0.8,0,0,1,1.0,0.8,10.761904761904763,5.0,0.6,1
1,39,1,9085,1,19,133.1,1,3,1,2,5,103.0,0,0,0,1,1,0,25,0,0,6,0,0,0.0,0,0,6,0,0,0.0,0,10.8,1.4,1.74,0,0.0,0.0,0.0,0.0,0.0,0.0,0,0.0,0,0,1,2.0,0.0,0.0,0.0,1.0,1
1,17,2,9070,1,1,121.0,1,1,19,144,144,111.9,1,0,0,1,1,0,19,0,0,6,9,5,12.0,0,0,6,10,4,11.2,0,8.9,1.4,3.51,2,0.8333333333333334,0.6666666666666666,0.5555555555555556,-0.16666666666666674,-0.8000000000000007,11.6,9,0.75,0,0,1,1.3333333333333335,0.75,8.7,4.0,0.8333333333333333,1
1,17,1,9119,1,1,148.0,1,1,38,4,5,148.7,0,0,0,1,1,0,18,0,0,5,6,5,16.2,0,0,5,8,5,16.0,0,8.9,1.4,3.51,2,1.0,1.0,1.0,0.0,-0.1999999999999993,16.1,10,1.0,0,0,1,1.0,1.0,16.1,5.0,1.0,1
1,43,1,9991,0,12,133.1,1,12,12,9,9,120.0,0,0,0,1,1,0,28,0,7,13,13,7,10.285714285714286,0,5,11,13,5,10.6,0,10.8,1.4,1.74,0,0.5384615384615384,0.45454545454545453,0.24475524475524474,-0.0839160839160839,0.31428571428571317,10.442857142857143,12,0.5,-2,0,1,1.5454545454545454,0.5,5.2214285714285715,5.0,0.916083916083916,1
1,1,1,9254,1,1,132.0,1,1,38,9,9,120.1,1,0,0,1,1,1,20,0,0,6,7,6,13.571428571428571,0,0,6,8,6,13.166666666666666,0,8.9,1.4,3.51,2,1.0,1.0,1.0,0.0,-0.4047619047619051,13.369047619047619,12,1.0,0,0,0,0.0,1.0,13.369047619047619,6.0,1.0,1
1,1,1,9130,1,1,140.0,1,4,3,3,3,127.8,0,0,0,1,1,0,18,0,0,6,7,6,14.285714285714286,0,0,6,9,6,14.857142857142858,0,11.1,0.6,2.02,2,1.0,1.0,1.0,0.0,0.5714285714285712,14.571428571428573,12,1.0,0,0,1,1.0,1.0,14.571428571428573,6.0,1.0,1
1,17,3,9147,1,1,112.0,1,1,1,3,3,106.4,1,0,0,1,1,0,19,0,0,5,7,5,10.2,0,0,5,6,4,10.5,0,12.4,0.5,1.79,2,1.0,0.8,0.8,-0.19999999999999996,0.3000000000000007,10.35,9,0.9,0,0,1,1.2,0.9,9.315,4.0,0.8,1
1,42,1,9500,1,1,100.0,1,19,19,9,9,100.0,0,0,1,1,1,0,24,0,0,8,16,2,10.25,1,0,8,16,2,10.25,1,12.7,3.7,-1.7,0,0.25,0.25,0.0625,0.0,0.0,10.25,4,0.25,0,0,2,2.75,0.25,2.5625,2.0,1.0,1
1,17,4,9085,1,1,126.0,1,1,3,5,5,123.9,1,0,0,1,1,0,21,0,0,6,0,0,0.0,0,0,6,0,0,0.0,0,10.8,1.4,1.74,0,0.0,0.0,0.0,0.0,0.0,0.0,0,0.0,0,0,1,2.0,0.0,0.0,0.0,1.0,1
1,1,1,9670,1,1,150.0,1,3,37,4,7,139.5,0,0,0,1,1,1,20,0,0,6,7,6,14.833333333333334,0,0,6,6,6,14.833333333333334,0,12.7,3.7,-1.7,2,1.0,1.0,1.0,0.0,0.0,14.833333333333334,12,1.0,0,0,0,0.0,1.0,14.833333333333334,6.0,1.0,1
1,44,1,9003,1,39,150.0,1,19,1,9,8,150.0,1,0,0,1,1,0,21,0,0,6,12,5,13.625,0,0,6,6,5,12.6,0,13.9,-0.3,0.79,2,0.8333333333333334,0.8333333333333334,0.6944444444444445,0.0,-1.0250000000000004,13.1125,10,0.8333333333333334,0,0,1,1.1666666666666665,0.8333333333333334,10.927083333333334,5.0,1.0,1
2,1,1,9556,1,1,144.0,1,19,19,193,144,139.8,0,0,1,1,1,0,24,0,0,7,7,7,12.271428571428572,0,0,8,10,7,13.657142857142857,0,10.8,1.4,1.74,2,1.0,0.875,0.875,-0.125,1.3857142857142843,12.964285714285715,14,0.9333333333333333,1,0,2,2.125,0.9333333333333333,12.100000000000001,7.0,0.875,1
1,39,1,9991,0,1,133.1,1,38,37,9,9,154.4,0,0,0,1,1,0,27,0,0,5,0,0,0.0,0,0,5,0,0,0.0,0,10.8,1.4,1.74,0,0.0,0.0,0.0,0.0,0.0,0.0,0,0.0,0,0,1,2.0,0.0,0.0,0.0,1.0,1
1,39,1,8014,0,1,133.1,1,3,19,4,7,119.0,0,0,0,1,1,0,39,0,3,9,10,9,13.22222222222222,0,2,7,8,7,13.142857142857142,0,8.9,1.4,3.51,2,1.0,1.0,1.0,0.0,-0.0793650793650773,13.18253968253968,16,1.0,-2,0,1,1.0,1.0,13.18253968253968,7.0,1.0,1
1,39,1,33,1,1,133.1,1,19,37,9,9,96.1,0,0,0,1,1,0,25,0,0,7,13,2,15.0,0,0,7,12,2,11.5,0,12.4,0.5,1.79,0,0.2857142857142857,0.2857142857142857,0.08163265306122448,0.0,-3.5,13.25,4,0.2857142857142857,0,0,1,1.7142857142857144,0.2857142857142857,3.7857142857142856,2.0,1.0,1
1,7,1,171,1,3,130.0,1,1,2,9,2,130.0,0,0,0,0,1,0,18,0,0,0,0,0,0.0,0,0,0,0,0,0.0,0,9.4,-0.8,-3.12,0,0.0,0.0,0.0,0.0,0.0,0.0,0,0.0,0,1,2,4.0,0.0,0.0,0.0,1.0,0
1,43,1,9070,1,1,133.0,1,1,2,9,2,128.8,0,0,0,1,1,0,19,0,6,12,12,12,13.166666666666666,0,6,12,12,12,13.0,0,10.8,1.4,1.74,2,1.0,1.0,1.0,0.0,-0.16666666666666607,13.083333333333332,24,1.0,0,0,1,1.0,1.0,13.083333333333332,12.0,1.0,1
1,18,1,9773,1,1,124.0,1,38,37,9,8,126.8,0,0,0,1,1,1,21,0,0,6,8,5,13.833333333333334,0,0,6,6,4,14.0,0,13.9,-0.3,0.79,2,0.8333333333333334,0.6666666666666666,0.5555555555555556,-0.16666666666666674,0.16666666666666607,13.916666666666668,9,0.75,0,0,0,0.33333333333333337,0.75,10.4375,4.0,0.8333333333333333,1
1,7,1,9991,0,40,130.0,1,1,3,4,2,130.0,0,0,0,1,1,0,27,0,0,5,0,0,0.0,0,0,5,0,0,0.0,0,8.9,1.4,3.51,0,0.0,0.0,0.0,0.0,0.0,0.0,0,0.0,0,0,1,2.0,0.0,0.0,0.0,1.0,1
1,1,3,9773,1,1,127.0,1,19,38,8,3,133.7,1,0,1,1,1,0,18,0,0,6,6,6,13.0,0,0,6,7,5,11.8,0,12.7,3.7,-1.7,0,1.0,0.8333333333333334,0.8333333333333334,-0.16666666666666663,-1.1999999999999993,12.4,11,0.9166666666666666,0,0,2,2.1666666666666665,0.9166666666666666,11.366666666666667,5.0,0.8333333333333334,1
1,1,1,9130,1,1,130.0,1,2,3,9,1,117.6,0,0,0,1,1,0,19,0,0,5,14,2,11.5,2,0,5,8,5,11.4,3,9.4,-0.8,-3.12,1,0.4,1.0,0.4,0.6,-0.09999999999999964,11.45,7,0.7,0,0,1,1.0,0.7,8.014999999999999,5.0,0.4,1
1,44,1,9003,1,39,140.0,1,19,38,9,10,140.0,0,0,0,1,1,0,19,0,0,6,15,3,13.25,0,0,6,9,1,12.0,0,13.9,-0.3,0.79,0,0.5,0.16666666666666666,0.08333333333333333,-0.33333333333333337,-1.25,12.625,4,0.3333333333333333,0,0,1,1.8333333333333335,0.3333333333333333,4.208333333333333,1.0,0.6666666666666666,1
1,44,1,9003,1,39,150.0,1,19,1,1,1,150.0,0,0,0,1,1,0,22,0,0,6,12,3,13.333333333333334,0,0,6,12,3,12.75,0,15.5,2.8,-4.06,1,0.5,0.5,0.25,0.0,-0.5833333333333339,13.041666666666668,6,0.5,0,0,1,1.5,0.5,6.520833333333334,3.0,1.0,1
1,16,2,9238,1,1,133.0,1,19,38,4,5,133.7,1,0,0,1,0,0,18,0,0,6,6,6,13.5,0,0,6,6,6,12.166666666666666,0,10.8,1.4,1.74,2,1.0,1.0,1.0,0.0,-1.333333333333334,12.833333333333332,12,1.0,0,0,1,1.0,1.0,12.833333333333332,6.0,1.0,1
1,16,4,9773,1,1,109.0,1,37,37,9,3,137.0,1,0,0,1,0,1,18,0,0,6,7,6,12.666666666666666,0,0,6,8,5,12.8,0,10.8,1.4,1.74,2,1.0,0.8333333333333334,0.8333333333333334,-0.16666666666666663,0.13333333333333464,12.733333333333334,11,0.9166666666666666,0,0,0,0.16666666666666663,0.9166666666666666,11.672222222222222,5.0,0.8333333333333334,1
1,18,4,171,1,1,133.0,1,1,4,9,5,129.2,1,0,1,0,1,0,20,0,0,0,0,0,0.0,0,0,0,0,0,0.0,0,9.4,-0.8,-3.12,0,0.0,0.0,0.0,0.0,0.0,0.0,0,0.0,0,1,3,5.0,0.0,0.0,0.0,1.0,0
1,17,3,9773,1,1,134.0,1,2,1,3,3,129.5,1,0,0,1,1,0,18,0,0,6,7,6,13.166666666666666,0,0,6,7,6,12.666666666666666,0,16.2,0.3,-0.92,2,1.0,1.0,1.0,0.0,-0.5,12.916666666666666,12,1.0,0,0,1,1.0,1.0,12.916666666666666,6.0,1.0,1
1,1,4,9773,1,1,125.0,1,19,19,9,7,129.6,1,0,0,1,1,0,18,0,0,6,6,6,12.833333333333334,0,0,6,8,6,12.833333333333334,0,12.4,0.5,1.79,2,1.0,1.0,1.0,0.0,0.0,12.833333333333334,12,1.0,0,0,1,1.0,1.0,12.833333333333334,6.0,1.0,1
1,17,3,9119,1,1,135.0,1,1,19,141,193,121.7,1,0,0,1,1,0,18,0,0,5,7,5,11.8,0,0,5,9,3,12.0,0,8.9,1.4,3.51,1,1.0,0.6,0.6,-0.4,0.1999999999999993,11.9,8,0.8,0,0,1,1.4,0.8,9.520000000000001,3.0,0.6,1
1,17,2,9773,1,1,132.0,1,19,1,9,9,141.8,1,0,0,1,1,0,20,0,0,6,6,6,11.833333333333334,0,0,6,6,6,12.166666666666666,0,12.7,3.7,-1.7,2,1.0,1.0,1.0,0.0,0.33333333333333215,12.0,12,1.0,0,0,1,1.0,1.0,12.0,6.0,1.0,1
1,44,1,9070,1,39,100.0,1,1,1,4,4,106.0,0,0,0,1,1,0,21,0,2,7,7,5,11.8,0,5,9,9,5,11.0,0,12.4,0.5,1.79,0,0.7142857142857143,0.5555555555555556,0.39682539682539686,-0.15873015873015872,-0.8000000000000007,11.4,10,0.625,2,0,1,1.4444444444444444,0.625,7.125,5.0,0.8412698412698413,1
1,44,1,9119,1,39,130.0,1,38,19,9,5,130.0,1,0,0,1,1,0,19,0,0,5,9,2,12.5,0,0,5,10,3,11.6,0,12.4,0.5,1.79,1,0.4,0.6,0.24,0.19999999999999996,-0.9000000000000004,12.05,5,0.5,0,0,1,1.4,0.5,6.025,3.0,0.8,1
1,17,1,9670,1,1,117.0,1,1,1,4,4,117.7,1,0,0,1,1,0,20,0,0,6,9,6,14.666666666666666,0,0,6,7,6,13.857142857142858,0,8.9,1.4,3.51,2,1.0,1.0,1.0,0.0,-0.8095238095238084,14.261904761904763,12,1.0,0,0,1,1.0,1.0,14.261904761904763,6.0,1.0,1
1,1,1,9119,1,1,132.0,1,1,12,3,3,133.1,1,0,0,1,1,0,19,0,0,5,7,3,12.0,0,0,6,10,2,10.5,0,11.1,0.6,2.02,0,0.6,0.3333333333333333,0.19999999999999998,-0.26666666666666666,-1.5,11.25,5,0.45454545454545453,1,0,1,1.6666666666666667,0.45454545454545453,5.113636363636363,2.0,0.7333333333333334,1
1,17,1,9670,1,1,132.0,1,19,1,5,4,119.1,0,0,1,1,1,0,18,0,0,6,6,3,12.666666666666666,0,0,6,11,4,11.142857142857142,0,10.8,1.4,1.74,0,0.5,0.6666666666666666,0.3333333333333333,0.16666666666666663,-1.5238095238095237,11.904761904761905,7,0.5833333333333334,0,0,2,2.3333333333333335,0.5833333333333334,6.944444444444445,4.0,0.8333333333333334,1
1,1,1,9119,1,1,148.0,1,19,19,9,8,129.8,0,0,0,0,1,1,18,0,0,5,6,5,15.0,0,0,5,6,5,14.2,0,8.9,1.4,3.51,1,1.0,1.0,1.0,0.0,-0.8000000000000007,14.6,10,1.0,0,0,1,1.0,1.0,14.6,5.0,1.0,1
1,17,5,9773,1,1,143.0,1,1,1,7,7,136.7,1,0,0,1,0,0,18,0,0,6,6,6,12.5,0,0,6,6,6,13.833333333333334,0,8.9,1.4,3.51,2,1.0,1.0,1.0,0.0,1.333333333333334,13.166666666666668,12,1.0,0,0,1,1.0,1.0,13.166666666666668,6.0,1.0,1
1,17,1,9238,1,1,143.0,1,19,37,9,9,126.2,1,0,0,1,0,1,21,0,0,6,7,6,13.333333333333334,0,0,6,7,6,13.5,0,12.4,0.5,1.79,2,1.0,1.0,1.0,0.0,0.16666666666666607,13.416666666666668,12,1.0,0,0,0,0.0,1.0,13.416666666666668,6.0,1.0,1
1,1,1,9500,1,1,141.0,1,1,19,3,3,131.9,1,0,0,1,0,1,18,0,0,7,7,7,15.101428571428572,0,0,8,8,8,16.09375,0,11.1,0.6,2.02,2,1.0,1.0,1.0,0.0,0.9923214285714277,15.597589285714285,15,1.0,1,0,0,0.0,1.0,15.597589285714285,8.0,1.0,1
1,1,2,9238,1,1,140.0,1,19,37,9,9,140.7,1,0,0,1,0,1,18,0,0,6,6,6,13.166666666666666,0,0,6,6,6,16.0,0,10.8,1.4,1.74,2,1.0,1.0,1.0,0.0,2.833333333333334,14.583333333333332,12,1.0,0,0,0,0.0,1.0,14.583333333333332,6.0,1.0,1
1,18,6,8014,0,1,134.0,1,3,19,2,4,120.7,1,0,0,1,0,0,23,0,0,6,8,4,11.0,0,0,6,6,0,0.0,0,13.9,-0.3,0.79,0,0.6666666666666666,0.0,0.0,-0.6666666666666666,-11.0,5.5,4,0.3333333333333333,0,0,1,2.0,0.3333333333333333,1.8333333333333333,0.0,0.33333333333333337,1
1,1,1,9238,1,1,135.0,1,19,38,7,5,121.0,0,0,0,1,0,0,20,0,0,6,13,1,10.0,0,0,6,13,1,13.0,0,9.4,-0.8,-3.12,1,0.16666666666666666,0.16666666666666666,0.027777777777777776,0.0,3.0,11.5,2,0.16666666666666666,0,0,1,1.8333333333333335,0.16666666666666666,1.9166666666666665,1.0,1.0,1
1,17,1,8014,0,1,119.0,1,34,34,0,0,112.4,1,0,0,1,0,0,26,0,4,7,15,7,11.571428571428571,0,2,6,14,2,11.0,0,7.6,2.6,0.32,0,1.0,0.3333333333333333,0.3333333333333333,-0.6666666666666667,-0.5714285714285712,11.285714285714285,9,0.6923076923076923,-1,0,1,1.6666666666666667,0.6923076923076923,7.813186813186812,2.0,0.33333333333333326,1
1,1,3,9500,1,1,108.0,1,19,1,9,3,107.8,1,0,0,1,0,1,20,0,0,7,10,6,12.357142857142858,0,0,8,9,7,13.0,0,13.9,-0.3,0.79,2,0.8571428571428571,0.875,0.75,0.017857142857142905,0.6428571428571423,12.678571428571429,13,0.8666666666666667,1,0,0,0.125,0.8666666666666667,10.988095238095239,7.0,0.9821428571428571,1
1,1,3,9773,1,1,117.0,1,38,19,7,7,110.4,1,0,1,0,0,0,19,0,0,6,7,6,12.166666666666666,0,0,6,10,2,10.333333333333334,0,16.2,0.3,-0.92,0,1.0,0.3333333333333333,0.3333333333333333,-0.6666666666666667,-1.8333333333333321,11.25,8,0.6666666666666666,0,0,3,3.666666666666667,0.6666666666666666,7.5,2.0,0.33333333333333326,1
1,39,1,9254,1,1,170.0,1,37,37,4,6,138.3,0,0,0,1,0,0,33,0,5,10,14,9,12.416666666666666,0,5,9,14,7,13.0,0,10.8,1.4,1.74,2,0.9,0.7777777777777778,0.7000000000000001,-0.12222222222222223,0.5833333333333339,12.708333333333332,16,0.8421052631578947,-1,0,1,1.2222222222222223,0.8421052631578947,10.701754385964911,7.0,0.8777777777777778,1
1,1,2,9085,1,1,157.0,1,3,38,4,6,142.3,0,0,0,1,0,0,18,0,0,5,7,4,12.75,0,0,5,6,4,12.75,0,7.6,2.6,0.32,2,0.8,0.8,0.6400000000000001,0.0,0.0,12.75,8,0.8,0,0,1,1.2,0.8,10.200000000000001,4.0,1.0,1
1,42,1,9500,1,6,141.0,1,37,1,9,4,145.0,0,0,0,1,0,0,21,0,12,21,33,18,14.933333333333334,12,12,21,33,18,14.933333333333334,12,7.6,2.6,0.32,2,0.8571428571428571,0.8571428571428571,0.7346938775510203,0.0,0.0,14.933333333333334,36,0.8571428571428571,0,0,1,1.1428571428571428,0.8571428571428571,12.799999999999999,18.0,1.0,1
1,1,1,9773,1,1,125.0,1,3,19,2,3,125.7,1,0,0,1,0,0,19,0,0,6,6,6,13.0,0,0,6,7,6,11.666666666666666,0,8.9,1.4,3.51,2,1.0,1.0,1.0,0.0,-1.333333333333334,12.333333333333332,12,1.0,0,0,1,1.0,1.0,12.333333333333332,6.0,1.0,1
2,1,4,9500,1,1,143.0,1,38,38,5,5,128.7,1,0,0,1,0,0,18,0,0,7,10,7,14.455000000000002,0,0,8,8,8,13.91,0,15.5,2.8,-4.06,2,1.0,1.0,1.0,0.0,-0.5450000000000017,14.182500000000001,15,1.0,1,0,1,1.0,1.0,14.182500000000001,8.0,1.0,1
1,1,1,9670,1,1,142.0,1,1,19,4,4,128.0,0,0,0,1,0,1,18,0,0,6,8,6,14.0,0,0,6,7,6,13.285714285714286,0,11.1,0.6,2.02,2,1.0,1.0,1.0,0.0,-0.7142857142857135,13.642857142857142,12,1.0,0,0,0,0.0,1.0,13.642857142857142,6.0,1.0,1
1,1,3,9773,1,1,150.0,1,19,38,4,4,146.5,1,0,0,1,0,1,20,0,0,6,6,6,13.5,0,0,6,7,6,12.666666666666666,0,11.1,0.6,2.02,2,1.0,1.0,1.0,0.0,-0.8333333333333339,13.083333333333332,12,1.0,0,0,0,0.0,1.0,13.083333333333332,6.0,1.0,1
1,1,2,9254,1,1,112.0,1,37,37,6,6,106.1,1,0,0,0,0,0,20,0,0,6,0,0,0.0,0,0,6,0,0,0.0,0,11.1,0.6,2.02,0,0.0,0.0,0.0,0.0,0.0,0.0,0,0.0,0,0,2,3.0,0.0,0.0,0.0,1.0,1
1,17,2,8014,0,1,133.1,1,19,1,1,1,118.0,0,0,0,1,0,1,20,0,0,6,6,6,11.666666666666666,0,0,6,12,5,14.0,0,10.8,1.4,1.74,2,1.0,0.8333333333333334,0.8333333333333334,-0.16666666666666663,2.333333333333334,12.833333333333332,11,0.9166666666666666,0,0,0,0.16666666666666663,0.9166666666666666,11.763888888888888,5.0,0.8333333333333334,1
1,17,1,9085,1,1,125.0,1,1,37,4,9,117.0,1,0,0,1,0,1,19,0,0,5,6,4,12.0,0,0,5,8,5,13.333333333333334,1,10.8,1.4,1.74,2,0.8,1.0,0.8,0.19999999999999996,1.333333333333334,12.666666666666668,9,0.9,0,0,0,0.0,0.9,11.400000000000002,5.0,0.8,1
1,1,3,9238,1,1,121.0,1,38,37,8,8,115.4,1,0,0,1,0,1,19,0,0,6,7,6,11.714285714285714,0,0,6,6,6,11.833333333333334,0,13.9,-0.3,0.79,2,1.0,1.0,1.0,0.0,0.1190476190476204,11.773809523809524,12,1.0,0,0,0,0.0,1.0,11.773809523809524,6.0,1.0,1
1,17,3,9238,1,1,133.1,1,41,1,2,3,117.0,1,0,0,1,0,0,21,0,0,6,8,6,12.666666666666666,0,0,6,7,6,12.428571428571429,0,11.1,0.6,2.02,2,1.0,1.0,1.0,0.0,-0.23809523809523725,12.547619047619047,12,1.0,0,0,1,1.0,1.0,12.547619047619047,6.0,1.0,1
1,39,1,9085,1,1,133.1,1,3,3,4,2,144.9,1,0,0,1,0,0,26,0,0,6,11,3,11.75,0,0,6,19,4,12.8,0,12.4,0.5,1.79,1,0.5,0.6666666666666666,0.3333333333333333,0.16666666666666663,1.0500000000000007,12.275,7,0.5833333333333334,0,0,1,1.3333333333333335,0.5833333333333334,7.160416666666667,4.0,0.8333333333333334,1
1,17,1,9238,1,1,135.0,1,37,37,8,6,127.0,0,0,0,1,0,0,21,0,0,6,0,0,0.0,0,0,6,0,0,0.0,0,16.2,0.3,-0.92,0,0.0,0.0,0.0,0.0,0.0,0.0,0,0.0,0,0,1,2.0,0.0,0.0,0.0,1.0,1
1,1,4,9500,1,1,132.0,1,19,38,5,5,118.0,1,0,0,1,0,0,18,0,0,8,8,7,12.328571428571427,0,0,8,8,7,12.328571428571427,0,12.7,3.7,-1.7,2,0.875,0.875,0.765625,0.0,0.0,12.328571428571427,14,0.875,0,0,1,1.125,0.875,10.7875,7.0,1.0,1
1,43,1,9070,1,1,135.0,1,1,38,3,9,126.4,1,0,0,1,0,1,20,0,5,12,12,12,13.25,0,5,12,12,11,12.727272727272728,0,15.5,2.8,-4.06,2,1.0,0.9166666666666666,0.9166666666666666,-0.08333333333333337,-0.5227272727272716,12.988636363636363,23,0.9583333333333334,0,0,0,0.08333333333333337,0.9583333333333334,12.447443181818182,11.0,0.9166666666666666,1
1,43,1,9670,1,39,110.0,1,19,3,7,10,110.0,0,0,0,1,0,0,21,0,0,6,8,5,11.833333333333334,0,0,6,8,4,13.25,2,16.2,0.3,-0.92,1,0.8333333333333334,0.6666666666666666,0.5555555555555556,-0.16666666666666674,1.416666666666666,12.541666666666668,9,0.75,0,0,1,1.3333333333333335,0.75,9.40625,4.0,0.8333333333333333,1
1,17,1,9556,1,1,133.0,1,38,37,9,9,124.4,1,0,0,1,0,1,18,0,0,7,7,7,13.3,0,0,8,8,8,15.125,0,15.5,2.8,-4.06,2,1.0,1.0,1.0,0.0,1.8249999999999993,14.2125,15,1.0,1,0,0,0.0,1.0,14.2125,8.0,1.0,1
1,1,1,9773,1,1,135.0,1,1,19,4,10,129.4,1,0,0,1,0,0,18,0,0,6,6,6,12.833333333333334,0,0,6,7,6,12.166666666666666,0,11.1,0.6,2.02,2,1.0,1.0,1.0,0.0,-0.6666666666666679,12.5,12,1.0,0,0,1,1.0,1.0,12.5,6.0,1.0,1
1,44,1,9238,1,39,140.0,1,1,1,3,5,141.7,0,0,0,1,0,1,20,0,3,6,6,6,12.833333333333334,0,2,6,6,6,12.833333333333334,0,13.9,-0.3,0.79,2,1.0,1.0,1.0,0.0,0.0,12.833333333333334,12,1.0,0,0,0,0.0,1.0,12.833333333333334,6.0,1.0,1
1,1,2,9085,1,1,144.0,1,1,19,4,10,132.1,1,0,0,1,0,1,19,0,0,5,10,3,12.666666666666666,1,0,5,7,3,13.0,0,12.7,3.7,-1.7,2,0.6,0.6,0.36,0.0,0.3333333333333339,12.833333333333332,6,0.6,0,0,0,0.4,0.6,7.699999999999999,3.0,1.0,1
1,1,5,9500,1,1,122.0,1,37,3,9,2,116.8,1,0,0,1,0,0,20,0,0,7,8,6,13.271428571428572,0,0,8,8,7,14.471428571428572,0,13.9,-0.3,0.79,2,0.8571428571428571,0.875,0.75,0.017857142857142905,1.1999999999999993,13.871428571428572,13,0.8666666666666667,1,0,1,1.125,0.8666666666666667,12.021904761904763,7.0,0.9821428571428571,1
1,1,1,9991,0,1,143.0,1,19,37,5,8,135.0,0,0,0,1,0,1,20,0,0,5,5,5,12.4,0,0,5,6,5,12.833333333333334,0,10.8,1.4,1.74,2,1.0,1.0,1.0,0.0,0.43333333333333357,12.616666666666667,10,1.0,0,0,0,0.0,1.0,12.616666666666667,5.0,1.0,1
1,44,1,9085,1,39,150.0,1,38,1,5,5,150.0,0,0,0,1,0,0,20,0,0,5,10,2,14.5,1,0,5,7,4,11.25,0,12.7,3.7,-1.7,1,0.4,0.8,0.32000000000000006,0.4,-3.25,12.875,6,0.6,0,0,1,1.2,0.6,7.725,4.0,0.6,1
1,1,3,9238,1,1,124.0,1,19,1,7,10,116.0,1,0,1,1,0,0,19,0,0,6,7,0,0.0,0,0,5,5,0,0.0,0,13.9,-0.3,0.79,0,0.0,0.0,0.0,0.0,0.0,0.0,0,0.0,-1,0,2,3.0,0.0,0.0,0.0,1.0,1
1,1,1,9773,1,1,156.0,1,3,3,123,122,155.0,0,0,0,1,0,0,18,0,0,6,7,6,14.285714285714286,0,0,6,8,6,13.25,0,8.9,1.4,3.51,2,1.0,1.0,1.0,0.0,-1.0357142857142865,13.767857142857142,12,1.0,0,0,1,1.0,1.0,13.767857142857142,6.0,1.0,1
1,1,1,9085,1,1,142.0,1,38,38,9,10,127.0,1,0,0,1,0,0,18,0,0,5,7,3,12.333333333333334,0,0,5,9,5,12.6,0,10.8,1.4,1.74,2,0.6,1.0,0.6,0.4,0.2666666666666657,12.466666666666667,8,0.8,0,0,1,1.0,0.8,9.973333333333334,5.0,0.6,1
1,17,1,9500,1,1,142.0,1,38,37,9,8,130.8,1,0,0,1,0,1,19,0,0,7,10,6,12.583333333333334,0,0,8,8,7,12.671428571428573,0,13.9,-0.3,0.79,2,0.8571428571428571,0.875,0.75,0.017857142857142905,0.08809523809523867,12.627380952380953,13,0.8666666666666667,1,0,0,0.125,0.8666666666666667,10.94373015873016,7.0,0.9821428571428571,1
1,42,1,9147,1,1,130.0,1,34,34,99,99,109.8,1,0,0,0,1,0,23,0,0,3,3,0,0.0,0,0,2,2,0,0.0,0,7.6,2.6,0.32,0,0.0,0.0,0.0,0.0,0.0,0.0,0,0.0,-1,0,2,3.0,0.0,0.0,0.0,1.0,1
1,1,1,9238,1,1,133.0,41,19,19,9,9,119.7,1,0,1,1,0,1,19,1,0,6,8,6,12.666666666666666,0,0,6,7,6,12.666666666666666,0,8.9,1.4,3.51,2,1.0,1.0,1.0,0.0,0.0,12.666666666666666,12,1.0,0,0,1,1.0,1.0,12.666666666666666,6.0,1.0,1
1,42,1,9500,1,1,122.0,1,3,3,2,2,122.0,1,0,0,1,0,0,20,0,0,8,11,6,12.491666666666667,0,0,8,11,6,12.491666666666667,0,12.7,3.7,-1.7,2,0.75,0.75,0.5625,0.0,0.0,12.491666666666667,12,0.75,0,0,1,1.25,0.75,9.36875,6.0,1.0,1
1,1,1,171,1,1,138.0,1,1,3,4,4,147.5,1,0,0,1,0,1,19,0,6,12,12,12,13.666666666666666,0,4,11,12,11,14.166666666666666,0,8.9,1.4,3.51,2,1.0,1.0,1.0,0.0,0.5,13.916666666666666,23,1.0,-1,0,0,0.0,1.0,13.916666666666666,11.0,1.0,1
1,17,1,9085,1,1,163.0,14,37,37,9,9,150.8,1,0,0,1,0,0,19,1,0,6,13,6,16.0,0,0,6,8,6,14.5,0,15.5,2.8,-4.06,2,1.0,1.0,1.0,0.0,-1.5,15.25,12,1.0,0,0,1,1.0,1.0,15.25,6.0,1.0,1
1,44,1,9085,1,39,150.0,1,19,37,4,7,150.0,1,0,0,1,0,0,19,0,2,6,8,6,14.142857142857142,0,1,6,7,6,13.0,0,13.9,-0.3,0.79,2,1.0,1.0,1.0,0.0,-1.1428571428571423,13.571428571428571,12,1.0,0,0,1,1.0,1.0,13.571428571428571,6.0,1.0,1
1,39,1,8014,0,19,133.1,1,19,19,144,141,131.5,0,0,1,1,0,1,39,0,0,6,9,6,11.833333333333334,0,0,6,9,4,13.75,0,11.1,0.6,2.02,2,1.0,0.6666666666666666,0.6666666666666666,-0.33333333333333337,1.916666666666666,12.791666666666668,10,0.8333333333333334,0,0,1,1.3333333333333335,0.8333333333333334,10.659722222222223,4.0,0.6666666666666666,1
1,1,1,9070,1,1,144.0,1,1,1,3,5,127.2,1,0,0,1,0,1,20,0,0,6,6,6,12.666666666666666,0,0,6,8,6,13.0,0,10.8,1.4,1.74,2,1.0,1.0,1.0,0.0,0.3333333333333339,12.833333333333332,12,1.0,0,0,0,0.0,1.0,12.833333333333332,6.0,1.0,1
1,17,1,9070,1,1,118.0,1,38,19,9,3,111.0,1,0,0,1,0,0,21,0,0,6,6,6,12.5,0,0,6,6,6,12.666666666666666,0,7.6,2.6,0.32,2,1.0,1.0,1.0,0.0,0.16666666666666607,12.583333333333332,12,1.0,0,0,1,1.0,1.0,12.583333333333332,6.0,1.0,1
1,43,5,9238,1,1,101.0,24,37,19,9,7,119.9,1,0,1,0,0,0,22,1,5,11,16,9,10.88888888888889,0,2,10,20,4,11.25,1,9.4,-0.8,-3.12,2,0.8181818181818182,0.4,0.3272727272727273,-0.4181818181818182,0.3611111111111107,11.069444444444445,13,0.6190476190476191,-1,0,3,3.6,0.6190476190476191,6.852513227513228,4.0,0.5818181818181818,1
1,1,2,9773,1,1,133.0,1,19,38,5,0,133.7,1,0,0,1,0,0,19,0,0,6,11,1,13.0,0,0,5,10,0,0.0,0,7.6,2.6,0.32,0,0.16666666666666666,0.0,0.0,-0.16666666666666666,-13.0,6.5,1,0.09090909090909091,-1,0,1,2.0,0.09090909090909091,0.5909090909090909,0.0,0.8333333333333334,1
1,17,1,9670,1,1,133.1,1,1,19,141,114,140.0,1,0,0,1,0,0,22,0,0,6,6,6,15.166666666666666,0,0,6,6,6,16.0,0,13.9,-0.3,0.79,2,1.0,1.0,1.0,0.0,0.8333333333333339,15.583333333333332,12,1.0,0,0,1,1.0,1.0,15.583333333333332,6.0,1.0,1
1,5,2,9853,1,1,124.0,1,19,19,3,3,113.9,1,0,0,1,0,1,19,0,0,6,8,6,12.666666666666666,0,0,6,7,6,12.0,0,12.7,3.7,-1.7,2,1.0,1.0,1.0,0.0,-0.6666666666666661,12.333333333333332,12,1.0,0,0,0,0.0,1.0,12.333333333333332,6.0,1.0,1
1,1,1,171,1,1,127.0,1,37,38,9,9,120.7,1,0,1,1,1,0,18,0,0,0,0,0,0.0,0,0,0,0,0,0.0,0,7.6,2.6,0.32,0,0.0,0.0,0.0,0.0,0.0,0.0,0,0.0,0,1,2,4.0,0.0,0.0,0.0,1.0,0
1,39,1,9991,0,1,110.0,1,37,37,9,9,121.8,0,0,0,0,1,0,36,0,0,5,5,0,0.0,0,0,5,5,0,0.0,0,12.7,3.7,-1.7,0,0.0,0.0,0.0,0.0,0.0,0.0,0,0.0,0,0,2,3.0,0.0,0.0,0.0,1.0,1
1,1,1,9147,1,1,132.0,1,19,38,9,7,119.1,0,0,0,0,1,0,19,0,0,5,16,1,12.0,0,0,5,6,0,0.0,0,13.9,-0.3,0.79,0,0.2,0.0,0.0,-0.2,-12.0,6.0,1,0.1,0,0,2,3.0,0.1,0.6000000000000001,0.0,0.8,1
5,39,1,9238,1,1,130.0,1,19,38,9,10,146.0,0,0,0,1,1,0,34,0,0,6,8,5,12.6,0,0,6,11,4,11.25,0,12.4,0.5,1.79,2,0.8333333333333334,0.6666666666666666,0.5555555555555556,-0.16666666666666674,-1.3499999999999996,11.925,9,0.75,0,0,1,1.3333333333333335,0.75,8.943750000000001,4.0,0.8333333333333333,1
1,43,1,9130,1,1,130.0,1,1,1,1,1,130.0,1,0,0,1,1,0,33,0,0,5,12,1,13.0,2,0,5,7,3,14.0,0,9.4,-0.8,-3.12,1,0.2,0.6,0.12,0.39999999999999997,1.0,13.5,4,0.4,0,0,1,1.4,0.4,5.4,3.0,0.6000000000000001,1
1,17,6,9147,1,1,129.0,1,19,1,9,4,122.0,1,0,0,1,1,0,19,0,0,5,8,5,11.6,1,0,5,10,4,10.75,0,9.4,-0.8,-3.12,2,1.0,0.8,0.8,-0.19999999999999996,-0.8499999999999996,11.175,9,0.9,0,0,1,1.2,0.9,10.057500000000001,4.0,0.8,1
1,17,5,9119,1,1,130.0,1,19,1,4,5,118.1,1,0,1,0,1,0,26,0,0,5,11,1,10.0,0,0,5,14,1,11.0,0,8.9,1.4,3.51,0,0.2,0.2,0.04000000000000001,0.0,1.0,10.5,2,0.2,0,0,3,3.8,0.2,2.1,1.0,1.0,1
1,39,1,9670,1,1,140.0,1,38,37,7,7,105.2,0,0,0,1,1,0,29,0,0,6,7,1,14.0,0,0,6,6,0,0.0,0,16.2,0.3,-0.92,0,0.16666666666666666,0.0,0.0,-0.16666666666666666,-14.0,7.0,1,0.08333333333333333,0,0,1,2.0,0.08333333333333333,0.5833333333333333,0.0,0.8333333333333334,1
1,17,5,9119,1,1,131.0,1,19,37,9,7,123.3,1,0,0,1,1,1,19,0,0,5,9,5,12.6,0,0,5,8,2,12.5,0,8.9,1.4,3.51,0,1.0,0.4,0.4,-0.6,-0.09999999999999964,12.55,7,0.7,0,0,0,0.6,0.7,8.785,2.0,0.4,1
1,17,1,171,1,1,129.0,1,1,1,9,9,124.8,1,0,0,1,1,0,18,0,0,0,0,0,0.0,0,0,0,0,0,0.0,0,12.7,3.7,-1.7,0,0.0,0.0,0.0,0.0,0.0,0.0,0,0.0,0,1,1,3.0,0.0,0.0,0.0,1.0,0
1,39,1,9991,0,19,133.1,1,19,37,9,9,149.4,0,0,0,0,1,0,29,0,0,5,11,2,11.333333333333334,0,0,5,9,1,12.0,0,11.1,0.6,2.02,0,0.4,0.2,0.08000000000000002,-0.2,0.6666666666666661,11.666666666666668,3,0.3,0,0,2,2.8,0.3,3.5000000000000004,1.0,0.8,1
1,43,1,9254,1,1,112.0,1,37,37,9,9,108.5,0,0,0,1,1,0,21,0,0,6,6,6,12.666666666666666,0,0,6,7,5,11.4,0,9.4,-0.8,-3.12,2,1.0,0.8333333333333334,0.8333333333333334,-0.16666666666666663,-1.2666666666666657,12.033333333333333,11,0.9166666666666666,0,0,1,1.1666666666666665,0.9166666666666666,11.030555555555555,5.0,0.8333333333333334,1
1,17,1,9254,1,1,119.0,1,1,1,4,10,125.0,0,0,0,1,1,0,19,0,0,6,7,5,10.8,0,0,6,10,2,10.5,0,10.8,1.4,1.74,1,0.8333333333333334,0.3333333333333333,0.2777777777777778,-0.5,-0.3000000000000007,10.65,7,0.5833333333333334,0,0,1,1.6666666666666667,0.5833333333333334,6.2125,2.0,0.5,1
1,1,1,9500,1,1,133.1,1,38,38,5,10,101.0,0,0,0,1,1,0,20,0,0,7,14,5,12.87857142857143,0,0,8,15,7,11.85625,0,15.5,2.8,-4.06,2,0.7142857142857143,0.875,0.625,0.1607142857142857,-1.0223214285714306,12.367410714285715,12,0.8,1,0,1,1.125,0.8,9.893928571428573,7.0,0.8392857142857143,1
1,1,1,9085,1,1,123.0,1,3,1,2,5,112.9,0,0,0,1,1,0,18,0,0,5,5,0,0.0,0,0,5,5,0,0.0,0,7.6,2.6,0.32,0,0.0,0.0,0.0,0.0,0.0,0.0,0,0.0,0,0,1,2.0,0.0,0.0,0.0,1.0,1
1,1,1,9147,1,1,125.0,1,1,1,4,2,134.1,1,0,0,1,1,0,20,0,0,5,0,0,0.0,0,0,5,0,0,0.0,0,8.9,1.4,3.51,0,0.0,0.0,0.0,0.0,0.0,0.0,0,0.0,0,0,1,2.0,0.0,0.0,0.0,1.0,1
1,39,1,9119,1,1,133.1,1,37,37,9,9,101.6,0,0,0,1,1,1,30,0,0,5,11,0,0.0,0,0,5,5,0,0.0,0,12.7,3.7,-1.7,0,0.0,0.0,0.0,0.0,0.0,0.0,0,0.0,0,0,0,1.0,0.0,0.0,0.0,1.0,1
1,18,2,9670,1,1,121.0,1,37,38,4,1,111.9,1,0,0,1,1,0,19,0,0,6,6,6,14.166666666666666,0,0,6,6,6,14.0,0,13.9,-0.3,0.79,2,1.0,1.0,1.0,0.0,-0.16666666666666607,14.083333333333332,12,1.0,0,0,1,1.0,1.0,14.083333333333332,6.0,1.0,1
1,1,1,9147,1,1,139.0,1,38,1,5,5,127.1,1,0,0,1,1,1,22,0,0,5,8,5,11.2,0,0,5,13,4,11.25,0,12.7,3.7,-1.7,2,1.0,0.8,0.8,-0.19999999999999996,0.05000000000000071,11.225,9,0.9,0,0,0,0.19999999999999996,0.9,10.1025,4.0,0.8,1
1,17,4,9070,1,1,128.0,1,1,1,9,10,136.1,1,0,1,0,1,0,19,0,0,6,6,6,12.666666666666666,0,0,6,8,5,11.8,0,11.1,0.6,2.02,0,1.0,0.8333333333333334,0.8333333333333334,-0.16666666666666663,-0.8666666666666654,12.233333333333334,11,0.9166666666666666,0,0,3,3.1666666666666665,0.9166666666666666,11.213888888888889,5.0,0.8333333333333334,1
1,17,2,9670,1,1,132.0,1,1,19,5,3,124.0,1,0,0,1,1,0,21,0,0,5,7,3,12.333333333333334,0,0,5,5,4,11.25,0,7.6,2.6,0.32,0,0.6,0.8,0.48,0.20000000000000007,-1.083333333333334,11.791666666666668,7,0.7,0,0,1,1.2,0.7,8.254166666666666,4.0,0.7999999999999999,1
1,17,4,9085,1,1,137.0,1,38,38,151,151,141.6,0,0,0,1,1,0,21,0,0,5,7,4,12.25,0,0,5,7,5,12.0,0,7.6,2.6,0.32,2,0.8,1.0,0.8,0.19999999999999996,-0.25,12.125,9,0.9,0,0,1,1.0,0.9,10.9125,5.0,0.8,1
1,43,1,33,1,1,134.0,1,37,37,1,1,100.0,1,0,0,1,1,0,32,0,0,7,7,0,0.0,0,0,7,8,0,0.0,0,13.9,-0.3,0.79,0,0.0,0.0,0.0,0.0,0.0,0.0,0,0.0,0,0,1,2.0,0.0,0.0,0.0,1.0,1
1,39,1,9670,1,12,133.1,1,37,1,9,3,120.0,0,0,1,0,1,0,40,0,0,6,13,0,0.0,0,0,6,6,0,0.0,0,15.5,2.8,-4.06,0,0.0,0.0,0.0,0.0,0.0,0.0,0,0.0,0,0,3,4.0,0.0,0.0,0.0,1.0,1
1,1,2,9147,1,1,116.0,1,37,1,5,3,124.8,1,0,0,1,1,0,20,0,0,5,9,2,14.333333333333334,0,0,5,10,2,12.5,0,7.6,2.6,0.32,1,0.4,0.4,0.16000000000000003,0.0,-1.833333333333334,13.416666666666668,4,0.4,0,0,1,1.6,0.4,5.366666666666667,2.0,1.0,1
1,44,1,9130,1,39,140.0,1,4,4,2,10,140.0,1,0,0,1,1,0,20,0,1,5,8,2,11.5,0,1,5,13,2,11.5,0,12.7,3.7,-1.7,0,0.4,0.4,0.16000000000000003,0.0,0.0,11.5,4,0.4,0,0,1,1.6,0.4,4.6000000000000005,2.0,1.0,1
1,1,3,171,1,1,140.0,1,37,37,9,9,124.3,1,0,0,1,1,0,18,0,0,0,0,0,0.0,0,0,0,0,0,0.0,0,7.6,2.6,0.32,2,0.0,0.0,0.0,0.0,0.0,0.0,0,0.0,0,1,1,3.0,0.0,0.0,0.0,1.0,0
1,43,1,9147,1,1,122.0,1,1,38,1,7,118.9,0,0,0,1,1,0,21,0,0,5,11,2,10.5,0,0,5,13,0,0.0,0,12.7,3.7,-1.7,0,0.4,0.0,0.0,-0.4,-10.5,5.25,2,0.2,0,0,1,2.0,0.2,1.05,0.0,0.6,1
1,17,1,9670,1,1,141.0,1,19,37,5,8,130.2,0,0,0,1,1,0,18,0,0,6,6,6,13.5,0,0,6,0,0,0.0,0,12.7,3.7,-1.7,0,1.0,0.0,0.0,-1.0,-13.5,6.75,6,0.5,0,0,1,2.0,0.5,3.375,0.0,0.0,1
5,7,1,9070,1,3,140.0,1,37,37,7,7,140.0,0,0,0,0,1,0,30,0,0,6,6,1,10.0,0,0,6,6,0,0.0,0,15.5,2.8,-4.06,0,0.16666666666666666,0.0,0.0,-0.16666666666666666,-10.0,5.0,1,0.08333333333333333,0,0,2,3.0,0.08333333333333333,0.41666666666666663,0.0,0.8333333333333334,1
1,39,1,9003,1,12,133.1,1,19,1,9,1,130.0,0,0,0,1,1,0,29,0,0,6,17,0,0.0,2,0,6,8,0,0.0,0,15.5,2.8,-4.06,0,0.0,0.0,0.0,0.0,0.0,0.0,0,0.0,0,0,1,2.0,0.0,0.0,0.0,1.0,1
1,43,2,9991,0,1,140.0,1,37,37,5,5,124.3,1,0,0,0,1,0,27,0,0,5,5,0,0.0,0,0,5,5,0,0.0,0,12.7,3.7,-1.7,0,0.0,0.0,0.0,0.0,0.0,0.0,0,0.0,0,0,2,3.0,0.0,0.0,0.0,1.0,1
1,17,6,9670,1,1,125.0,1,38,1,9,7,125.0,1,0,0,1,1,0,20,0,0,6,8,4,14.25,0,0,6,10,5,14.0,0,10.8,1.4,1.74,2,0.6666666666666666,0.8333333333333334,0.5555555555555556,0.16666666666666674,-0.25,14.125,9,0.75,0,0,1,1.1666666666666665,0.75,10.59375,5.0,0.8333333333333333,1
1,51,1,8014,0,2,110.0,1,19,38,9,10,110.0,0,0,0,1,1,0,42,0,8,12,12,11,14.454545454545457,0,7,11,11,10,14.2,0,11.1,0.6,2.02,2,0.9166666666666666,0.9090909090909091,0.8333333333333333,-0.007575757575757569,-0.2545454545454575,14.327272727272728,21,0.9130434782608695,-1,0,1,1.0909090909090908,0.9130434782608695,13.081422924901185,10.0,0.9924242424242424,1
1,1,1,9003,1,1,133.1,1,38,38,4,8,115.0,0,0,1,1,1,0,21,0,8,12,13,12,14.538461538461538,0,4,12,14,12,14.461538461538462,0,15.5,2.8,-4.06,2,1.0,1.0,1.0,0.0,-0.07692307692307665,14.5,24,1.0,0,0,2,2.0,1.0,14.5,12.0,1.0,1
1,43,1,9500,1,1,132.0,1,1,38,7,7,129.6,0,1,0,1,1,0,23,0,0,7,10,6,12.733333333333334,0,0,8,10,7,11.95,0,16.2,0.3,-0.92,2,0.8571428571428571,0.875,0.75,0.017857142857142905,-0.783333333333335,12.341666666666667,13,0.8666666666666667,1,0,1,1.125,0.8666666666666667,10.696111111111112,7.0,0.9821428571428571,1
1,51,1,9070,1,1,122.0,1,38,38,9,9,128.8,1,0,0,1,1,0,21,0,4,12,13,5,13.2,0,4,12,12,4,13.5,0,8.9,1.4,3.51,0,0.4166666666666667,0.3333333333333333,0.1388888888888889,-0.08333333333333337,0.3000000000000007,13.35,9,0.375,0,0,1,1.6666666666666667,0.375,5.00625,4.0,0.9166666666666666,1
1,1,3,171,1,1,155.0,1,4,3,1,1,144.2,1,0,0,1,1,0,19,0,0,0,0,0,0.0,0,0,0,0,0,0.0,0,12.7,3.7,-1.7,2,0.0,0.0,0.0,0.0,0.0,0.0,0,0.0,0,1,1,3.0,0.0,0.0,0.0,1.0,0
1,1,2,9500,1,1,144.0,1,38,37,9,9,128.8,1,0,0,1,1,0,19,0,0,7,7,6,13.2,0,0,7,7,6,13.2,0,7.6,2.6,0.32,2,0.8571428571428571,0.8571428571428571,0.7346938775510203,0.0,0.0,13.2,12,0.8571428571428571,0,0,1,1.1428571428571428,0.8571428571428571,11.314285714285713,6.0,1.0,1
1,1,1,9254,1,1,133.1,1,3,1,2,4,125.0,0,0,0,1,1,0,21,0,0,6,10,5,11.333333333333334,0,0,6,14,2,11.5,0,12.7,3.7,-1.7,1,0.8333333333333334,0.3333333333333333,0.2777777777777778,-0.5,0.16666666666666607,11.416666666666668,7,0.5833333333333334,0,0,1,1.6666666666666667,0.5833333333333334,6.659722222222223,2.0,0.5,1
1,17,4,9119,1,1,133.0,1,3,1,9,3,123.2,1,0,0,1,1,0,18,0,0,5,5,5,13.6,0,0,5,6,5,14.6,0,8.9,1.4,3.51,2,1.0,1.0,1.0,0.0,1.0,14.1,10,1.0,0,0,1,1.0,1.0,14.1,5.0,1.0,1
1,17,3,9119,1,1,131.0,1,37,37,9,7,118.4,0,0,0,1,1,0,18,0,0,5,10,0,0.0,0,0,5,10,2,11.5,4,7.6,2.6,0.32,0,0.0,0.4,0.0,0.4,11.5,5.75,2,0.2,0,0,1,1.6,0.2,1.1500000000000001,2.0,0.6,1
1,39,1,9119,1,1,133.1,1,37,19,9,3,123.0,0,0,0,1,1,1,28,0,0,5,16,3,14.333333333333334,0,0,5,9,5,12.428571428571429,0,9.4,-0.8,-3.12,1,0.6,1.0,0.6,0.4,-1.904761904761905,13.380952380952381,8,0.8,0,0,0,0.0,0.8,10.704761904761906,5.0,0.6,1
1,17,1,9670,1,1,118.0,1,19,38,7,9,113.5,1,0,0,1,0,1,19,0,0,6,9,5,13.5,0,0,6,6,6,14.0,0,12.4,0.5,1.79,2,0.8333333333333334,1.0,0.8333333333333334,0.16666666666666663,0.5,13.75,11,0.9166666666666666,0,0,0,0.0,0.9166666666666666,12.604166666666666,6.0,0.8333333333333334,1
1,51,1,9085,1,40,120.0,1,3,3,4,2,125.0,0,0,0,1,0,0,28,0,0,6,8,6,14.428571428571429,0,0,6,12,4,15.6,0,11.1,0.6,2.02,1,1.0,0.6666666666666666,0.6666666666666666,-0.33333333333333337,1.1714285714285708,15.014285714285714,10,0.8333333333333334,0,0,1,1.3333333333333335,0.8333333333333334,12.511904761904763,4.0,0.6666666666666666,1
1,17,3,9853,1,1,133.1,1,12,1,4,0,134.8,1,0,0,1,0,0,18,0,0,6,12,0,0.0,0,0,6,12,0,0.0,0,7.6,2.6,0.32,0,0.0,0.0,0.0,0.0,0.0,0.0,0,0.0,0,0,1,2.0,0.0,0.0,0.0,1.0,1
1,1,1,9500,1,1,125.0,1,1,1,4,4,119.8,1,0,0,1,0,1,19,0,0,8,8,8,12.82875,0,0,8,8,8,12.82875,0,9.4,-0.8,-3.12,2,1.0,1.0,1.0,0.0,0.0,12.82875,16,1.0,0,0,0,0.0,1.0,12.82875,8.0,1.0,1
1,1,3,9500,1,1,148.0,1,1,19,4,5,135.1,1,0,1,1,0,0,18,0,0,7,0,0,0.0,0,0,8,0,0,0.0,0,13.9,-0.3,0.79,0,0.0,0.0,0.0,0.0,0.0,0.0,0,0.0,1,0,2,3.0,0.0,0.0,0.0,1.0,1
1,1,4,9070,1,1,139.0,1,3,19,1,5,138.3,1,0,0,1,0,0,19,0,0,6,6,6,14.666666666666666,0,0,6,6,6,13.166666666666666,0,9.4,-0.8,-3.12,2,1.0,1.0,1.0,0.0,-1.5,13.916666666666666,12,1.0,0,0,1,1.0,1.0,13.916666666666666,6.0,1.0,1
1,17,2,9500,1,1,130.0,1,38,38,7,7,122.5,1,0,0,1,0,0,19,0,0,8,8,7,13.937142857142858,0,0,8,8,7,13.937142857142858,0,10.8,1.4,1.74,2,0.875,0.875,0.765625,0.0,0.0,13.937142857142858,14,0.875,0,0,1,1.125,0.875,12.195,7.0,1.0,1
1,1,1,9070,1,1,148.0,1,3,1,2,10,148.0,1,0,0,1,0,0,20,0,7,12,12,10,14.7,0,8,12,12,12,14.583333333333334,0,15.5,2.8,-4.06,2,0.8333333333333334,1.0,0.8333333333333334,0.16666666666666663,-0.11666666666666536,14.641666666666666,22,0.9166666666666666,0,0,1,1.0,0.9166666666666666,13.421527777777776,12.0,0.8333333333333334,1
1,1,2,9773,1,1,130.0,1,1,1,9,4,126.2,1,0,0,1,0,0,18,0,0,6,6,6,11.666666666666666,0,0,6,6,5,12.2,0,12.7,3.7,-1.7,2,1.0,0.8333333333333334,0.8333333333333334,-0.16666666666666663,0.5333333333333332,11.933333333333334,11,0.9166666666666666,0,0,1,1.1666666666666665,0.9166666666666666,10.938888888888888,5.0,0.8333333333333334,1
1,43,4,9500,1,6,134.0,1,37,37,9,9,129.8,1,0,0,1,0,0,20,0,0,7,7,6,14.85,0,0,7,7,6,14.85,0,7.6,2.6,0.32,2,0.8571428571428571,0.8571428571428571,0.7346938775510203,0.0,0.0,14.85,12,0.8571428571428571,0,0,1,1.1428571428571428,0.8571428571428571,12.728571428571428,6.0,1.0,1
1,39,1,9085,1,19,133.1,1,19,37,7,90,104.0,0,0,0,1,0,0,26,0,0,5,11,1,12.0,1,0,5,12,0,0.0,4,10.8,1.4,1.74,0,0.2,0.0,0.0,-0.2,-12.0,6.0,1,0.1,0,0,1,2.0,0.1,0.6000000000000001,0.0,0.8,1
1,1,2,9500,1,1,137.0,1,1,3,4,3,124.6,0,0,0,1,0,0,18,0,0,7,10,7,13.398,0,0,8,8,8,13.5425,0,15.5,2.8,-4.06,2,1.0,1.0,1.0,0.0,0.14450000000000074,13.47025,15,1.0,1,0,1,1.0,1.0,13.47025,8.0,1.0,1
1,44,1,9085,1,1,130.0,1,1,1,4,3,130.0,1,0,0,1,0,0,20,0,0,6,13,5,11.8,0,0,6,19,4,12.0,0,12.4,0.5,1.79,1,0.8333333333333334,0.6666666666666666,0.5555555555555556,-0.16666666666666674,0.1999999999999993,11.9,9,0.75,0,0,1,1.3333333333333335,0.75,8.925,4.0,0.8333333333333333,1
1,17,1,9991,0,1,140.0,1,38,37,6,7,127.3,0,0,0,1,0,0,20,0,0,5,0,0,0.0,0,0,5,0,0,0.0,0,11.1,0.6,2.02,0,0.0,0.0,0.0,0.0,0.0,0.0,0,0.0,0,0,1,2.0,0.0,0.0,0.0,1.0,1
1,2,1,9147,1,1,150.0,1,37,37,9,9,122.0,1,0,0,1,0,0,29,0,13,15,19,13,11.76923076923077,0,12,14,17,14,11.928571428571429,0,9.4,-0.8,-3.12,2,0.8666666666666667,1.0,0.8666666666666667,0.1333333333333333,0.15934065934065877,11.848901098901099,27,0.9310344827586207,-1,0,1,1.0,0.9310344827586207,11.031735505873437,14.0,0.8666666666666667,1
1,7,1,9238,1,3,130.0,1,1,1,4,10,125.1,0,0,1,0,0,0,27,0,0,6,8,0,0.0,0,0,5,6,0,0.0,0,16.2,0.3,-0.92,0,0.0,0.0,0.0,0.0,0.0,0.0,0,0.0,-1,0,3,4.0,0.0,0.0,0.0,1.0,1
1,1,1,9085,1,1,133.1,1,19,38,5,7,110.0,1,0,0,1,0,1,21,0,0,6,8,6,13.285714285714286,0,0,6,11,6,13.0,0,11.1,0.6,2.02,2,1.0,1.0,1.0,0.0,-0.2857142857142865,13.142857142857142,12,1.0,0,0,0,0.0,1.0,13.142857142857142,6.0,1.0,1
1,1,1,9238,1,1,134.0,1,1,19,4,9,129.8,0,0,0,1,0,1,20,0,0,6,6,6,11.666666666666666,0,0,6,8,6,11.166666666666666,0,15.5,2.8,-4.06,2,1.0,1.0,1.0,0.0,-0.5,11.416666666666666,12,1.0,0,0,0,0.0,1.0,11.416666666666666,6.0,1.0,1
1,17,1,9238,1,1,125.0,1,19,38,3,7,114.9,0,0,0,1,0,1,19,0,0,6,13,6,11.5,0,0,6,9,5,12.2,0,11.1,0.6,2.02,2,1.0,0.8333333333333334,0.8333333333333334,-0.16666666666666663,0.6999999999999993,11.85,11,0.9166666666666666,0,0,0,0.16666666666666663,0.9166666666666666,10.862499999999999,5.0,0.8333333333333334,1
1,1,1,9500,1,1,141.0,1,37,38,6,6,125.6,1,0,0,1,0,1,22,0,0,7,9,6,13.081666666666669,0,0,8,12,6,13.15,0,11.1,0.6,2.02,2,0.8571428571428571,0.75,0.6428571428571428,-0.1071428571428571,0.06833333333333158,13.115833333333335,12,0.8,1,0,0,0.25,0.8,10.492666666666668,6.0,0.8928571428571429,1
1,18,3,9070,1,1,138.0,1,38,37,9,7,125.1,1,0,0,1,0,1,19,0,0,6,6,6,12.666666666666666,0,0,6,6,6,13.0,0,15.5,2.8,-4.06,2,1.0,1.0,1.0,0.0,0.3333333333333339,12.833333333333332,12,1.0,0,0,0,0.0,1.0,12.833333333333332,6.0,1.0,1
1,17,1,9773,1,1,116.0,1,37,1,9,8,115.7,1,0,1,0,0,0,19,0,0,6,6,3,11.333333333333334,0,0,6,6,0,0.0,0,12.4,0.5,1.79,0,0.5,0.0,0.0,-0.5,-11.333333333333334,5.666666666666667,3,0.25,0,0,3,4.0,0.25,1.4166666666666667,0.0,0.5,1
1,1,3,9853,1,1,122.0,1,3,3,2,2,112.6,1,0,0,1,0,0,23,0,0,6,8,5,13.6,0,0,6,8,5,11.6,0,7.6,2.6,0.32,1,0.8333333333333334,0.8333333333333334,0.6944444444444445,0.0,-2.0,12.6,10,0.8333333333333334,0,0,1,1.1666666666666665,0.8333333333333334,10.5,5.0,1.0,1
1,44,1,9130,1,39,140.0,1,1,19,4,8,140.0,0,0,0,1,0,0,19,0,0,6,0,0,0.0,0,0,6,0,0,0.0,0,12.7,3.7,-1.7,0,0.0,0.0,0.0,0.0,0.0,0.0,0,0.0,0,0,1,2.0,0.0,0.0,0.0,1.0,1
1,44,1,9003,1,39,140.0,1,1,1,4,3,140.0,1,0,0,1,0,0,20,0,0,6,10,5,11.666666666666666,0,0,6,7,5,12.6,0,12.4,0.5,1.79,2,0.8333333333333334,0.8333333333333334,0.6944444444444445,0.0,0.9333333333333336,12.133333333333333,10,0.8333333333333334,0,0,1,1.1666666666666665,0.8333333333333334,10.11111111111111,5.0,1.0,1
1,1,4,9238,1,1,127.0,1,1,38,9,7,120.4,1,0,0,1,0,1,19,0,0,6,6,6,13.5,0,0,6,7,6,13.428571428571429,0,11.1,0.6,2.02,2,1.0,1.0,1.0,0.0,-0.07142857142857117,13.464285714285715,12,1.0,0,0,0,0.0,1.0,13.464285714285715,6.0,1.0,1
1,39,1,9085,1,19,133.1,1,37,37,9,9,100.0,1,0,1,0,0,1,26,0,0,6,7,0,0.0,0,0,6,6,0,0.0,0,13.9,-0.3,0.79,0,0.0,0.0,0.0,0.0,0.0,0.0,0,0.0,0,0,2,3.0,0.0,0.0,0.0,1.0,1
1,1,1,9238,1,1,117.0,1,1,19,4,7,113.5,1,0,0,1,0,1,18,0,0,6,6,6,13.166666666666666,0,0,6,7,6,14.142857142857142,0,11.1,0.6,2.02,2,1.0,1.0,1.0,0.0,0.9761904761904763,13.654761904761905,12,1.0,0,0,0,0.0,1.0,13.654761904761905,6.0,1.0,1
1,1,1,9085,1,1,150.0,1,37,37,4,9,132.1,1,0,1,1,0,0,29,0,4,5,11,4,12.5,2,1,5,11,2,12.5,0,12.7,3.7,-1.7,0,0.8,0.4,0.32000000000000006,-0.4,0.0,12.5,6,0.6,0,0,2,2.6,0.6,7.5,2.0,0.6,1
1,44,1,9003,1,39,160.0,1,3,1,2,6,160.0,1,0,0,0,0,0,20,0,0,6,10,6,13.375,0,0,6,10,6,13.0,0,16.2,0.3,-0.92,2,1.0,1.0,1.0,0.0,-0.375,13.1875,12,1.0,0,0,2,2.0,1.0,13.1875,6.0,1.0,1
1,1,1,9070,1,1,128.0,1,19,2,7,3,126.3,1,0,0,1,0,0,19,0,0,6,6,6,13.166666666666666,0,0,6,6,6,12.666666666666666,0,15.5,2.8,-4.06,2,1.0,1.0,1.0,0.0,-0.5,12.916666666666666,12,1.0,0,0,1,1.0,1.0,12.916666666666666,6.0,1.0,1
1,44,1,9085,1,39,160.0,1,1,1,4,4,160.0,1,0,0,1,0,0,23,0,1,6,12,4,13.4,0,1,6,17,2,13.5,0,12.4,0.5,1.79,1,0.6666666666666666,0.3333333333333333,0.2222222222222222,-0.3333333333333333,0.09999999999999964,13.45,6,0.5,0,0,1,1.6666666666666667,0.5,6.725,2.0,0.6666666666666667,1
1,43,1,9556,1,1,126.0,1,2,3,3,2,100.0,0,0,0,1,0,0,25,0,2,7,10,3,13.0,0,1,8,10,3,11.666666666666666,4,10.8,1.4,1.74,1,0.42857142857142855,0.375,0.1607142857142857,-0.05357142857142855,-1.333333333333334,12.333333333333332,6,0.4,1,0,1,1.625,0.4,4.933333333333334,3.0,0.9464285714285714,1
1,18,1,9500,1,1,135.0,1,3,3,1,1,125.8,1,0,0,1,0,0,18,0,0,8,8,7,13.154285714285717,0,0,8,8,7,13.154285714285717,0,10.8,1.4,1.74,2,0.875,0.875,0.765625,0.0,0.0,13.154285714285717,14,0.875,0,0,1,1.125,0.875,11.510000000000002,7.0,1.0,1
1,1,3,9070,1,1,139.0,1,1,38,4,7,142.2,1,0,0,1,0,1,19,0,0,6,6,6,12.833333333333334,0,0,6,6,6,12.833333333333334,0,9.4,-0.8,-3.12,2,1.0,1.0,1.0,0.0,0.0,12.833333333333334,12,1.0,0,0,0,0.0,1.0,12.833333333333334,6.0,1.0,1
1,17,2,9853,1,1,125.0,1,1,19,5,5,119.4,1,0,0,1,0,0,18,0,0,7,10,7,12.142857142857142,0,0,7,7,7,13.142857142857142,0,12.4,0.5,1.79,2,1.0,1.0,1.0,0.0,1.0,12.642857142857142,14,1.0,0,0,1,1.0,1.0,12.642857142857142,7.0,1.0,1
1,7,1,8014,0,40,120.0,1,37,19,9,3,120.0,0,0,0,1,0,0,36,0,6,10,15,4,13.0,0,5,9,10,4,13.75,0,8.9,1.4,3.51,0,0.4,0.4444444444444444,0.17777777777777778,0.0444444444444444,0.75,13.375,8,0.42105263157894735,-1,0,1,1.5555555555555556,0.42105263157894735,5.63157894736842,4.0,0.9555555555555556,1
1,44,1,9003,1,39,150.0,1,1,38,4,9,150.0,0,0,0,1,1,1,20,0,0,6,18,3,12.0,0,0,6,17,3,11.666666666666666,0,15.5,2.8,-4.06,1,0.5,0.5,0.25,0.0,-0.3333333333333339,11.833333333333332,6,0.5,0,0,0,0.5,0.5,5.916666666666666,3.0,1.0,1
1,17,2,171,1,1,130.0,41,1,1,2,3,148.6,1,0,0,1,1,0,20,1,0,0,0,0,0.0,0,0,0,0,0,0.0,0,11.1,0.6,2.02,0,0.0,0.0,0.0,0.0,0.0,0.0,0,0.0,0,1,1,3.0,0.0,0.0,0.0,1.0,0
1,1,1,9238,1,1,116.0,1,38,38,9,8,108.7,1,0,0,1,1,0,18,0,0,6,9,5,11.0,0,0,6,12,0,0.0,0,11.1,0.6,2.02,0,0.8333333333333334,0.0,0.0,-0.8333333333333334,-11.0,5.5,5,0.4166666666666667,0,0,1,2.0,0.4166666666666667,2.291666666666667,0.0,0.16666666666666663,1
1,44,1,9003,1,39,130.0,1,3,1,4,6,130.0,0,0,0,1,1,0,19,0,0,6,8,5,11.5,0,0,6,11,6,11.333333333333334,0,12.4,0.5,1.79,1,0.8333333333333334,1.0,0.8333333333333334,0.16666666666666663,-0.16666666666666607,11.416666666666668,11,0.9166666666666666,0,0,1,1.0,0.9166666666666666,10.465277777777779,6.0,0.8333333333333334,1
1,17,1,9238,1,1,140.0,1,1,44,4,2,124.6,1,0,1,0,1,0,20,0,3,9,9,3,13.333333333333334,0,2,6,6,2,12.5,0,8.9,1.4,3.51,0,0.3333333333333333,0.3333333333333333,0.1111111111111111,0.0,-0.8333333333333339,12.916666666666668,5,0.3333333333333333,-3,0,3,3.666666666666667,0.3333333333333333,4.305555555555555,2.0,1.0,1
1,1,2,9500,1,1,134.0,1,19,19,4,7,131.0,1,0,0,1,1,0,18,0,0,7,9,7,14.594444444444443,0,0,8,10,8,13.472,0,15.5,2.8,-4.06,2,1.0,1.0,1.0,0.0,-1.1224444444444437,14.033222222222221,15,1.0,1,0,1,1.0,1.0,14.033222222222221,8.0,1.0,1
1,44,1,9130,1,39,130.0,1,3,1,3,6,130.0,1,0,1,1,1,0,20,0,2,6,9,4,11.0,0,1,6,13,3,10.666666666666666,0,12.4,0.5,1.79,0,0.6666666666666666,0.5,0.3333333333333333,-0.16666666666666663,-0.3333333333333339,10.833333333333332,7,0.5833333333333334,0,0,2,2.5,0.5833333333333334,6.319444444444444,3.0,0.8333333333333334,1
1,18,1,9119,1,1,122.0,1,19,1,90,3,116.1,1,0,1,0,1,0,24,0,0,5,8,0,0.0,0,0,5,5,0,0.0,0,9.4,-0.8,-3.12,0,0.0,0.0,0.0,0.0,0.0,0.0,0,0.0,0,0,3,4.0,0.0,0.0,0.0,1.0,1
1,17,1,9773,1,1,128.0,1,19,38,5,7,125.6,1,0,0,1,1,0,19,0,0,6,6,0,0.0,0,0,6,0,0,0.0,0,8.9,1.4,3.51,0,0.0,0.0,0.0,0.0,0.0,0.0,0,0.0,0,0,1,2.0,0.0,0.0,0.0,1.0,1
1,1,3,9119,1,1,113.0,1,4,38,2,7,107.4,1,0,0,1,1,0,18,0,0,5,8,5,14.0,0,0,5,6,5,13.2,0,8.9,1.4,3.51,2,1.0,1.0,1.0,0.0,-0.8000000000000007,13.6,10,1.0,0,0,1,1.0,1.0,13.6,5.0,1.0,1
1,1,1,9254,1,1,126.0,1,1,19,4,4,116.9,0,0,0,1,1,0,18,0,0,6,8,6,13.571428571428571,0,0,6,7,5,11.8,0,8.9,1.4,3.51,2,1.0,0.8333333333333334,0.8333333333333334,-0.16666666666666663,-1.7714285714285705,12.685714285714287,11,0.9166666666666666,0,0,1,1.1666666666666665,0.9166666666666666,11.62857142857143,5.0,0.8333333333333334,1
1,43,2,9670,1,1,135.0,1,3,19,1,7,123.5,1,0,0,1,1,0,22,0,0,6,12,0,0.0,0,0,6,6,0,0.0,0,16.2,0.3,-0.92,0,0.0,0.0,0.0,0.0,0.0,0.0,0,0.0,0,0,1,2.0,0.0,0.0,0.0,1.0,1
1,1,1,9670,1,1,141.0,1,19,38,9,9,130.5,0,0,0,1,1,0,19,0,0,6,8,6,14.25,0,0,6,7,6,13.857142857142858,0,11.1,0.6,2.02,2,1.0,1.0,1.0,0.0,-0.39285714285714235,14.053571428571429,12,1.0,0,0,1,1.0,1.0,14.053571428571429,6.0,1.0,1
2,39,1,9085,1,12,133.1,1,1,39,5,3,140.0,1,0,1,0,0,0,32,0,0,6,7,0,0.0,0,0,6,6,0,0.0,0,13.9,-0.3,0.79,0,0.0,0.0,0.0,0.0,0.0,0.0,0,0.0,0,0,3,4.0,0.0,0.0,0.0,1.0,1
1,17,1,9853,1,1,133.1,1,34,19,0,3,117.1,1,0,0,1,0,1,21,0,0,6,12,0,0.0,0,0,6,12,0,0.0,0,7.6,2.6,0.32,0,0.0,0.0,0.0,0.0,0.0,0.0,0,0.0,0,0,0,1.0,0.0,0.0,0.0,1.0,1
1,18,1,9500,1,1,144.0,1,37,37,6,6,127.5,1,0,0,1,0,1,19,0,0,8,8,7,13.542857142857144,0,0,8,8,7,13.542857142857144,0,12.7,3.7,-1.7,2,0.875,0.875,0.765625,0.0,0.0,13.542857142857144,14,0.875,0,0,0,0.125,0.875,11.850000000000001,7.0,1.0,1
4,43,1,8014,0,1,140.0,1,38,37,9,9,126.0,0,0,0,1,0,1,39,0,3,9,9,9,13.11111111111111,0,2,7,10,7,11.714285714285714,0,12.7,3.7,-1.7,2,1.0,1.0,1.0,0.0,-1.3968253968253972,12.412698412698411,16,1.0,-2,0,0,0.0,1.0,12.412698412698411,7.0,1.0,1
1,43,1,8014,0,10,100.0,1,34,34,0,0,113.0,1,0,0,1,0,0,30,0,3,9,11,9,12.666666666666666,0,2,7,7,7,12.142857142857142,0,7.6,2.6,0.32,2,1.0,1.0,1.0,0.0,-0.5238095238095237,12.404761904761905,16,1.0,-2,0,1,1.0,1.0,12.404761904761905,7.0,1.0,1
1,1,1,9147,1,1,135.0,1,1,19,5,5,130.1,1,0,0,1,0,0,18,0,0,5,10,4,10.75,1,0,5,13,2,10.0,0,9.4,-0.8,-3.12,0,0.8,0.4,0.32000000000000006,-0.4,-0.75,10.375,6,0.6,0,0,1,1.6,0.6,6.225,2.0,0.6,1
2,43,1,9991,0,1,130.0,1,37,37,9,9,110.0,1,0,0,1,0,0,38,0,4,10,14,4,10.75,0,2,10,10,2,10.0,0,7.6,2.6,0.32,0,0.4,0.2,0.08000000000000002,-0.2,-0.75,10.375,6,0.3,0,0,1,1.8,0.3,3.1125,2.0,0.8,1
1,1,3,9070,1,1,147.0,1,34,37,5,7,135.8,1,0,0,1,0,0,20,0,0,6,6,6,13.666666666666666,0,0,6,6,6,13.333333333333334,0,9.4,-0.8,-3.12,2,1.0,1.0,1.0,0.0,-0.33333333333333215,13.5,12,1.0,0,0,1,1.0,1.0,13.5,6.0,1.0,1
1,39,1,8014,0,19,149.0,1,34,34,0,0,126.3,0,0,0,1,0,0,55,0,0,6,6,6,13.833333333333334,0,1,6,6,6,12.833333333333334,0,7.6,2.6,0.32,2,1.0,1.0,1.0,0.0,-1.0,13.333333333333334,12,1.0,0,0,1,1.0,1.0,13.333333333333334,6.0,1.0,1
1,39,1,8014,0,1,133.1,1,37,37,9,8,121.0,0,0,1,0,0,0,44,0,2,8,12,4,12.0,2,2,7,9,4,12.0,2,8.9,1.4,3.51,0,0.5,0.5714285714285714,0.2857142857142857,0.0714285714285714,0.0,12.0,8,0.5333333333333333,-1,0,3,3.428571428571429,0.5333333333333333,6.4,4.0,0.9285714285714286,1
1,43,1,9238,1,1,149.0,1,37,37,9,6,130.5,1,0,0,1,0,0,28,0,8,11,11,9,11.666666666666666,0,8,11,13,9,12.555555555555555,0,10.8,1.4,1.74,2,0.8181818181818182,0.8181818181818182,0.6694214876033059,0.0,0.8888888888888893,12.11111111111111,18,0.8181818181818182,0,0,1,1.1818181818181817,0.8181818181818182,9.90909090909091,9.0,1.0,1
1,7,1,8014,0,43,180.0,1,19,19,9,4,180.0,0,0,0,1,0,0,37,0,12,14,14,14,16.5,0,8,11,11,11,16.90909090909091,0,8.9,1.4,3.51,2,1.0,1.0,1.0,0.0,0.40909090909091006,16.704545454545453,25,1.0,-3,0,1,1.0,1.0,16.704545454545453,11.0,1.0,1
1,43,1,9238,1,1,110.0,1,14,14,90,90,112.5,1,0,0,1,0,0,20,0,8,10,14,9,12.333333333333334,0,3,7,10,7,11.77777777777778,0,7.6,2.6,0.32,2,0.9,1.0,0.9,0.09999999999999998,-0.5555555555555536,12.055555555555557,16,0.9411764705882353,-3,0,1,1.0,0.9411764705882353,11.34640522875817,7.0,0.9,1
1,1,1,9238,1,1,117.0,1,19,19,9,9,111.8,1,0,0,1,1,0,19,0,0,6,9,4,11.5,0,0,6,12,3,11.0,0,8.9,1.4,3.51,0,0.6666666666666666,0.5,0.3333333333333333,-0.16666666666666663,-0.5,11.25,7,0.5833333333333334,0,0,1,1.5,0.5833333333333334,6.5625,3.0,0.8333333333333334,1
1,17,1,9003,1,1,120.0,1,38,37,5,9,131.4,1,0,0,1,1,1,23,0,17,18,19,18,11.894736842105264,0,12,13,13,13,12.923076923076923,0,15.5,2.8,-4.06,2,1.0,1.0,1.0,0.0,1.0283400809716596,12.408906882591094,31,1.0,-5,0,0,0.0,1.0,12.408906882591094,13.0,1.0,1
1,17,1,9238,1,1,160.0,1,19,37,6,6,144.3,0,0,0,1,1,0,22,0,0,6,0,0,0.0,0,0,6,0,0,0.0,0,13.9,-0.3,0.79,0,0.0,0.0,0.0,0.0,0.0,0.0,0,0.0,0,0,1,2.0,0.0,0.0,0.0,1.0,1
1,39,1,9254,1,1,100.0,1,3,19,3,5,115.0,0,0,0,0,1,0,24,0,0,6,0,0,0.0,0,0,6,0,0,0.0,0,11.1,0.6,2.02,0,0.0,0.0,0.0,0.0,0.0,0.0,0,0.0,0,0,2,3.0,0.0,0.0,0.0,1.0,1
1,44,1,9003,1,39,140.0,1,4,4,4,2,120.0,1,0,0,1,1,0,22,0,0,6,13,5,13.0,0,0,6,13,2,11.5,0,12.4,0.5,1.79,1,0.8333333333333334,0.3333333333333333,0.2777777777777778,-0.5,-1.5,12.25,7,0.5833333333333334,0,0,1,1.6666666666666667,0.5833333333333334,7.145833333333334,2.0,0.5,1
1,39,1,9003,1,1,160.0,1,1,38,5,6,168.6,0,0,0,1,1,0,26,0,0,6,9,0,0.0,0,0,6,6,0,0.0,0,13.9,-0.3,0.79,0,0.0,0.0,0.0,0.0,0.0,0.0,0,0.0,0,0,1,2.0,0.0,0.0,0.0,1.0,1
1,17,6,9773,1,1,141.0,1,37,37,5,5,127.7,1,0,0,1,1,0,18,0,0,6,6,6,15.166666666666666,0,0,6,6,6,14.833333333333334,0,9.4,-0.8,-3.12,2,1.0,1.0,1.0,0.0,-0.33333333333333215,15.0,12,1.0,0,0,1,1.0,1.0,15.0,6.0,1.0,1
1,44,1,9130,1,39,130.0,1,38,19,9,9,150.0,0,0,0,1,1,0,24,0,2,6,8,4,11.75,0,1,6,8,2,13.5,0,11.1,0.6,2.02,0,0.6666666666666666,0.3333333333333333,0.2222222222222222,-0.3333333333333333,1.75,12.625,6,0.5,0,0,1,1.6666666666666667,0.5,6.3125,2.0,0.6666666666666667,1
1,1,1,9119,1,1,142.0,1,1,38,4,3,129.8,1,0,0,1,1,0,18,0,0,5,5,0,0.0,0,0,5,6,1,15.0,0,10.8,1.4,1.74,1,0.0,0.2,0.0,0.2,15.0,7.5,1,0.1,0,0,1,1.8,0.1,0.75,1.0,0.8,1
1,39,1,9254,1,19,133.1,1,37,37,9,4,100.0,0,0,0,1,1,0,27,0,0,6,11,3,11.333333333333334,0,0,6,10,3,14.75,0,16.2,0.3,-0.92,0,0.5,0.5,0.25,0.0,3.416666666666666,13.041666666666668,6,0.5,0,0,1,1.5,0.5,6.520833333333334,3.0,1.0,1
1,44,1,9003,1,39,140.0,1,37,37,9,6,140.0,1,0,0,1,1,1,20,0,0,6,10,5,12.6,0,0,6,6,5,13.2,0,12.4,0.5,1.79,2,0.8333333333333334,0.8333333333333334,0.6944444444444445,0.0,0.5999999999999996,12.899999999999999,10,0.8333333333333334,0,0,0,0.16666666666666663,0.8333333333333334,10.75,5.0,1.0,1
1,1,1,9119,1,1,129.0,1,12,1,4,10,124.1,1,0,0,1,1,0,19,0,0,5,10,0,0.0,0,0,5,10,1,14.0,3,7.6,2.6,0.32,0,0.0,0.2,0.0,0.2,14.0,7.0,1,0.1,0,0,1,1.8,0.1,0.7000000000000001,1.0,0.8,1
1,1,3,9500,1,1,143.0,1,1,1,4,4,129.0,1,0,0,1,1,0,18,0,0,8,8,7,12.365714285714288,0,0,8,8,7,12.365714285714288,0,10.8,1.4,1.74,2,0.875,0.875,0.765625,0.0,0.0,12.365714285714288,14,0.875,0,0,1,1.125,0.875,10.820000000000002,7.0,1.0,1
1,1,1,9238,1,1,116.0,1,38,19,8,10,110.8,1,0,0,1,1,0,19,0,0,6,0,0,0.0,0,0,6,0,0,0.0,0,16.2,0.3,-0.92,0,0.0,0.0,0.0,0.0,0.0,0.0,0,0.0,0,0,1,2.0,0.0,0.0,0.0,1.0,1
1,1,1,9773,1,1,128.0,1,1,19,4,4,124.5,0,0,0,1,1,1,19,0,0,6,10,4,14.0,0,0,6,9,6,12.333333333333334,0,9.4,-0.8,-3.12,2,0.6666666666666666,1.0,0.6666666666666666,0.33333333333333337,-1.666666666666666,13.166666666666668,10,0.8333333333333334,0,0,0,0.0,0.8333333333333334,10.972222222222223,6.0,0.6666666666666666,1
2,39,1,9003,1,1,120.0,1,2,2,1,4,100.0,0,0,0,1,1,0,30,0,3,12,12,3,12.0,0,5,12,16,5,11.8,0,15.5,2.8,-4.06,0,0.25,0.4166666666666667,0.10416666666666667,0.16666666666666669,-0.1999999999999993,11.9,8,0.3333333333333333,0,0,1,1.5833333333333333,0.3333333333333333,3.966666666666667,5.0,0.8333333333333333,1
1,43,1,9773,1,1,121.0,1,1,3,9,3,123.8,0,0,0,0,1,0,22,0,0,4,4,0,0.0,4,0,5,8,3,12.0,0,10.8,1.4,1.74,0,0.0,0.6,0.0,0.6,12.0,6.0,3,0.3333333333333333,1,0,2,2.4,0.3333333333333333,2.0,3.0,0.4,1
1,1,1,9147,1,1,115.0,1,38,1,9,8,118.5,0,0,0,1,1,0,21,0,0,5,9,1,10.0,0,0,5,10,1,10.0,0,7.6,2.6,0.32,0,0.2,0.2,0.04000000000000001,0.0,0.0,10.0,2,0.2,0,0,1,1.8,0.2,2.0,1.0,1.0,1
1,1,2,171,1,1,129.0,1,37,37,9,9,122.0,1,0,0,0,1,0,22,0,0,0,0,0,0.0,0,0,0,0,0,0.0,0,7.6,2.6,0.32,0,0.0,0.0,0.0,0.0,0.0,0.0,0,0.0,0,1,2,4.0,0.0,0.0,0.0,1.0,0
1,1,1,9254,1,1,125.0,1,37,37,9,9,122.9,0,0,0,1,1,1,19,0,0,6,7,6,11.166666666666666,0,0,6,12,3,11.666666666666666,0,10.8,1.4,1.74,1,1.0,0.5,0.5,-0.5,0.5,11.416666666666666,9,0.75,0,0,0,0.5,0.75,8.5625,3.0,0.5,1
1,1,1,9238,1,1,125.0,1,19,38,7,7,118.7,0,0,0,1,1,0,20,0,0,6,12,4,11.75,0,0,6,13,3,11.333333333333334,0,15.5,2.8,-4.06,1,0.6666666666666666,0.5,0.3333333333333333,-0.16666666666666663,-0.4166666666666661,11.541666666666668,7,0.5833333333333334,0,0,1,1.5,0.5833333333333334,6.73263888888889,3.0,0.8333333333333334,1
1,39,1,9003,1,19,133.1,1,3,1,2,8,100.0,1,0,0,1,1,0,35,0,0,6,13,3,11.75,0,0,6,10,0,0.0,0,13.9,-0.3,0.79,0,0.5,0.0,0.0,-0.5,-11.75,5.875,3,0.25,0,0,1,2.0,0.25,1.46875,0.0,0.5,1
1,16,2,9147,1,1,131.0,1,37,37,9,9,135.9,1,0,0,1,1,0,20,0,0,5,8,1,10.0,0,0,5,7,1,11.0,0,7.6,2.6,0.32,0,0.2,0.2,0.04000000000000001,0.0,1.0,10.5,2,0.2,0,0,1,1.8,0.2,2.1,1.0,1.0,1
1,1,1,9130,1,1,133.1,1,6,11,4,5,138.4,0,0,0,1,1,0,21,0,0,5,8,3,14.0,0,0,5,5,5,12.8,0,7.6,2.6,0.32,2,0.6,1.0,0.6,0.4,-1.1999999999999993,13.4,8,0.8,0,0,1,1.0,0.8,10.72,5.0,0.6,1
1,39,1,9085,1,12,133.1,1,34,34,99,99,128.2,0,0,1,0,1,0,27,0,0,5,5,0,0.0,0,0,5,5,0,0.0,0,7.6,2.6,0.32,0,0.0,0.0,0.0,0.0,0.0,0.0,0,0.0,0,0,3,4.0,0.0,0.0,0.0,1.0,1
1,43,1,9773,1,1,114.0,1,37,38,9,5,107.4,1,0,0,0,1,0,26,0,0,6,12,3,12.0,0,0,6,15,0,0.0,0,9.4,-0.8,-3.12,0,0.5,0.0,0.0,-0.5,-12.0,6.0,3,0.25,0,0,2,3.0,0.25,1.5,0.0,0.5,1
1,17,1,9773,1,1,127.0,1,1,33,3,3,129.8,0,0,0,0,1,0,20,0,0,6,10,0,0.0,0,0,5,10,0,0.0,0,10.8,1.4,1.74,0,0.0,0.0,0.0,0.0,0.0,0.0,0,0.0,-1,0,2,3.0,0.0,0.0,0.0,1.0,1
1,39,1,9003,1,1,130.0,1,37,37,6,6,100.0,0,0,1,0,1,0,28,0,4,10,19,8,11.88888888888889,0,2,8,17,5,11.6,1,15.5,2.8,-4.06,0,0.8,0.625,0.5,-0.17500000000000004,-0.28888888888888964,11.744444444444444,13,0.7222222222222222,-2,0,3,3.375,0.7222222222222222,8.482098765432099,5.0,0.825,1
1,1,3,9773,1,1,121.0,1,19,38,9,7,113.0,1,0,0,1,1,0,19,0,0,6,6,6,13.833333333333334,0,0,6,6,6,13.666666666666666,0,11.1,0.6,2.02,2,1.0,1.0,1.0,0.0,-0.16666666666666785,13.75,12,1.0,0,0,1,1.0,1.0,13.75,6.0,1.0,1
1,43,1,9991,0,1,120.0,1,37,19,9,9,107.0,0,0,0,0,1,0,47,0,0,5,5,0,0.0,0,0,5,5,0,0.0,0,12.7,3.7,-1.7,0,0.0,0.0,0.0,0.0,0.0,0.0,0,0.0,0,0,2,3.0,0.0,0.0,0.0,1.0,1
4,39,1,9773,1,12,120.0,1,37,37,4,9,130.0,0,0,0,0,1,0,55,0,0,6,8,5,11.4,0,0,6,9,5,12.4,0,10.8,1.4,1.74,0,0.8333333333333334,0.8333333333333334,0.6944444444444445,0.0,1.0,11.9,10,0.8333333333333334,0,0,2,2.1666666666666665,0.8333333333333334,9.916666666666668,5.0,1.0,1
1,43,1,9003,1,1,120.0,1,37,37,5,9,120.0,1,0,0,1,1,0,39,0,0,6,8,0,0.0,0,1,6,8,2,11.0,0,16.2,0.3,-0.92,0,0.0,0.3333333333333333,0.0,0.3333333333333333,11.0,5.5,2,0.16666666666666666,0,0,1,1.6666666666666667,0.16666666666666666,0.9166666666666666,2.0,0.6666666666666667,1
1,39,1,9238,1,1,133.1,1,37,29,0,4,120.5,0,0,0,0,1,0,32,0,0,6,10,2,11.0,0,0,6,12,0,0.0,0,7.6,2.6,0.32,0,0.3333333333333333,0.0,0.0,-0.3333333333333333,-11.0,5.5,2,0.16666666666666666,0,0,2,3.0,0.16666666666666666,0.9166666666666666,0.0,0.6666666666666667,1
1,1,4,9773,1,1,124.0,1,3,12,2,9,137.0,1,0,0,1,1,0,20,0,0,6,6,6,16.833333333333332,0,0,6,6,6,16.666666666666668,0,8.9,1.4,3.51,2,1.0,1.0,1.0,0.0,-0.1666666666666643,16.75,12,1.0,0,0,1,1.0,1.0,16.75,6.0,1.0,1
1,39,1,9254,1,1,150.0,1,37,37,9,9,115.0,0,0,0,1,1,0,36,0,0,6,8,6,13.571428571428571,0,0,6,9,5,13.2,0,12.7,3.7,-1.7,2,1.0,0.8333333333333334,0.8333333333333334,-0.16666666666666663,-0.3714285714285719,13.385714285714286,11,0.9166666666666666,0,0,1,1.1666666666666665,0.9166666666666666,12.270238095238096,5.0,0.8333333333333334,1
1,39,1,9991,0,19,133.1,1,38,19,9,10,142.7,0,0,1,1,1,1,34,0,0,5,11,5,14.714285714285714,0,0,5,14,5,14.375,5,16.2,0.3,-0.92,2,1.0,1.0,1.0,0.0,-0.3392857142857135,14.544642857142858,10,1.0,0,0,1,1.0,1.0,14.544642857142858,5.0,1.0,1
1,1,1,9670,1,1,116.0,1,38,19,0,2,116.7,1,0,0,1,1,0,21,0,0,5,8,0,0.0,0,0,5,5,0,0.0,0,9.4,-0.8,-3.12,0,0.0,0.0,0.0,0.0,0.0,0.0,0,0.0,0,0,1,2.0,0.0,0.0,0.0,1.0,1
1,43,1,9991,0,1,133.1,1,37,19,3,10,136.1,0,0,0,1,1,1,42,0,0,5,14,1,10.0,0,0,5,14,1,11.0,0,13.9,-0.3,0.79,0,0.2,0.2,0.04000000000000001,0.0,1.0,10.5,2,0.2,0,0,0,0.8,0.2,2.1,1.0,1.0,1
1,18,1,9773,1,1,167.0,1,38,38,6,7,153.0,1,0,0,1,1,1,18,0,0,6,6,1,11.0,0,0,6,0,0,0.0,0,8.9,1.4,3.51,0,0.16666666666666666,0.0,0.0,-0.16666666666666666,-11.0,5.5,1,0.08333333333333333,0,0,0,1.0,0.08333333333333333,0.4583333333333333,0.0,0.8333333333333334,1
1,1,1,9773,1,1,140.0,1,19,38,9,9,132.0,0,0,0,1,1,1,18,0,0,6,6,5,12.0,0,0,6,6,6,12.833333333333334,0,12.7,3.7,-1.7,2,0.8333333333333334,1.0,0.8333333333333334,0.16666666666666663,0.8333333333333339,12.416666666666668,11,0.9166666666666666,0,0,0,0.0,0.9166666666666666,11.381944444444445,6.0,0.8333333333333334,1
1,1,2,9238,1,1,124.0,1,38,19,9,7,129.6,1,0,0,1,1,0,19,0,0,6,10,6,11.125,0,0,6,7,6,11.857142857142858,0,7.6,2.6,0.32,2,1.0,1.0,1.0,0.0,0.7321428571428577,11.491071428571429,12,1.0,0,0,1,1.0,1.0,11.491071428571429,6.0,1.0,1
1,43,1,9085,1,1,110.0,1,3,19,4,6,105.0,0,0,1,0,1,0,34,0,2,6,13,3,11.333333333333334,0,0,6,8,2,11.5,0,13.9,-0.3,0.79,0,0.5,0.3333333333333333,0.16666666666666666,-0.16666666666666669,0.16666666666666607,11.416666666666668,5,0.4166666666666667,0,0,3,3.666666666666667,0.4166666666666667,4.7569444444444455,2.0,0.8333333333333333,1
1,17,2,9773,1,1,150.0,1,1,1,4,5,130.8,0,0,0,1,1,0,20,0,0,6,15,2,12.0,0,0,6,12,0,0.0,0,10.8,1.4,1.74,0,0.3333333333333333,0.0,0.0,-0.3333333333333333,-12.0,6.0,2,0.16666666666666666,0,0,1,2.0,0.16666666666666666,1.0,0.0,0.6666666666666667,1
1,1,1,9500,1,1,123.0,1,37,37,7,7,119.7,0,0,0,1,1,0,20,0,0,7,8,0,0.0,1,0,7,7,0,0.0,0,13.9,-0.3,0.79,0,0.0,0.0,0.0,0.0,0.0,0.0,0,0.0,0,0,1,2.0,0.0,0.0,0.0,1.0,1
1,17,1,9500,1,1,152.0,1,19,19,4,9,132.5,0,0,0,1,1,0,21,0,0,8,8,7,14.54,0,0,8,8,7,14.54,0,10.8,1.4,1.74,2,0.875,0.875,0.765625,0.0,0.0,14.54,14,0.875,0,0,1,1.125,0.875,12.7225,7.0,1.0,1
1,44,1,9003,1,39,130.0,1,1,19,3,10,130.0,1,0,0,1,1,0,19,0,0,6,9,6,12.166666666666666,0,0,6,14,4,13.0,0,12.4,0.5,1.79,2,1.0,0.6666666666666666,0.6666666666666666,-0.33333333333333337,0.8333333333333339,12.583333333333332,10,0.8333333333333334,0,0,1,1.3333333333333335,0.8333333333333334,10.48611111111111,4.0,0.6666666666666666,1
1,39,1,9085,1,1,133.1,1,1,1,4,4,120.0,0,0,1,0,1,0,31,0,0,5,13,4,13.5,1,0,5,12,3,11.666666666666666,1,9.4,-0.8,-3.12,0,0.8,0.6,0.48,-0.20000000000000007,-1.833333333333334,12.583333333333332,7,0.7,0,0,3,3.4,0.7,8.808333333333332,3.0,0.7999999999999999,1
1,17,1,9670,1,1,133.1,1,1,37,4,5,150.0,0,0,0,1,1,0,21,0,0,6,8,6,14.75,0,0,6,9,5,14.333333333333334,0,11.1,0.6,2.02,2,1.0,0.8333333333333334,0.8333333333333334,-0.16666666666666663,-0.4166666666666661,14.541666666666668,11,0.9166666666666666,0,0,1,1.1666666666666665,0.9166666666666666,13.329861111111112,5.0,0.8333333333333334,1
1,1,1,9147,1,1,124.0,1,38,38,9,9,115.6,0,0,0,1,1,1,20,0,0,5,8,5,12.375,0,0,5,7,5,11.666666666666666,0,13.9,-0.3,0.79,2,1.0,1.0,1.0,0.0,-0.7083333333333339,12.020833333333332,10,1.0,0,0,0,0.0,1.0,12.020833333333332,5.0,1.0,1
1,43,2,9500,1,6,119.1,1,1,19,4,10,119.1,0,0,0,1,1,0,22,0,0,7,7,6,12.733333333333334,0,0,7,7,6,12.733333333333334,0,7.6,2.6,0.32,2,0.8571428571428571,0.8571428571428571,0.7346938775510203,0.0,0.0,12.733333333333334,12,0.8571428571428571,0,0,1,1.1428571428571428,0.8571428571428571,10.914285714285715,6.0,1.0,1
1,1,2,9070,1,1,128.0,1,19,19,3,3,123.5,1,1,0,0,1,0,19,0,0,6,9,4,12.5,0,0,6,6,0,0.0,0,9.4,-0.8,-3.12,0,0.6666666666666666,0.0,0.0,-0.6666666666666666,-12.5,6.25,4,0.3333333333333333,0,0,2,3.0,0.3333333333333333,2.083333333333333,0.0,0.33333333333333337,1
1,39,1,9130,1,1,133.1,1,1,1,90,1,120.0,1,0,1,0,1,0,41,0,0,5,5,0,0.0,1,0,5,5,0,0.0,5,12.7,3.7,-1.7,0,0.0,0.0,0.0,0.0,0.0,0.0,0,0.0,0,0,3,4.0,0.0,0.0,0.0,1.0,1
1,43,1,9500,1,19,133.1,1,34,34,0,0,110.0,1,0,0,1,1,0,27,0,0,7,7,0,0.0,6,0,7,7,0,0.0,6,7.6,2.6,0.32,0,0.0,0.0,0.0,0.0,0.0,0.0,0,0.0,0,0,1,2.0,0.0,0.0,0.0,1.0,1
1,18,2,9500,1,1,141.0,24,1,1,4,3,126.8,1,0,0,1,0,1,20,1,0,8,8,8,14.2,0,0,8,8,8,14.2,0,9.4,-0.8,-3.12,2,1.0,1.0,1.0,0.0,0.0,14.2,16,1.0,0,0,0,0.0,1.0,14.2,8.0,1.0,1
1,43,4,9500,1,6,118.9,1,38,37,5,9,118.9,1,0,0,1,0,1,19,0,0,7,7,6,13.55,0,0,7,7,6,13.55,0,7.6,2.6,0.32,2,0.8571428571428571,0.8571428571428571,0.7346938775510203,0.0,0.0,13.55,12,0.8571428571428571,0,0,0,0.1428571428571429,0.8571428571428571,11.614285714285714,6.0,1.0,1
2,39,1,9991,0,1,160.0,1,37,37,9,9,160.0,0,0,0,1,0,0,35,0,0,5,5,5,11.6,0,0,5,6,5,11.166666666666666,0,15.5,2.8,-4.06,2,1.0,1.0,1.0,0.0,-0.43333333333333357,11.383333333333333,10,1.0,0,0,1,1.0,1.0,11.383333333333333,5.0,1.0,1
1,17,5,9773,1,1,111.0,1,19,12,7,3,115.9,1,0,0,1,0,0,22,0,0,6,7,6,13.571428571428571,0,0,6,7,6,15.285714285714286,0,13.9,-0.3,0.79,2,1.0,1.0,1.0,0.0,1.7142857142857153,14.428571428571429,12,1.0,0,0,1,1.0,1.0,14.428571428571429,6.0,1.0,1
1,1,2,9254,1,1,111.0,1,1,19,5,7,109.3,1,0,0,1,0,1,20,0,0,6,6,6,13.833333333333334,0,0,6,6,6,15.0,0,11.1,0.6,2.02,2,1.0,1.0,1.0,0.0,1.166666666666666,14.416666666666668,12,1.0,0,0,0,0.0,1.0,14.416666666666668,6.0,1.0,1
1,1,1,9670,1,1,123.0,1,37,38,9,9,113.9,1,0,1,0,0,0,18,0,0,6,7,4,11.25,0,0,6,9,4,10.857142857142858,0,10.8,1.4,1.74,0,0.6666666666666666,0.6666666666666666,0.4444444444444444,0.0,-0.39285714285714235,11.053571428571429,8,0.6666666666666666,0,0,3,3.3333333333333335,0.6666666666666666,7.369047619047619,4.0,1.0,1
1,1,1,9238,1,1,133.0,1,37,37,9,9,121.8,1,0,0,1,0,1,18,0,0,6,7,5,10.2,0,0,6,9,4,11.25,0,12.4,0.5,1.79,2,0.8333333333333334,0.6666666666666666,0.5555555555555556,-0.16666666666666674,1.0500000000000007,10.725,9,0.75,0,0,0,0.33333333333333337,0.75,8.04375,4.0,0.8333333333333333,1
1,7,1,9500,1,3,140.0,1,1,37,9,5,140.0,0,0,0,1,0,0,30,0,0,8,8,7,15.675714285714283,0,0,8,8,7,15.675714285714283,0,10.8,1.4,1.74,2,0.875,0.875,0.765625,0.0,0.0,15.675714285714283,14,0.875,0,0,1,1.125,0.875,13.716249999999999,7.0,1.0,1
1,18,1,9238,1,1,122.0,1,38,38,9,7,114.7,0,0,1,1,0,1,18,0,0,6,9,6,10.833333333333334,0,0,6,8,6,12.0,0,11.1,0.6,2.02,2,1.0,1.0,1.0,0.0,1.166666666666666,11.416666666666668,12,1.0,0,0,1,1.0,1.0,11.416666666666668,6.0,1.0,1
1,17,1,9085,1,1,139.0,1,38,38,5,3,136.2,0,0,0,1,0,0,19,0,0,5,7,5,13.0,1,0,5,7,5,13.333333333333334,0,7.6,2.6,0.32,2,1.0,1.0,1.0,0.0,0.3333333333333339,13.166666666666668,10,1.0,0,0,1,1.0,1.0,13.166666666666668,5.0,1.0,1
1,1,2,9556,1,1,130.0,1,1,38,3,8,119.5,1,0,0,1,0,1,21,0,0,7,7,7,12.242857142857144,0,0,8,8,8,14.125,0,15.5,2.8,-4.06,2,1.0,1.0,1.0,0.0,1.8821428571428562,13.183928571428572,15,1.0,1,0,0,0.0,1.0,13.183928571428572,8.0,1.0,1
1,1,3,9147,1,1,143.0,1,1,1,5,7,133.2,1,0,0,1,0,1,18,0,0,5,11,4,14.25,0,0,5,7,4,12.5,0,12.7,3.7,-1.7,2,0.8,0.8,0.6400000000000001,0.0,-1.75,13.375,8,0.8,0,0,0,0.19999999999999996,0.8,10.700000000000001,4.0,1.0,1
4,39,1,9085,1,1,110.0,1,37,37,90,90,110.0,0,0,0,0,0,0,35,0,0,5,14,1,12.0,2,0,5,11,2,10.5,1,9.4,-0.8,-3.12,0,0.2,0.4,0.08000000000000002,0.2,-1.5,11.25,3,0.3,0,0,2,2.6,0.3,3.375,2.0,0.8,1
1,1,1,9500,1,1,140.0,1,38,37,9,7,130.0,1,0,0,1,1,1,18,0,0,7,7,6,13.183333333333332,0,0,7,7,6,13.183333333333332,0,7.6,2.6,0.32,2,0.8571428571428571,0.8571428571428571,0.7346938775510203,0.0,0.0,13.183333333333332,12,0.8571428571428571,0,0,0,0.1428571428571429,0.8571428571428571,11.299999999999999,6.0,1.0,1
1,17,1,9500,1,1,134.0,1,38,1,9,6,133.5,1,0,0,1,1,1,20,0,0,7,8,7,11.9725,0,0,8,8,8,12.65125,0,15.5,2.8,-4.06,2,1.0,1.0,1.0,0.0,0.6787499999999991,12.311875,15,1.0,1,0,0,0.0,1.0,12.311875,8.0,1.0,1
2,39,1,9254,1,1,130.0,1,37,37,4,7,120.0,1,0,0,1,0,0,34,0,0,6,7,5,12.4,0,0,6,8,5,12.8,0,9.4,-0.8,-3.12,2,0.8333333333333334,0.8333333333333334,0.6944444444444445,0.0,0.40000000000000036,12.600000000000001,10,0.8333333333333334,0,0,1,1.1666666666666665,0.8333333333333334,10.500000000000002,5.0,1.0,1
1,1,3,9500,1,1,142.0,1,37,38,9,9,137.3,1,0,0,1,0,1,22,0,0,7,7,6,13.9,0,0,7,7,6,13.9,0,7.6,2.6,0.32,2,0.8571428571428571,0.8571428571428571,0.7346938775510203,0.0,0.0,13.9,12,0.8571428571428571,0,0,0,0.1428571428571429,0.8571428571428571,11.914285714285715,6.0,1.0,1
1,17,3,9254,1,1,127.0,1,37,37,9,6,123.5,1,0,0,1,0,1,20,0,0,6,11,4,11.5,0,0,6,12,3,11.0,0,7.6,2.6,0.32,1,0.6666666666666666,0.5,0.3333333333333333,-0.16666666666666663,-0.5,11.25,7,0.5833333333333334,0,0,0,0.5,0.5833333333333334,6.5625,3.0,0.8333333333333334,1
2,39,1,9147,1,1,140.0,1,37,37,6,10,131.8,0,0,0,1,0,0,35,0,0,5,6,4,14.2,0,0,5,10,4,11.857142857142858,0,10.8,1.4,1.74,1,0.8,0.8,0.6400000000000001,0.0,-2.3428571428571416,13.028571428571428,8,0.8,0,0,1,1.2,0.8,10.422857142857143,4.0,1.0,1
2,39,1,9147,1,1,140.0,1,38,37,4,7,130.0,1,0,0,0,0,0,39,0,0,5,12,3,10.666666666666666,2,0,5,15,3,10.666666666666666,0,9.4,-0.8,-3.12,0,0.6,0.6,0.36,0.0,0.0,10.666666666666666,6,0.6,0,0,2,2.4,0.6,6.3999999999999995,3.0,1.0,1
1,18,6,9500,1,1,142.0,1,38,37,9,5,128.0,1,0,0,0,0,0,19,0,0,7,14,0,0.0,0,0,8,0,0,0.0,0,11.1,0.6,2.02,0,0.0,0.0,0.0,0.0,0.0,0.0,0,0.0,1,0,2,3.0,0.0,0.0,0.0,1.0,1
1,1,2,9500,1,1,124.0,1,37,37,9,9,116.0,1,0,0,1,0,1,21,0,0,8,8,7,13.957142857142856,0,0,8,8,7,13.957142857142856,0,12.7,3.7,-1.7,2,0.875,0.875,0.765625,0.0,0.0,13.957142857142856,14,0.875,0,0,0,0.125,0.875,12.212499999999999,7.0,1.0,1
2,39,1,9238,1,1,126.6,1,38,38,9,7,107.5,0,0,1,1,0,1,42,0,0,6,8,6,13.333333333333334,0,0,6,7,6,15.285714285714286,0,11.1,0.6,2.02,2,1.0,1.0,1.0,0.0,1.9523809523809526,14.30952380952381,12,1.0,0,0,1,1.0,1.0,14.30952380952381,6.0,1.0,1
1,39,1,9119,1,1,110.0,1,37,37,90,90,108.4,1,0,0,1,0,0,34,0,0,5,5,0,0.0,0,0,5,6,0,0.0,0,10.8,1.4,1.74,0,0.0,0.0,0.0,0.0,0.0,0.0,0,0.0,0,0,1,2.0,0.0,0.0,0.0,1.0,1
2,44,1,8014,0,39,160.0,1,37,19,9,10,155.9,0,0,0,1,0,0,33,0,3,6,7,6,15.714285714285714,0,2,6,7,6,15.5,0,13.9,-0.3,0.79,2,1.0,1.0,1.0,0.0,-0.21428571428571352,15.607142857142858,12,1.0,0,0,1,1.0,1.0,15.607142857142858,6.0,1.0,1
1,1,4,9254,1,1,105.0,1,1,19,9,6,106.1,1,0,0,1,0,0,20,0,0,6,8,5,11.0,0,0,6,9,5,11.4,0,13.9,-0.3,0.79,2,0.8333333333333334,0.8333333333333334,0.6944444444444445,0.0,0.40000000000000036,11.2,10,0.8333333333333334,0,0,1,1.1666666666666665,0.8333333333333334,9.333333333333334,5.0,1.0,1
1,1,2,9670,1,1,130.0,1,26,30,0,5,128.6,1,0,1,1,0,0,19,0,0,5,8,4,12.25,0,0,5,7,4,12.75,2,7.6,2.6,0.32,2,0.8,0.8,0.6400000000000001,0.0,0.5,12.5,8,0.8,0,0,2,2.2,0.8,10.0,4.0,1.0,1
1,1,1,9147,1,1,138.0,1,37,37,9,6,145.0,1,0,0,1,0,0,18,0,0,5,6,5,13.0,0,0,5,5,5,14.0,0,7.6,2.6,0.32,2,1.0,1.0,1.0,0.0,1.0,13.5,10,1.0,0,0,1,1.0,1.0,13.5,5.0,1.0,1
1,17,1,8014,0,1,120.0,1,38,37,6,6,113.0,0,0,0,1,0,1,24,0,0,6,11,4,12.0,0,0,6,7,6,13.0,0,10.8,1.4,1.74,2,0.6666666666666666,1.0,0.6666666666666666,0.33333333333333337,1.0,12.5,10,0.8333333333333334,0,0,0,0.0,0.8333333333333334,10.416666666666668,6.0,0.6666666666666666,1
1,1,1,9853,1,1,135.0,1,19,12,9,7,137.1,1,0,0,1,0,0,18,0,0,6,6,6,13.333333333333334,0,0,6,7,6,12.333333333333334,0,7.6,2.6,0.32,2,1.0,1.0,1.0,0.0,-1.0,12.833333333333334,12,1.0,0,0,1,1.0,1.0,12.833333333333334,6.0,1.0,1
1,1,1,9670,1,1,119.0,1,37,37,10,6,119.7,1,0,0,1,0,0,20,0,0,5,6,3,13.0,0,0,5,7,3,13.0,1,7.6,2.6,0.32,1,0.6,0.6,0.36,0.0,0.0,13.0,6,0.6,0,0,1,1.4,0.6,7.8,3.0,1.0,1
1,17,1,9500,1,1,121.0,1,1,1,4,3,120.5,1,0,0,1,0,0,21,0,0,8,8,7,12.91,0,0,8,8,7,12.91,0,10.8,1.4,1.74,2,0.875,0.875,0.765625,0.0,0.0,12.91,14,0.875,0,0,1,1.125,0.875,11.29625,7.0,1.0,1
1,17,4,9500,1,1,132.0,1,38,19,5,7,125.5,0,0,0,1,0,1,19,0,0,7,8,6,13.579999999999998,0,0,8,8,8,12.93625,0,15.5,2.8,-4.06,2,0.8571428571428571,1.0,0.8571428571428571,0.1428571428571429,-0.6437499999999989,13.258125,14,0.9333333333333333,1,0,0,0.0,0.9333333333333333,12.37425,8.0,0.8571428571428571,1
1,1,1,9238,1,1,128.0,1,19,19,5,5,124.5,1,0,0,1,0,1,18,0,0,6,10,4,12.4,0,0,6,8,6,12.5,0,12.4,0.5,1.79,2,0.6666666666666666,1.0,0.6666666666666666,0.33333333333333337,0.09999999999999964,12.45,10,0.8333333333333334,0,0,0,0.0,0.8333333333333334,10.375,6.0,0.6666666666666666,1
4,39,1,8014,0,1,160.0,1,37,37,5,5,126.0,0,0,0,1,0,1,38,0,4,9,13,8,12.88888888888889,0,2,7,9,7,13.0,0,13.9,-0.3,0.79,2,0.8888888888888888,1.0,0.8888888888888888,0.11111111111111116,0.11111111111111072,12.944444444444445,15,0.9375,-2,0,0,0.0,0.9375,12.135416666666666,7.0,0.8888888888888888,1
1,1,1,171,1,1,125.0,1,19,19,5,4,136.2,1,0,1,1,1,0,21,0,6,12,12,11,11.545454545454543,0,4,11,18,9,11.7,1,8.9,1.4,3.51,1,0.9166666666666666,0.8181818181818182,0.75,-0.0984848484848484,0.1545454545454561,11.622727272727271,20,0.8695652173913043,-1,0,2,2.1818181818181817,0.8695652173913043,10.106719367588932,9.0,0.9015151515151516,1
1,17,5,9500,1,1,147.0,1,19,1,4,3,138.5,1,0,0,1,0,0,19,0,0,8,8,8,14.34125,0,0,8,8,8,14.34125,0,9.4,-0.8,-3.12,2,1.0,1.0,1.0,0.0,0.0,14.34125,16,1.0,0,0,1,1.0,1.0,14.34125,8.0,1.0,1
1,1,2,9773,1,1,130.0,1,38,37,5,3,122.3,1,0,1,0,0,0,18,0,0,6,8,6,14.142857142857142,0,0,6,6,5,12.0,0,13.9,-0.3,0.79,0,1.0,0.8333333333333334,0.8333333333333334,-0.16666666666666663,-2.1428571428571423,13.071428571428571,11,0.9166666666666666,0,0,3,3.1666666666666665,0.9166666666666666,11.982142857142856,5.0,0.8333333333333334,1
1,1,6,171,1,1,134.0,1,19,37,5,5,126.0,1,0,0,1,0,1,18,0,0,0,0,0,0.0,0,0,0,0,0,0.0,0,9.4,-0.8,-3.12,2,0.0,0.0,0.0,0.0,0.0,0.0,0,0.0,0,1,0,2.0,0.0,0.0,0.0,1.0,0
1,1,1,9773,1,1,151.0,2,1,1,5,9,146.5,0,0,0,1,0,1,18,1,0,6,6,6,13.333333333333334,0,0,6,6,6,14.166666666666666,0,12.7,3.7,-1.7,2,1.0,1.0,1.0,0.0,0.8333333333333321,13.75,12,1.0,0,0,0,0.0,1.0,13.75,6.0,1.0,1
1,1,1,9130,1,1,132.0,1,3,1,4,9,121.9,1,0,0,1,0,0,18,0,0,6,8,6,14.5,0,0,6,9,6,12.857142857142858,0,13.9,-0.3,0.79,2,1.0,1.0,1.0,0.0,-1.6428571428571423,13.678571428571429,12,1.0,0,0,1,1.0,1.0,13.678571428571429,6.0,1.0,1
1,7,1,9991,0,40,130.0,1,19,19,7,3,130.0,0,0,0,1,0,0,26,0,5,10,13,8,12.666666666666666,0,5,10,12,10,13.4,0,11.1,0.6,2.02,2,0.8,1.0,0.8,0.19999999999999996,0.7333333333333343,13.033333333333333,18,0.9,0,0,1,1.0,0.9,11.73,10.0,0.8,1
1,1,1,9147,1,1,126.0,1,19,19,9,9,115.2,0,0,1,1,0,0,19,0,0,5,13,1,10.0,0,0,5,8,2,10.0,0,12.4,0.5,1.79,1,0.2,0.4,0.08000000000000002,0.2,0.0,10.0,3,0.3,0,0,2,2.6,0.3,3.0,2.0,0.8,1
1,18,3,9670,1,1,119.0,1,38,38,9,9,115.2,1,0,0,1,0,1,19,0,0,6,10,0,0.0,0,0,6,6,0,0.0,0,12.7,3.7,-1.7,0,0.0,0.0,0.0,0.0,0.0,0.0,0,0.0,0,0,0,1.0,0.0,0.0,0.0,1.0,1
1,1,1,9254,1,1,123.0,1,38,37,5,5,125.1,0,0,0,1,0,0,19,0,0,6,12,4,11.0,0,0,6,6,4,12.5,0,16.2,0.3,-0.92,1,0.6666666666666666,0.6666666666666666,0.4444444444444444,0.0,1.5,11.75,8,0.6666666666666666,0,0,1,1.3333333333333335,0.6666666666666666,7.833333333333333,4.0,1.0,1
1,1,3,9254,1,1,121.0,1,19,19,9,9,125.9,1,0,0,1,0,0,22,0,0,6,10,4,10.0,0,0,6,12,2,13.5,0,9.4,-0.8,-3.12,1,0.6666666666666666,0.3333333333333333,0.2222222222222222,-0.3333333333333333,3.5,11.75,6,0.5,0,0,1,1.6666666666666667,0.5,5.875,2.0,0.6666666666666667,1
1,1,2,9500,1,1,138.0,1,19,1,5,5,128.0,1,0,0,1,0,0,19,0,0,7,7,7,14.20857142857143,0,0,8,9,8,15.127777777777778,0,11.1,0.6,2.02,2,1.0,1.0,1.0,0.0,0.9192063492063482,14.668174603174604,15,1.0,1,0,1,1.0,1.0,14.668174603174604,8.0,1.0,1
1,1,5,9500,1,1,118.0,1,3,1,5,10,113.5,1,0,0,1,0,0,20,0,0,7,7,7,14.30714285714286,0,0,8,8,8,15.0125,0,12.4,0.5,1.79,2,1.0,1.0,1.0,0.0,0.7053571428571388,14.65982142857143,15,1.0,1,0,1,1.0,1.0,14.65982142857143,8.0,1.0,1
2,39,1,9147,1,1,120.0,1,37,37,5,5,124.6,0,0,0,1,0,0,36,0,0,5,8,3,11.0,0,0,5,12,4,13.375,0,10.8,1.4,1.74,1,0.6,0.8,0.48,0.20000000000000007,2.375,12.1875,7,0.7,0,0,1,1.2,0.7,8.53125,4.0,0.7999999999999999,1
1,39,1,9853,1,19,133.1,1,19,4,9,4,116.0,1,0,0,1,0,0,29,0,0,7,14,0,0.0,0,0,6,6,0,0.0,0,11.1,0.6,2.02,0,0.0,0.0,0.0,0.0,0.0,0.0,0,0.0,-1,0,1,2.0,0.0,0.0,0.0,1.0,1
1,17,3,9238,1,1,141.0,1,3,3,2,2,124.9,1,0,0,1,0,0,19,0,0,6,10,6,12.0,0,0,6,12,4,11.0,0,12.7,3.7,-1.7,2,1.0,0.6666666666666666,0.6666666666666666,-0.33333333333333337,-1.0,11.5,10,0.8333333333333334,0,0,1,1.3333333333333335,0.8333333333333334,9.583333333333334,4.0,0.6666666666666666,1
5,39,1,9147,1,1,180.0,1,1,1,4,8,140.5,0,0,1,0,0,0,24,0,0,5,0,0,0.0,0,0,5,0,0,0.0,0,13.9,-0.3,0.79,0,0.0,0.0,0.0,0.0,0.0,0.0,0,0.0,0,0,3,4.0,0.0,0.0,0.0,1.0,1
5,39,1,9003,1,1,180.0,1,1,1,4,8,179.6,0,0,1,0,0,0,27,0,0,6,6,0,0.0,0,0,6,7,0,0.0,0,8.9,1.4,3.51,0,0.0,0.0,0.0,0.0,0.0,0.0,0,0.0,0,0,3,4.0,0.0,0.0,0.0,1.0,1
1,17,1,9773,1,1,115.0,1,37,37,9,8,116.1,1,0,0,1,0,1,18,0,0,6,7,6,13.857142857142858,0,0,6,7,6,14.285714285714286,0,13.9,-0.3,0.79,2,1.0,1.0,1.0,0.0,0.4285714285714288,14.071428571428573,12,1.0,0,0,0,0.0,1.0,14.071428571428573,6.0,1.0,1
1,17,2,171,1,1,142.0,1,3,1,2,6,139.4,1,0,0,1,0,1,18,0,0,0,0,0,0.0,0,0,0,0,0,0.0,0,15.5,2.8,-4.06,2,0.0,0.0,0.0,0.0,0.0,0.0,0,0.0,0,1,0,2.0,0.0,0.0,0.0,1.0,0
1,17,4,9556,1,1,135.0,1,38,37,3,7,129.0,1,0,0,1,0,0,21,0,0,7,0,0,0.0,0,0,7,0,0,0.0,0,12.7,3.7,-1.7,0,0.0,0.0,0.0,0.0,0.0,0.0,0,0.0,0,0,1,2.0,0.0,0.0,0.0,1.0,1
2,39,1,9670,1,1,150.0,1,37,19,9,4,135.6,0,0,0,1,0,1,43,0,0,6,8,5,11.0,0,0,6,9,5,13.0,0,12.4,0.5,1.79,2,0.8333333333333334,0.8333333333333334,0.6944444444444445,0.0,2.0,12.0,10,0.8333333333333334,0,0,0,0.16666666666666663,0.8333333333333334,10.0,5.0,1.0,1
1,43,1,9147,1,1,153.0,1,1,19,9,10,147.8,0,0,0,1,0,1,18,0,0,5,9,5,13.2,0,0,5,13,5,14.4,5,16.2,0.3,-0.92,2,1.0,1.0,1.0,0.0,1.200000000000001,13.8,10,1.0,0,0,0,0.0,1.0,13.8,5.0,1.0,1
1,7,1,9147,1,3,150.0,1,6,27,1,7,150.0,0,0,0,1,0,0,26,0,0,5,5,0,0.0,0,0,5,0,0,0.0,0,9.4,-0.8,-3.12,0,0.0,0.0,0.0,0.0,0.0,0.0,0,0.0,0,0,1,2.0,0.0,0.0,0.0,1.0,1
1,1,6,9500,1,1,144.0,1,1,19,9,4,130.8,1,0,0,1,0,1,19,0,0,8,8,7,14.214285714285714,0,0,8,8,7,14.214285714285714,0,12.7,3.7,-1.7,2,0.875,0.875,0.765625,0.0,0.0,14.214285714285714,14,0.875,0,0,0,0.125,0.875,12.4375,7.0,1.0,1
1,1,1,9085,1,1,130.0,1,37,11,90,90,122.6,0,0,0,1,0,0,18,0,0,5,5,5,13.0,0,0,5,5,5,12.4,0,7.6,2.6,0.32,2,1.0,1.0,1.0,0.0,-0.5999999999999996,12.7,10,1.0,0,0,1,1.0,1.0,12.7,5.0,1.0,1
1,1,1,9773,1,1,125.0,1,3,2,2,1,119.1,1,0,0,1,0,0,22,0,0,6,13,2,12.0,0,0,6,14,1,10.0,0,9.4,-0.8,-3.12,0,0.3333333333333333,0.16666666666666666,0.05555555555555555,-0.16666666666666666,-2.0,11.0,3,0.25,0,0,1,1.8333333333333335,0.25,2.75,1.0,0.8333333333333334,1
1,39,1,9500,1,19,133.1,1,1,19,4,10,111.8,1,0,0,1,0,0,27,0,0,7,0,0,0.0,0,0,8,0,0,0.0,0,11.1,0.6,2.02,0,0.0,0.0,0.0,0.0,0.0,0.0,0,0.0,1,0,1,2.0,0.0,0.0,0.0,1.0,1
1,1,3,9147,1,1,133.0,1,38,19,9,10,125.0,1,0,0,1,0,0,18,0,0,5,6,5,12.8,1,0,5,6,5,12.6,0,9.4,-0.8,-3.12,2,1.0,1.0,1.0,0.0,-0.20000000000000107,12.7,10,1.0,0,0,1,1.0,1.0,12.7,5.0,1.0,1
1,17,1,9085,1,1,140.0,1,37,38,7,9,129.9,0,0,0,1,0,0,19,0,0,5,11,4,13.6,2,0,5,9,4,12.2,0,9.4,-0.8,-3.12,2,0.8,0.8,0.6400000000000001,0.0,-1.4000000000000004,12.899999999999999,8,0.8,0,0,1,1.2,0.8,10.32,4.0,1.0,1
1,17,4,9500,1,1,133.0,1,19,19,3,10,131.1,1,0,0,1,0,0,18,0,0,7,7,7,13.971428571428572,0,0,8,8,8,15.75,0,13.9,-0.3,0.79,2,1.0,1.0,1.0,0.0,1.7785714285714285,14.860714285714286,15,1.0,1,0,1,1.0,1.0,14.860714285714286,8.0,1.0,1
1,1,1,9085,1,1,154.0,1,38,37,4,4,141.4,0,0,0,1,0,1,19,0,0,6,8,6,15.0,0,0,6,9,6,14.857142857142858,0,11.1,0.6,2.02,2,1.0,1.0,1.0,0.0,-0.14285714285714235,14.928571428571429,12,1.0,0,0,0,0.0,1.0,14.928571428571429,6.0,1.0,1
1,39,1,9085,1,1,133.1,1,37,37,9,9,120.0,0,0,0,0,0,0,32,0,0,6,0,0,0.0,0,0,6,0,0,0.0,0,11.1,0.6,2.02,0,0.0,0.0,0.0,0.0,0.0,0.0,0,0.0,0,0,2,3.0,0.0,0.0,0.0,1.0,1
1,42,1,9500,1,1,168.0,1,37,1,9,4,133.4,1,0,0,1,0,0,23,0,20,26,27,26,15.07777777777778,0,14,17,17,17,15.023529411764704,0,15.5,2.8,-4.06,2,1.0,1.0,1.0,0.0,-0.054248366013075255,15.05065359477124,43,1.0,-9,0,1,1.0,1.0,15.05065359477124,17.0,1.0,1
1,17,3,9500,1,1,132.0,1,37,37,4,3,127.3,1,0,0,1,0,0,20,0,0,7,7,6,13.383333333333333,0,0,7,7,6,13.383333333333333,0,7.6,2.6,0.32,2,0.8571428571428571,0.8571428571428571,0.7346938775510203,0.0,0.0,13.383333333333333,12,0.8571428571428571,0,0,1,1.1428571428571428,0.8571428571428571,11.47142857142857,6.0,1.0,1
1,1,1,171,1,1,133.1,1,19,38,5,5,131.8,1,0,1,1,0,0,20,0,6,12,12,12,13.25,0,4,11,16,10,13.090909090909092,0,8.9,1.4,3.51,2,1.0,0.9090909090909091,0.9090909090909091,-0.09090909090909094,-0.15909090909090828,13.170454545454547,22,0.9565217391304348,-1,0,2,2.090909090909091,0.9565217391304348,12.597826086956523,10.0,0.9090909090909091,1
1,17,1,9238,1,1,120.0,1,19,19,4,5,114.8,1,0,1,0,0,0,19,0,0,6,10,5,11.714285714285714,0,0,6,13,2,10.666666666666666,0,16.2,0.3,-0.92,0,0.8333333333333334,0.3333333333333333,0.2777777777777778,-0.5,-1.0476190476190474,11.19047619047619,7,0.5833333333333334,0,0,3,3.666666666666667,0.5833333333333334,6.527777777777778,2.0,0.5,1
1,1,3,9500,1,1,150.0,1,19,19,5,5,132.8,1,0,0,1,0,1,18,0,0,8,8,8,13.01125,0,0,8,8,8,13.01125,0,9.4,-0.8,-3.12,2,1.0,1.0,1.0,0.0,0.0,13.01125,16,1.0,0,0,0,0.0,1.0,13.01125,8.0,1.0,1
1,44,1,9991,0,39,160.0,1,37,37,9,9,160.0,0,0,0,1,0,0,26,0,0,5,5,5,12.0,0,0,5,7,5,11.4,0,12.7,3.7,-1.7,2,1.0,1.0,1.0,0.0,-0.5999999999999996,11.7,10,1.0,0,0,1,1.0,1.0,11.7,5.0,1.0,1
1,1,1,9070,1,1,131.0,1,37,37,3,3,131.7,1,0,0,1,0,0,20,0,0,6,6,6,12.166666666666666,0,0,6,7,5,13.8,0,12.7,3.7,-1.7,2,1.0,0.8333333333333334,0.8333333333333334,-0.16666666666666663,1.6333333333333346,12.983333333333334,11,0.9166666666666666,0,0,1,1.1666666666666665,0.9166666666666666,11.901388888888889,5.0,0.8333333333333334,1
1,1,1,9500,1,1,114.0,1,19,38,5,3,112.6,1,0,0,1,0,0,19,0,0,7,10,6,11.85,0,0,8,10,7,13.65,0,16.2,0.3,-0.92,2,0.8571428571428571,0.875,0.75,0.017857142857142905,1.8000000000000007,12.75,13,0.8666666666666667,1,0,1,1.125,0.8666666666666667,11.05,7.0,0.9821428571428571,1
1,39,1,9991,0,1,120.0,1,37,37,9,9,111.1,0,0,0,1,0,0,31,0,0,5,8,4,11.0,0,0,5,6,5,11.2,0,7.6,2.6,0.32,2,0.8,1.0,0.8,0.19999999999999996,0.1999999999999993,11.1,9,0.9,0,0,1,1.0,0.9,9.99,5.0,0.8,1
1,43,3,9500,1,1,140.0,1,1,19,9,7,127.5,1,0,1,1,0,1,20,0,0,7,9,7,12.327777777777778,0,0,8,10,8,11.736,0,15.5,2.8,-4.06,2,1.0,1.0,1.0,0.0,-0.5917777777777768,12.03188888888889,15,1.0,1,0,1,1.0,1.0,12.03188888888889,8.0,1.0,1
1,43,1,9085,1,1,130.0,1,19,38,7,7,120.2,1,0,0,1,0,0,20,0,0,5,9,4,12.0,0,0,5,10,5,13.428571428571429,1,10.8,1.4,1.74,2,0.8,1.0,0.8,0.19999999999999996,1.4285714285714288,12.714285714285715,9,0.9,0,0,1,1.0,0.9,11.442857142857145,5.0,0.8,1
1,17,4,9500,1,1,121.0,1,37,37,5,5,118.9,1,0,0,1,0,0,21,0,0,7,7,7,14.428571428571429,0,0,8,9,8,14.511111111111113,0,16.2,0.3,-0.92,2,1.0,1.0,1.0,0.0,0.08253968253968402,14.469841269841272,15,1.0,1,0,1,1.0,1.0,14.469841269841272,8.0,1.0,1
1,1,4,9500,1,1,130.0,1,19,19,9,7,119.9,1,0,0,1,0,0,18,0,0,7,7,7,13.78,0,0,8,8,8,12.6125,0,12.4,0.5,1.79,2,1.0,1.0,1.0,0.0,-1.1674999999999986,13.19625,15,1.0,1,0,1,1.0,1.0,13.19625,8.0,1.0,1
1,17,2,9500,1,1,141.0,1,37,1,9,4,127.3,1,0,0,1,0,1,19,0,0,7,7,6,13.8,0,0,7,7,6,13.8,0,7.6,2.6,0.32,2,0.8571428571428571,0.8571428571428571,0.7346938775510203,0.0,0.0,13.8,12,0.8571428571428571,0,0,0,0.1428571428571429,0.8571428571428571,11.82857142857143,6.0,1.0,1
1,1,1,9853,1,1,131.0,1,19,19,3,7,127.9,1,0,0,1,0,1,18,0,0,7,7,7,14.857142857142858,0,0,7,7,7,15.142857142857142,0,13.9,-0.3,0.79,2,1.0,1.0,1.0,0.0,0.2857142857142847,15.0,14,1.0,0,0,0,0.0,1.0,15.0,7.0,1.0,1
1,17,6,9238,1,1,117.0,1,1,38,4,7,114.6,0,0,0,1,0,1,18,0,0,6,7,6,12.142857142857142,0,0,6,6,6,13.333333333333334,0,13.9,-0.3,0.79,2,1.0,1.0,1.0,0.0,1.1904761904761916,12.738095238095237,12,1.0,0,0,0,0.0,1.0,12.738095238095237,6.0,1.0,1
1,1,2,9085,1,1,151.0,1,40,4,2,2,144.5,1,0,0,1,0,0,18,0,0,6,7,6,15.666666666666666,0,0,6,6,6,14.833333333333334,0,8.9,1.4,3.51,2,1.0,1.0,1.0,0.0,-0.8333333333333321,15.25,12,1.0,0,0,1,1.0,1.0,15.25,6.0,1.0,1
1,17,1,9500,1,1,131.0,1,1,19,4,3,125.4,1,0,0,1,0,0,19,0,0,7,13,5,12.5,0,0,8,14,7,12.166666666666666,0,15.5,2.8,-4.06,2,0.7142857142857143,0.875,0.625,0.1607142857142857,-0.3333333333333339,12.333333333333332,12,0.8,1,0,1,1.125,0.8,9.866666666666667,7.0,0.8392857142857143,1
1,17,1,9238,1,1,145.0,1,38,38,9,7,145.0,0,0,0,1,0,1,19,0,0,6,7,6,12.833333333333334,0,0,6,6,6,13.166666666666666,0,12.4,0.5,1.79,2,1.0,1.0,1.0,0.0,0.33333333333333215,13.0,12,1.0,0,0,0,0.0,1.0,13.0,6.0,1.0,1
1,39,1,9003,1,1,135.0,1,38,38,9,6,138.1,0,0,1,0,0,0,28,0,0,6,6,0,0.0,0,0,6,7,0,0.0,0,8.9,1.4,3.51,0,0.0,0.0,0.0,0.0,0.0,0.0,0,0.0,0,0,3,4.0,0.0,0.0,0.0,1.0,1
1,17,1,9070,1,1,119.0,1,37,38,9,8,124.6,1,0,0,1,0,0,20,0,0,6,6,6,12.5,0,0,6,6,6,12.666666666666666,0,7.6,2.6,0.32,2,1.0,1.0,1.0,0.0,0.16666666666666607,12.583333333333332,12,1.0,0,0,1,1.0,1.0,12.583333333333332,6.0,1.0,1
1,1,2,9773,1,1,122.0,1,37,37,9,9,130.8,1,0,0,1,0,0,18,0,0,6,14,4,11.25,0,0,6,9,5,13.0,0,9.4,-0.8,-3.12,2,0.6666666666666666,0.8333333333333334,0.5555555555555556,0.16666666666666674,1.75,12.125,9,0.75,0,0,1,1.1666666666666665,0.75,9.09375,5.0,0.8333333333333333,1
1,1,2,9500,1,1,155.0,1,1,1,4,3,140.5,1,0,0,1,0,0,18,0,0,7,7,6,15.25,0,0,7,7,6,15.25,0,7.6,2.6,0.32,2,0.8571428571428571,0.8571428571428571,0.7346938775510203,0.0,0.0,15.25,12,0.8571428571428571,0,0,1,1.1428571428571428,0.8571428571428571,13.071428571428571,6.0,1.0,1
1,43,1,9238,1,1,130.0,1,38,19,9,4,118.4,0,0,1,1,0,0,28,0,15,16,16,13,12.076923076923077,0,13,13,13,11,12.090909090909092,0,16.2,0.3,-0.92,2,0.8125,0.8461538461538461,0.6875,0.033653846153846145,0.013986013986015067,12.083916083916083,24,0.8275862068965517,-3,0,2,2.1538461538461537,0.8275862068965517,10.000482276344345,11.0,0.9663461538461539,1
1,15,1,9853,1,1,133.1,41,43,1,153,135,128.2,0,0,0,1,0,0,23,1,11,16,17,16,14.625,0,6,10,12,9,14.88888888888889,0,8.9,1.4,3.51,2,1.0,0.9,0.9,-0.09999999999999998,0.2638888888888893,14.756944444444445,25,0.9615384615384616,-6,0,1,1.1,0.9615384615384616,14.18936965811966,9.0,0.9,1
1,17,1,9238,1,1,137.0,1,38,19,152,171,131.1,1,0,0,1,0,1,18,0,0,6,8,6,12.833333333333334,0,0,6,6,6,12.166666666666666,0,8.9,1.4,3.51,2,1.0,1.0,1.0,0.0,-0.6666666666666679,12.5,12,1.0,0,0,0,0.0,1.0,12.5,6.0,1.0,1
1,1,3,9773,1,1,161.0,22,37,37,9,9,137.9,0,0,1,0,0,1,20,1,0,6,6,6,12.5,0,0,6,7,5,11.8,0,10.8,1.4,1.74,2,1.0,0.8333333333333334,0.8333333333333334,-0.16666666666666663,-0.6999999999999993,12.15,11,0.9166666666666666,0,0,2,2.1666666666666665,0.9166666666666666,11.1375,5.0,0.8333333333333334,1
1,1,1,171,1,1,133.1,1,3,1,2,4,128.2,1,0,0,1,0,0,20,0,5,12,13,12,11.23076923076923,0,3,11,18,9,12.77777777777778,0,11.1,0.6,2.02,2,1.0,0.8181818181818182,0.8181818181818182,-0.18181818181818177,1.5470085470085504,12.004273504273506,21,0.9130434782608695,-1,0,1,1.1818181818181817,0.9130434782608695,10.96042363433668,9.0,0.8181818181818182,1
2,39,1,9991,0,1,133.1,1,37,37,9,9,126.5,0,0,0,1,0,0,27,0,0,5,5,2,10.5,0,0,5,5,0,0.0,0,7.6,2.6,0.32,0,0.4,0.0,0.0,-0.4,-10.5,5.25,2,0.2,0,0,1,2.0,0.2,1.05,0.0,0.6,1
1,1,1,9853,1,1,128.0,1,1,1,9,9,120.0,1,0,0,1,0,0,18,0,0,6,11,3,12.0,0,0,6,13,2,12.0,0,12.7,3.7,-1.7,0,0.5,0.3333333333333333,0.16666666666666666,-0.16666666666666669,0.0,12.0,5,0.4166666666666667,0,0,1,1.6666666666666667,0.4166666666666667,5.0,2.0,0.8333333333333333,1
4,39,2,9556,1,19,133.1,1,19,19,4,6,123.0,0,0,0,1,0,1,37,0,0,7,10,7,10.985714285714286,0,0,8,11,8,12.3,0,10.8,1.4,1.74,2,1.0,1.0,1.0,0.0,1.314285714285715,11.642857142857142,15,1.0,1,0,0,0.0,1.0,11.642857142857142,8.0,1.0,1
4,7,1,9500,1,40,130.0,1,19,19,4,6,130.0,0,0,0,0,0,0,42,0,2,7,10,5,12.62,0,3,7,11,3,14.166666666666666,0,12.4,0.5,1.79,0,0.7142857142857143,0.42857142857142855,0.30612244897959184,-0.28571428571428575,1.5466666666666669,13.393333333333333,8,0.5714285714285714,0,0,2,2.571428571428571,0.5714285714285714,7.653333333333332,3.0,0.7142857142857142,1
2,39,1,9119,1,1,140.0,1,34,34,9,9,140.0,0,0,0,0,1,0,34,0,0,5,5,0,0.0,0,0,5,5,0,0.0,0,15.5,2.8,-4.06,0,0.0,0.0,0.0,0.0,0.0,0.0,0,0.0,0,0,2,3.0,0.0,0.0,0.0,1.0,1
1,42,1,9119,1,1,140.0,1,3,3,3,2,133.6,1,0,0,1,1,0,22,0,0,5,0,0,0.0,0,0,5,0,0,0.0,0,10.8,1.4,1.74,0,0.0,0.0,0.0,0.0,0.0,0.0,0,0.0,0,0,1,2.0,0.0,0.0,0.0,1.0,1
2,39,2,9254,1,19,133.1,1,19,19,9,5,123.5,0,0,0,1,1,0,39,0,0,6,6,6,13.5,0,0,6,6,6,13.333333333333334,0,12.4,0.5,1.79,2,1.0,1.0,1.0,0.0,-0.16666666666666607,13.416666666666668,12,1.0,0,0,1,1.0,1.0,13.416666666666668,6.0,1.0,1
1,1,1,9500,1,1,141.0,1,37,37,9,9,136.3,1,0,0,1,1,1,18,0,0,7,7,6,13.516666666666666,0,0,7,7,6,13.516666666666666,0,7.6,2.6,0.32,2,0.8571428571428571,0.8571428571428571,0.7346938775510203,0.0,0.0,13.516666666666666,12,0.8571428571428571,0,0,0,0.1428571428571429,0.8571428571428571,11.585714285714284,6.0,1.0,1
1,1,2,9070,1,1,128.0,1,37,37,9,9,123.5,1,0,0,1,1,1,21,0,0,6,6,6,13.166666666666666,0,0,6,8,6,13.285714285714286,0,8.9,1.4,3.51,2,1.0,1.0,1.0,0.0,0.1190476190476204,13.226190476190476,12,1.0,0,0,0,0.0,1.0,13.226190476190476,6.0,1.0,1
2,39,1,9085,1,1,150.0,1,37,37,90,10,112.0,0,0,0,1,1,0,34,0,0,6,0,0,0.0,0,0,6,0,0,0.0,0,10.8,1.4,1.74,0,0.0,0.0,0.0,0.0,0.0,0.0,0,0.0,0,0,1,2.0,0.0,0.0,0.0,1.0,1
1,44,1,9003,1,39,160.0,1,37,37,9,9,160.0,0,0,0,1,1,1,22,0,0,6,8,6,13.125,0,0,6,10,6,13.0,0,16.2,0.3,-0.92,2,1.0,1.0,1.0,0.0,-0.125,13.0625,12,1.0,0,0,0,0.0,1.0,13.0625,6.0,1.0,1
1,39,1,9003,1,1,133.1,1,1,37,4,7,110.0,0,0,0,1,1,0,31,0,0,6,15,3,14.4,0,0,6,20,0,0.0,0,16.2,0.3,-0.92,0,0.5,0.0,0.0,-0.5,-14.4,7.2,3,0.25,0,0,1,2.0,0.25,1.8,0.0,0.5,1
1,18,3,9853,1,1,128.0,1,38,37,5,9,116.8,1,0,0,0,1,0,19,0,0,6,10,4,12.0,0,0,6,12,0,0.0,0,10.8,1.4,1.74,0,0.6666666666666666,0.0,0.0,-0.6666666666666666,-12.0,6.0,4,0.3333333333333333,0,0,2,3.0,0.3333333333333333,2.0,0.0,0.33333333333333337,1
1,17,5,9254,1,1,114.0,1,38,1,5,9,109.5,0,0,0,1,1,0,19,0,0,5,5,0,0.0,0,0,5,10,0,0.0,0,10.8,1.4,1.74,0,0.0,0.0,0.0,0.0,0.0,0.0,0,0.0,0,0,1,2.0,0.0,0.0,0.0,1.0,1
1,39,1,9556,1,19,133.1,1,37,37,9,10,100.0,0,0,0,1,1,0,31,0,0,7,7,0,0.0,0,0,7,7,0,0.0,0,15.5,2.8,-4.06,0,0.0,0.0,0.0,0.0,0.0,0.0,0,0.0,0,0,1,2.0,0.0,0.0,0.0,1.0,1
1,5,1,9147,1,1,126.0,1,19,38,5,6,117.3,1,0,0,1,0,0,19,0,0,5,15,3,10.8,0,0,5,6,3,10.5,0,13.9,-0.3,0.79,1,0.6,0.6,0.36,0.0,-0.3000000000000007,10.65,6,0.6,0,0,1,1.4,0.6,6.39,3.0,1.0,1
2,39,2,9670,1,1,133.1,41,37,19,9,9,130.0,0,0,0,1,0,0,30,1,0,6,0,0,0.0,0,0,6,0,0,0.0,0,9.4,-0.8,-3.12,0,0.0,0.0,0.0,0.0,0.0,0.0,0,0.0,0,0,1,2.0,0.0,0.0,0.0,1.0,1
1,51,1,9500,1,1,129.0,1,37,38,3,3,137.8,1,0,0,1,0,1,20,0,2,7,7,7,16.13142857142857,0,0,8,9,8,15.52222222222222,0,11.1,0.6,2.02,2,1.0,1.0,1.0,0.0,-0.6092063492063513,15.826825396825395,15,1.0,1,0,0,0.0,1.0,15.826825396825395,8.0,1.0,1
1,17,1,9500,1,1,140.0,1,19,38,7,7,136.5,1,0,0,1,0,1,18,0,0,7,7,7,14.838571428571427,0,0,8,9,8,14.8,0,12.4,0.5,1.79,2,1.0,1.0,1.0,0.0,-0.03857142857142648,14.819285714285714,15,1.0,1,0,0,0.0,1.0,14.819285714285714,8.0,1.0,1
4,39,1,8014,0,1,133.1,1,37,37,9,7,140.0,0,0,0,1,0,1,43,0,0,6,6,0,0.0,0,0,5,5,0,0.0,0,8.9,1.4,3.51,0,0.0,0.0,0.0,0.0,0.0,0.0,0,0.0,-1,0,0,1.0,0.0,0.0,0.0,1.0,1
1,17,2,9254,1,1,132.0,1,38,38,9,8,122.6,1,0,0,1,0,1,20,0,0,6,6,6,13.166666666666666,0,0,6,6,6,14.0,0,13.9,-0.3,0.79,2,1.0,1.0,1.0,0.0,0.8333333333333339,13.583333333333332,12,1.0,0,0,0,0.0,1.0,13.583333333333332,6.0,1.0,1
1,1,2,9500,1,1,131.0,1,1,1,5,9,129.5,1,0,0,1,0,1,19,0,0,8,8,8,13.9475,0,0,8,8,8,13.9475,0,9.4,-0.8,-3.12,2,1.0,1.0,1.0,0.0,0.0,13.9475,16,1.0,0,0,0,0.0,1.0,13.9475,8.0,1.0,1
1,1,1,9670,1,1,133.1,1,3,1,1,7,155.0,0,0,0,1,0,0,22,0,0,5,6,3,11.333333333333334,0,0,5,5,0,0.0,0,9.4,-0.8,-3.12,0,0.6,0.0,0.0,-0.6,-11.333333333333334,5.666666666666667,3,0.3,0,0,1,2.0,0.3,1.7,0.0,0.4,1
1,1,1,8014,0,1,133.1,1,3,1,1,7,100.0,0,0,0,1,0,0,26,0,2,8,11,7,12.75,0,2,7,7,7,12.285714285714286,0,16.2,0.3,-0.92,2,0.875,1.0,0.875,0.125,-0.4642857142857135,12.517857142857142,14,0.9333333333333333,-1,0,1,1.0,0.9333333333333333,11.683333333333334,7.0,0.875,1
1,18,1,9147,1,1,160.0,1,19,19,5,8,137.6,1,0,0,1,0,1,19,0,0,5,6,5,12.6,0,0,5,8,5,11.25,0,10.8,1.4,1.74,2,1.0,1.0,1.0,0.0,-1.3499999999999996,11.925,10,1.0,0,0,0,0.0,1.0,11.925,5.0,1.0,1
4,1,1,9991,0,1,140.0,1,37,37,9,7,139.0,0,0,0,1,0,1,38,0,0,5,8,5,11.0,0,0,5,7,5,11.4,0,9.4,-0.8,-3.12,1,1.0,1.0,1.0,0.0,0.40000000000000036,11.2,10,1.0,0,0,0,0.0,1.0,11.2,5.0,1.0,1
1,39,1,9003,1,1,100.0,1,37,37,9,5,110.0,0,0,0,1,0,0,41,0,8,12,17,12,11.833333333333334,0,3,12,22,9,12.7,0,15.5,2.8,-4.06,2,1.0,0.75,0.75,-0.25,0.8666666666666654,12.266666666666666,21,0.875,0,0,1,1.25,0.875,10.733333333333333,9.0,0.75,1
1,1,1,9070,1,1,136.0,1,1,38,4,5,132.2,0,0,1,1,0,0,19,0,0,6,6,6,13.833333333333334,0,0,6,8,6,13.875,0,10.8,1.4,1.74,2,1.0,1.0,1.0,0.0,0.041666666666666075,13.854166666666668,12,1.0,0,0,2,2.0,1.0,13.854166666666668,6.0,1.0,1
4,7,1,9500,1,3,130.0,1,3,19,2,3,130.0,0,0,0,1,0,0,43,0,0,7,7,3,13.833333333333334,1,0,7,7,0,0.0,0,16.2,0.3,-0.92,0,0.42857142857142855,0.0,0.0,-0.42857142857142855,-13.833333333333334,6.916666666666667,3,0.21428571428571427,0,0,1,2.0,0.21428571428571427,1.4821428571428572,0.0,0.5714285714285714,1
1,17,1,9130,1,1,145.0,1,38,37,9,7,129.3,1,0,0,1,0,0,19,0,0,5,5,5,11.8,0,0,5,5,5,13.2,0,10.8,1.4,1.74,2,1.0,1.0,1.0,0.0,1.3999999999999986,12.5,10,1.0,0,0,1,1.0,1.0,12.5,5.0,1.0,1
1,1,6,9500,1,1,146.0,1,2,19,3,9,130.3,1,0,0,1,1,0,18,0,0,8,8,8,13.74625,0,0,8,8,8,13.74625,0,9.4,-0.8,-3.12,2,1.0,1.0,1.0,0.0,0.0,13.74625,16,1.0,0,0,1,1.0,1.0,13.74625,8.0,1.0,1
2,39,1,8014,0,19,133.1,1,34,34,0,0,130.0,0,0,0,1,1,0,38,0,0,6,0,0,0.0,0,0,6,0,0,0.0,0,9.4,-0.8,-3.12,0,0.0,0.0,0.0,0.0,0.0,0.0,0,0.0,0,0,1,2.0,0.0,0.0,0.0,1.0,1
2,7,1,9130,1,2,110.0,1,19,19,4,8,110.0,1,0,0,1,1,0,37,0,0,6,9,0,0.0,0,0,6,6,0,0.0,0,16.2,0.3,-0.92,0,0.0,0.0,0.0,0.0,0.0,0.0,0,0.0,0,0,1,2.0,0.0,0.0,0.0,1.0,1
1,39,1,9670,1,1,120.0,1,1,19,4,10,142.3,1,0,0,1,0,1,26,0,0,6,6,6,13.333333333333334,0,0,6,10,5,14.5,0,10.8,1.4,1.74,2,1.0,0.8333333333333334,0.8333333333333334,-0.16666666666666663,1.166666666666666,13.916666666666668,11,0.9166666666666666,0,0,0,0.16666666666666663,0.9166666666666666,12.756944444444445,5.0,0.8333333333333334,1
1,17,1,9238,1,1,130.0,1,37,37,9,9,122.0,1,0,0,1,0,1,21,0,0,6,8,1,10.0,0,0,6,13,5,11.4,0,12.7,3.7,-1.7,1,0.16666666666666666,0.8333333333333334,0.1388888888888889,0.6666666666666667,1.4000000000000004,10.7,6,0.5,0,0,0,0.16666666666666663,0.5,5.35,5.0,0.33333333333333326,1
1,1,3,9085,1,1,158.0,1,1,19,9,9,153.6,1,0,0,1,0,1,18,0,0,6,7,6,15.666666666666666,0,0,6,8,6,15.285714285714286,0,8.9,1.4,3.51,2,1.0,1.0,1.0,0.0,-0.3809523809523796,15.476190476190476,12,1.0,0,0,0,0.0,1.0,15.476190476190476,6.0,1.0,1
1,1,1,9853,1,1,122.0,1,3,19,2,3,112.9,0,0,0,1,0,0,18,0,0,7,9,7,11.857142857142858,0,0,7,7,7,11.857142857142858,0,16.2,0.3,-0.92,2,1.0,1.0,1.0,0.0,0.0,11.857142857142858,14,1.0,0,0,1,1.0,1.0,11.857142857142858,7.0,1.0,1
1,1,1,9085,1,1,140.0,1,3,1,2,4,124.1,0,0,0,1,0,0,18,0,0,5,12,5,14.5,2,0,5,5,5,13.6,0,9.4,-0.8,-3.12,2,1.0,1.0,1.0,0.0,-0.9000000000000004,14.05,10,1.0,0,0,1,1.0,1.0,14.05,5.0,1.0,1
1,17,1,9238,1,1,136.0,1,38,1,9,4,129.7,0,0,0,1,0,0,19,0,0,6,6,6,12.166666666666666,0,0,6,7,6,13.714285714285714,0,15.5,2.8,-4.06,2,1.0,1.0,1.0,0.0,1.5476190476190474,12.94047619047619,12,1.0,0,0,1,1.0,1.0,12.94047619047619,6.0,1.0,1
1,1,1,9773,1,1,111.0,1,19,19,9,9,110.0,1,0,0,1,0,0,18,0,0,6,6,5,12.6,0,0,6,8,6,12.0,0,11.1,0.6,2.02,2,0.8333333333333334,1.0,0.8333333333333334,0.16666666666666663,-0.5999999999999996,12.3,11,0.9166666666666666,0,0,1,1.0,0.9166666666666666,11.275,6.0,0.8333333333333334,1
1,17,1,9238,1,1,133.1,1,38,38,191,193,146.0,0,0,1,1,0,1,19,0,0,6,6,6,12.666666666666666,0,0,6,7,6,13.0,0,8.9,1.4,3.51,2,1.0,1.0,1.0,0.0,0.3333333333333339,12.833333333333332,12,1.0,0,0,1,1.0,1.0,12.833333333333332,6.0,1.0,1
1,1,1,9500,1,1,140.0,1,19,38,7,8,129.9,0,0,0,1,0,0,19,0,0,7,0,0,0.0,0,0,8,0,0,0.0,0,16.2,0.3,-0.92,0,0.0,0.0,0.0,0.0,0.0,0.0,0,0.0,1,0,1,2.0,0.0,0.0,0.0,1.0,1
1,1,1,9254,1,1,140.0,1,19,1,9,8,140.9,1,0,0,1,0,1,18,0,0,6,7,6,12.857142857142858,0,0,6,10,4,13.0,0,12.7,3.7,-1.7,2,1.0,0.6666666666666666,0.6666666666666666,-0.33333333333333337,0.14285714285714235,12.928571428571429,10,0.8333333333333334,0,0,0,0.33333333333333337,0.8333333333333334,10.773809523809524,4.0,0.6666666666666666,1
2,1,1,9500,1,1,156.0,1,1,1,9,10,135.5,0,0,0,1,0,0,18,0,0,8,8,7,13.9,0,0,8,8,7,13.9,0,12.7,3.7,-1.7,2,0.875,0.875,0.765625,0.0,0.0,13.9,14,0.875,0,0,1,1.125,0.875,12.1625,7.0,1.0,1
1,1,1,9500,1,1,132.0,1,38,37,9,7,122.0,1,0,0,1,0,1,20,0,0,8,8,7,13.817142857142857,0,0,8,8,7,13.817142857142857,0,10.8,1.4,1.74,2,0.875,0.875,0.765625,0.0,0.0,13.817142857142857,14,0.875,0,0,0,0.125,0.875,12.09,7.0,1.0,1
1,53,1,9556,1,42,140.0,1,1,19,4,5,140.0,0,0,0,1,0,1,22,0,1,7,10,6,13.314285714285717,0,2,8,10,7,12.875,0,8.9,1.4,3.51,2,0.8571428571428571,0.875,0.75,0.017857142857142905,-0.4392857142857167,13.094642857142858,13,0.8666666666666667,1,0,0,0.125,0.8666666666666667,11.348690476190477,7.0,0.9821428571428571,1
1,1,1,9130,1,1,164.0,1,34,1,0,0,163.0,0,0,0,1,0,0,18,0,0,6,0,0,0.0,0,0,6,0,0,0.0,0,7.6,2.6,0.32,0,0.0,0.0,0.0,0.0,0.0,0.0,0,0.0,0,0,1,2.0,0.0,0.0,0.0,1.0,1
1,17,4,9254,1,1,113.0,1,38,19,7,7,107.4,1,0,0,1,0,1,19,0,0,6,6,6,12.166666666666666,0,0,6,6,6,12.166666666666666,0,12.4,0.5,1.79,2,1.0,1.0,1.0,0.0,0.0,12.166666666666666,12,1.0,0,0,0,0.0,1.0,12.166666666666666,6.0,1.0,1
1,1,2,9773,1,1,135.0,1,37,37,5,5,126.3,1,1,0,1,0,1,20,0,0,6,6,6,14.666666666666666,0,0,6,7,6,14.571428571428571,0,8.9,1.4,3.51,2,1.0,1.0,1.0,0.0,-0.0952380952380949,14.619047619047619,12,1.0,0,0,0,0.0,1.0,14.619047619047619,6.0,1.0,1
1,42,1,9003,1,39,140.0,1,19,1,5,5,140.0,0,0,0,1,0,0,22,0,0,6,10,6,12.571428571428571,0,0,6,12,4,13.666666666666666,0,15.5,2.8,-4.06,1,1.0,0.6666666666666666,0.6666666666666666,-0.33333333333333337,1.095238095238095,13.119047619047619,10,0.8333333333333334,0,0,1,1.3333333333333335,0.8333333333333334,10.932539682539682,4.0,0.6666666666666666,1
1,1,1,9085,1,1,138.0,1,1,3,9,1,123.0,1,0,0,1,0,0,19,0,1,6,14,6,15.538461538461538,0,0,6,9,6,12.625,0,15.5,2.8,-4.06,2,1.0,1.0,1.0,0.0,-2.9134615384615383,14.08173076923077,12,1.0,0,0,1,1.0,1.0,14.08173076923077,6.0,1.0,1
1,1,3,9773,1,1,130.0,1,19,19,5,5,157.0,1,0,0,0,0,0,18,0,0,6,0,0,0.0,0,0,6,0,0,0.0,0,13.9,-0.3,0.79,0,0.0,0.0,0.0,0.0,0.0,0.0,0,0.0,0,0,2,3.0,0.0,0.0,0.0,1.0,1
1,5,1,9130,1,1,157.0,1,5,43,2,2,149.7,1,0,0,1,0,0,18,0,0,6,6,6,15.0,0,0,6,6,6,14.833333333333334,0,8.9,1.4,3.51,2,1.0,1.0,1.0,0.0,-0.16666666666666607,14.916666666666668,12,1.0,0,0,1,1.0,1.0,14.916666666666668,6.0,1.0,1
1,53,1,9085,1,42,170.0,1,1,19,4,7,170.0,0,0,0,1,0,0,20,0,7,11,13,11,15.692307692307692,0,4,9,9,9,15.555555555555555,0,8.9,1.4,3.51,2,1.0,1.0,1.0,0.0,-0.13675213675213627,15.623931623931623,20,1.0,-2,0,1,1.0,1.0,15.623931623931623,9.0,1.0,1
1,39,1,9991,0,1,150.0,1,1,37,9,7,130.2,0,0,0,1,0,1,24,0,0,5,7,5,12.285714285714286,0,0,5,9,5,12.75,1,16.2,0.3,-0.92,2,1.0,1.0,1.0,0.0,0.4642857142857135,12.517857142857142,10,1.0,0,0,0,0.0,1.0,12.517857142857142,5.0,1.0,1
1,1,1,9556,1,1,118.0,1,19,38,9,9,116.3,1,0,0,1,0,1,20,0,0,7,10,7,11.88888888888889,0,0,8,10,8,11.95625,0,12.7,3.7,-1.7,2,1.0,1.0,1.0,0.0,0.06736111111111143,11.922569444444445,15,1.0,1,0,0,0.0,1.0,11.922569444444445,8.0,1.0,1
2,7,1,8014,0,3,120.0,1,38,1,9,9,120.0,0,0,0,0,0,0,35,0,0,6,0,0,0.0,0,0,6,0,0,0.0,0,10.8,1.4,1.74,0,0.0,0.0,0.0,0.0,0.0,0.0,0,0.0,0,0,2,3.0,0.0,0.0,0.0,1.0,1
1,1,1,9670,1,1,154.0,1,1,1,5,7,154.7,0,0,0,1,0,1,18,0,0,5,6,5,11.8,0,0,5,5,5,12.6,0,9.4,-0.8,-3.12,2,1.0,1.0,1.0,0.0,0.7999999999999989,12.2,10,1.0,0,0,0,0.0,1.0,12.2,5.0,1.0,1
1,17,2,9238,1,1,139.0,1,2,3,3,3,132.7,1,0,0,1,0,0,19,0,0,6,7,6,11.166666666666666,0,0,6,9,6,11.666666666666666,0,9.4,-0.8,-3.12,2,1.0,1.0,1.0,0.0,0.5,11.416666666666666,12,1.0,0,0,1,1.0,1.0,11.416666666666666,6.0,1.0,1
1,18,1,9500,1,1,136.0,1,3,3,3,3,130.8,0,0,0,1,0,0,18,0,0,7,7,7,14.05714285714286,0,0,8,9,8,14.6,0,16.2,0.3,-0.92,2,1.0,1.0,1.0,0.0,0.5428571428571392,14.32857142857143,15,1.0,1,0,1,1.0,1.0,14.32857142857143,8.0,1.0,1
1,17,1,9238,1,1,133.0,1,19,19,5,7,123.6,0,0,0,1,0,1,19,0,0,6,7,6,13.5,0,0,6,7,6,14.0,0,15.5,2.8,-4.06,2,1.0,1.0,1.0,0.0,0.5,13.75,12,1.0,0,0,0,0.0,1.0,13.75,6.0,1.0,1
1,18,1,9500,1,1,143.0,1,38,37,4,9,116.5,1,0,0,1,0,1,20,0,0,7,10,7,12.625,0,0,8,8,8,13.0625,0,15.5,2.8,-4.06,2,1.0,1.0,1.0,0.0,0.4375,12.84375,15,1.0,1,0,0,0.0,1.0,12.84375,8.0,1.0,1
1,17,3,9085,1,1,117.0,1,19,38,5,7,111.1,0,0,0,1,0,0,21,0,0,6,0,0,0.0,0,0,6,0,0,0.0,0,15.5,2.8,-4.06,0,0.0,0.0,0.0,0.0,0.0,0.0,0,0.0,0,0,1,2.0,0.0,0.0,0.0,1.0,1
1,1,3,9500,1,1,145.0,1,19,38,9,7,136.3,1,0,0,1,0,1,18,0,0,8,8,7,13.971428571428572,0,0,8,8,7,13.971428571428572,0,12.7,3.7,-1.7,2,0.875,0.875,0.765625,0.0,0.0,13.971428571428572,14,0.875,0,0,0,0.125,0.875,12.225,7.0,1.0,1
1,1,5,9070,1,1,134.0,1,34,1,5,7,129.8,1,0,0,1,0,0,18,0,0,6,7,2,11.0,0,0,6,0,0,0.0,0,9.4,-0.8,-3.12,0,0.3333333333333333,0.0,0.0,-0.3333333333333333,-11.0,5.5,2,0.16666666666666666,0,0,1,2.0,0.16666666666666666,0.9166666666666666,0.0,0.6666666666666667,1
2,39,1,9991,0,1,170.0,1,38,19,4,8,134.7,0,0,0,1,0,0,33,0,0,5,5,5,12.8,0,0,5,6,5,15.333333333333334,0,10.8,1.4,1.74,2,1.0,1.0,1.0,0.0,2.533333333333333,14.066666666666666,10,1.0,0,0,1,1.0,1.0,14.066666666666666,5.0,1.0,1
1,1,1,9085,1,1,131.0,1,37,37,9,6,130.7,0,0,1,1,0,0,21,0,0,5,9,2,11.5,0,0,5,13,4,11.0,1,10.8,1.4,1.74,1,0.4,0.8,0.32000000000000006,0.4,-0.5,11.25,6,0.6,0,0,2,2.2,0.6,6.75,4.0,0.6,1
1,7,1,9991,0,3,130.0,1,3,19,2,3,133.9,0,0,0,1,0,0,28,0,0,5,7,5,13.714285714285714,0,0,5,7,5,13.142857142857142,0,16.2,0.3,-0.92,2,1.0,1.0,1.0,0.0,-0.5714285714285712,13.428571428571427,10,1.0,0,0,1,1.0,1.0,13.428571428571427,5.0,1.0,1
2,39,1,9147,1,1,130.0,1,1,19,9,9,109.9,0,0,0,0,0,0,29,0,0,4,4,0,0.0,0,0,5,0,0,0.0,0,12.7,3.7,-1.7,0,0.0,0.0,0.0,0.0,0.0,0.0,0,0.0,1,0,2,3.0,0.0,0.0,0.0,1.0,1
1,44,1,9130,1,39,160.0,1,1,37,3,3,160.0,1,0,1,0,0,0,36,0,2,6,9,6,12.0,0,1,6,8,3,14.666666666666666,0,12.4,0.5,1.79,0,1.0,0.5,0.5,-0.5,2.666666666666666,13.333333333333332,9,0.75,0,0,3,3.5,0.75,10.0,3.0,0.5,1
1,39,1,8014,0,19,133.1,1,37,37,9,7,106.5,0,0,0,1,0,1,32,0,0,6,7,6,12.666666666666666,0,0,6,7,6,13.333333333333334,0,12.7,3.7,-1.7,2,1.0,1.0,1.0,0.0,0.6666666666666679,13.0,12,1.0,0,0,0,0.0,1.0,13.0,6.0,1.0,1
2,43,1,8014,0,14,133.1,1,34,34,0,0,100.0,0,0,0,0,0,0,34,0,3,7,13,3,12.0,0,2,7,15,1,13.0,1,9.4,-0.8,-3.12,0,0.42857142857142855,0.14285714285714285,0.06122448979591836,-0.2857142857142857,1.0,12.5,4,0.2857142857142857,0,0,2,2.857142857142857,0.2857142857142857,3.571428571428571,1.0,0.7142857142857143,1
2,39,1,8014,0,1,150.0,1,34,34,0,0,112.5,0,0,0,1,0,0,33,0,0,6,10,5,11.4,0,1,6,7,6,11.166666666666666,0,7.6,2.6,0.32,2,0.8333333333333334,1.0,0.8333333333333334,0.16666666666666663,-0.23333333333333428,11.283333333333333,11,0.9166666666666666,0,0,1,1.0,0.9166666666666666,10.343055555555555,6.0,0.8333333333333334,1
1,43,1,9991,0,1,140.0,1,37,38,9,8,135.5,0,0,1,0,0,0,29,0,0,5,15,2,13.25,0,0,5,12,3,12.6,3,16.2,0.3,-0.92,0,0.4,0.6,0.24,0.19999999999999996,-0.6500000000000004,12.925,5,0.5,0,0,3,3.4,0.5,6.4625,3.0,0.8,1
1,1,1,9500,1,1,145.0,1,1,1,4,10,145.0,0,0,0,1,0,0,18,0,0,7,7,6,13.861666666666666,0,0,8,16,0,0.0,1,12.4,0.5,1.79,0,0.8571428571428571,0.0,0.0,-0.8571428571428571,-13.861666666666666,6.930833333333333,6,0.4,1,0,1,2.0,0.4,2.7723333333333335,0.0,0.1428571428571429,1
1,1,1,9773,1,1,126.0,1,37,38,7,7,119.0,0,0,0,1,0,1,18,0,0,6,6,6,12.166666666666666,0,0,6,7,6,12.142857142857142,0,15.5,2.8,-4.06,2,1.0,1.0,1.0,0.0,-0.023809523809523725,12.154761904761905,12,1.0,0,0,0,0.0,1.0,12.154761904761905,6.0,1.0,1
1,1,4,9500,1,1,135.0,1,38,37,9,8,126.3,1,0,0,1,0,1,19,0,0,7,7,6,15.433333333333332,0,0,7,7,6,15.433333333333332,0,7.6,2.6,0.32,2,0.8571428571428571,0.8571428571428571,0.7346938775510203,0.0,0.0,15.433333333333332,12,0.8571428571428571,0,0,0,0.1428571428571429,0.8571428571428571,13.228571428571426,6.0,1.0,1
4,39,1,8014,0,19,133.1,1,37,37,9,9,113.5,0,0,0,1,0,1,39,0,0,6,6,6,13.833333333333334,0,0,6,6,6,15.5,0,11.1,0.6,2.02,2,1.0,1.0,1.0,0.0,1.666666666666666,14.666666666666668,12,1.0,0,0,0,0.0,1.0,14.666666666666668,6.0,1.0,1
1,43,1,9991,0,3,120.0,1,37,37,9,9,120.0,0,0,0,1,0,0,37,0,7,14,21,12,11.833333333333334,0,11,12,15,11,11.363636363636363,0,12.7,3.7,-1.7,2,0.8571428571428571,0.9166666666666666,0.7857142857142856,0.059523809523809534,-0.4696969696969706,11.598484848484848,23,0.8846153846153846,-2,0,1,1.0833333333333335,0.8846153846153846,10.260198135198134,11.0,0.9404761904761905,1
1,17,2,9556,1,1,120.0,1,37,37,5,5,111.3,1,0,0,1,0,0,32,0,0,7,7,0,0.0,0,0,8,8,0,0.0,0,16.2,0.3,-0.92,0,0.0,0.0,0.0,0.0,0.0,0.0,0,0.0,1,0,1,2.0,0.0,0.0,0.0,1.0,1
1,18,1,9238,1,1,147.0,1,38,34,4,0,130.2,0,0,0,1,0,0,18,0,0,1,1,0,0.0,1,0,6,0,0,0.0,0,10.8,1.4,1.74,0,0.0,0.0,0.0,0.0,0.0,0.0,0,0.0,5,0,1,2.0,0.0,0.0,0.0,1.0,1
1,1,5,9070,1,1,124.0,1,37,37,9,9,113.9,1,0,0,1,0,0,20,0,0,6,6,6,11.166666666666666,0,0,6,6,6,12.166666666666666,0,7.6,2.6,0.32,2,1.0,1.0,1.0,0.0,1.0,11.666666666666666,12,1.0,0,0,1,1.0,1.0,11.666666666666666,6.0,1.0,1
1,17,1,9085,1,1,133.1,1,37,37,9,9,99.0,1,0,0,1,0,1,23,0,0,6,6,6,14.666666666666666,0,0,6,8,6,12.428571428571429,0,8.9,1.4,3.51,2,1.0,1.0,1.0,0.0,-2.2380952380952372,13.547619047619047,12,1.0,0,0,0,0.0,1.0,13.547619047619047,6.0,1.0,1
1,1,1,9238,1,1,141.0,1,37,38,9,10,138.9,0,0,0,1,0,0,18,0,0,6,9,6,13.714285714285714,0,0,6,6,6,14.166666666666666,0,13.9,-0.3,0.79,2,1.0,1.0,1.0,0.0,0.45238095238095255,13.94047619047619,12,1.0,0,0,1,1.0,1.0,13.94047619047619,6.0,1.0,1
1,1,1,9147,1,1,131.0,1,38,19,9,9,130.0,1,0,0,1,1,0,19,0,0,5,5,5,12.8,0,0,5,10,5,11.444444444444445,0,10.8,1.4,1.74,2,1.0,1.0,1.0,0.0,-1.355555555555556,12.122222222222224,10,1.0,0,0,1,1.0,1.0,12.122222222222224,5.0,1.0,1
1,17,4,9773,1,1,118.0,1,1,38,5,7,120.8,1,0,0,1,0,0,20,0,0,6,9,4,13.25,0,0,6,11,5,11.8,0,12.4,0.5,1.79,2,0.6666666666666666,0.8333333333333334,0.5555555555555556,0.16666666666666674,-1.4499999999999993,12.525,9,0.75,0,0,1,1.1666666666666665,0.75,9.39375,5.0,0.8333333333333333,1
1,17,3,9500,1,1,136.0,1,37,38,4,5,126.0,1,0,0,1,0,0,19,0,0,8,8,7,15.11,0,0,8,8,7,15.11,0,10.8,1.4,1.74,2,0.875,0.875,0.765625,0.0,0.0,15.11,14,0.875,0,0,1,1.125,0.875,13.22125,7.0,1.0,1
1,1,1,9500,1,1,153.0,1,38,19,9,5,138.5,1,0,0,1,0,1,20,0,0,8,8,7,15.798571428571426,0,0,8,8,7,15.798571428571426,0,10.8,1.4,1.74,2,0.875,0.875,0.765625,0.0,0.0,15.798571428571426,14,0.875,0,0,0,0.125,0.875,13.823749999999999,7.0,1.0,1
1,1,3,9500,1,1,119.0,1,19,37,9,9,119.4,1,0,0,1,0,0,20,0,0,7,7,7,13.775714285714288,0,0,8,8,8,15.599999999999998,0,12.4,0.5,1.79,2,1.0,1.0,1.0,0.0,1.8242857142857094,14.687857142857144,15,1.0,1,0,1,1.0,1.0,14.687857142857144,8.0,1.0,1
4,39,1,9500,1,1,140.0,1,38,37,7,7,101.5,1,0,0,1,0,0,24,0,0,8,11,7,12.16,0,0,8,11,7,12.16,0,10.8,1.4,1.74,2,0.875,0.875,0.765625,0.0,0.0,12.16,14,0.875,0,0,1,1.125,0.875,10.64,7.0,1.0,1
4,39,2,9556,1,1,133.1,1,38,37,7,7,101.5,1,0,0,1,0,0,24,0,0,7,0,0,0.0,0,0,7,0,0,0.0,0,10.8,1.4,1.74,0,0.0,0.0,0.0,0.0,0.0,0.0,0,0.0,0,0,1,2.0,0.0,0.0,0.0,1.0,1
1,17,2,9773,1,1,130.0,1,2,1,2,7,126.2,1,0,0,1,0,0,20,0,0,6,6,6,14.333333333333334,0,0,6,6,6,15.5,0,12.4,0.5,1.79,2,1.0,1.0,1.0,0.0,1.166666666666666,14.916666666666668,12,1.0,0,0,1,1.0,1.0,14.916666666666668,6.0,1.0,1
1,1,3,9070,1,1,128.0,1,19,19,3,3,129.8,1,0,0,1,0,0,20,0,0,6,6,6,11.833333333333334,0,0,6,6,3,13.333333333333334,0,9.4,-0.8,-3.12,1,1.0,0.5,0.5,-0.5,1.5,12.583333333333334,9,0.75,0,0,1,1.5,0.75,9.4375,3.0,0.5,1
1,1,1,9500,1,1,146.0,1,1,37,9,9,129.3,0,0,0,1,0,0,18,0,0,8,8,7,14.2,0,0,8,8,7,14.2,0,12.7,3.7,-1.7,2,0.875,0.875,0.765625,0.0,0.0,14.2,14,0.875,0,0,1,1.125,0.875,12.424999999999999,7.0,1.0,1
1,1,1,9085,1,1,119.0,1,2,1,4,3,113.1,1,0,0,1,0,0,21,0,0,5,6,5,12.2,0,0,5,5,5,13.2,0,10.8,1.4,1.74,2,1.0,1.0,1.0,0.0,1.0,12.7,10,1.0,0,0,1,1.0,1.0,12.7,5.0,1.0,1
1,17,1,9853,1,1,160.0,1,1,38,4,10,144.3,1,0,0,1,0,0,18,0,0,6,10,4,13.0,0,0,6,9,5,13.666666666666666,0,9.4,-0.8,-3.12,2,0.6666666666666666,0.8333333333333334,0.5555555555555556,0.16666666666666674,0.6666666666666661,13.333333333333332,9,0.75,0,0,1,1.1666666666666665,0.75,10.0,5.0,0.8333333333333333,1
1,17,5,9500,1,1,144.0,1,19,1,5,3,141.0,1,0,0,1,0,1,19,0,0,8,8,7,12.485714285714286,0,0,8,8,7,12.485714285714286,0,12.7,3.7,-1.7,2,0.875,0.875,0.765625,0.0,0.0,12.485714285714286,14,0.875,0,0,0,0.125,0.875,10.925,7.0,1.0,1
1,7,1,9085,1,40,130.0,1,1,1,4,4,130.0,1,0,0,1,0,0,22,0,0,6,7,6,17.0,0,0,6,7,6,16.285714285714285,0,11.1,0.6,2.02,2,1.0,1.0,1.0,0.0,-0.7142857142857153,16.642857142857142,12,1.0,0,0,1,1.0,1.0,16.642857142857142,6.0,1.0,1
1,17,3,9238,1,1,122.0,1,19,19,7,7,117.5,1,0,0,1,0,0,19,0,0,6,7,5,10.8,0,0,6,9,6,10.166666666666666,0,8.9,1.4,3.51,2,0.8333333333333334,1.0,0.8333333333333334,0.16666666666666663,-0.6333333333333346,10.483333333333334,11,0.9166666666666666,0,0,1,1.0,0.9166666666666666,9.609722222222222,6.0,0.8333333333333334,1
1,1,3,9500,1,1,153.0,6,37,37,9,9,131.8,1,0,0,1,0,0,18,1,0,7,7,6,14.716666666666669,0,0,7,7,6,14.716666666666669,0,7.6,2.6,0.32,2,0.8571428571428571,0.8571428571428571,0.7346938775510203,0.0,0.0,14.716666666666669,12,0.8571428571428571,0,0,1,1.1428571428571428,0.8571428571428571,12.614285714285716,6.0,1.0,1
1,1,3,9085,1,1,134.0,1,38,19,9,5,129.1,0,0,0,1,0,0,19,0,0,5,7,3,12.0,0,0,5,7,4,13.5,0,7.6,2.6,0.32,1,0.6,0.8,0.48,0.20000000000000007,1.5,12.75,7,0.7,0,0,1,1.2,0.7,8.924999999999999,4.0,0.7999999999999999,1
1,1,1,8014,0,1,133.0,1,38,38,5,2,135.5,0,0,0,1,0,0,34,0,0,6,7,6,12.333333333333334,0,0,6,6,6,11.666666666666666,0,10.8,1.4,1.74,2,1.0,1.0,1.0,0.0,-0.6666666666666679,12.0,12,1.0,0,0,1,1.0,1.0,12.0,6.0,1.0,1
1,17,5,9085,1,1,118.0,1,38,38,9,9,112.4,1,0,0,1,0,0,19,0,0,12,22,6,15.307692307692308,0,0,10,13,6,13.875,0,15.5,2.8,-4.06,2,0.5,0.6,0.3,0.09999999999999998,-1.4326923076923084,14.591346153846153,12,0.5454545454545454,-2,0,1,1.4,0.5454545454545454,7.958916083916083,6.0,0.9,1
1,1,1,9500,1,1,137.0,1,37,37,7,9,130.8,1,0,0,1,0,1,18,0,0,7,7,6,12.666666666666666,0,0,7,7,6,12.666666666666666,0,7.6,2.6,0.32,2,0.8571428571428571,0.8571428571428571,0.7346938775510203,0.0,0.0,12.666666666666666,12,0.8571428571428571,0,0,0,0.1428571428571429,0.8571428571428571,10.857142857142856,6.0,1.0,1
1,1,5,9500,1,1,143.0,1,37,37,9,5,131.6,1,0,0,1,0,1,19,0,0,7,10,7,14.368,0,0,8,8,8,14.44875,0,15.5,2.8,-4.06,2,1.0,1.0,1.0,0.0,0.0807500000000001,14.408375,15,1.0,1,0,0,0.0,1.0,14.408375,8.0,1.0,1
1,39,1,9500,1,1,123.0,1,19,1,1,1,140.8,0,0,0,1,0,0,25,0,0,8,8,7,12.084285714285716,0,0,8,8,7,12.084285714285716,0,10.8,1.4,1.74,2,0.875,0.875,0.765625,0.0,0.0,12.084285714285716,14,0.875,0,0,1,1.125,0.875,10.573750000000002,7.0,1.0,1
1,1,1,9238,1,1,142.0,1,34,38,4,7,127.3,0,0,0,1,0,1,18,0,0,6,12,4,11.0,0,0,6,9,6,11.5,0,9.4,-0.8,-3.12,2,0.6666666666666666,1.0,0.6666666666666666,0.33333333333333337,0.5,11.25,10,0.8333333333333334,0,0,0,0.0,0.8333333333333334,9.375,6.0,0.6666666666666666,1
1,1,1,8014,0,1,115.0,1,38,38,9,7,115.0,1,0,0,1,0,0,28,0,0,6,8,5,12.8,0,0,6,8,5,11.0,0,9.4,-0.8,-3.12,2,0.8333333333333334,0.8333333333333334,0.6944444444444445,0.0,-1.8000000000000007,11.9,10,0.8333333333333334,0,0,1,1.1666666666666665,0.8333333333333334,9.916666666666668,5.0,1.0,1
5,43,1,9500,1,1,131.0,1,1,38,5,5,118.8,0,0,0,1,0,1,18,0,0,8,8,7,11.857142857142858,0,0,8,8,7,11.857142857142858,0,12.7,3.7,-1.7,2,0.875,0.875,0.765625,0.0,0.0,11.857142857142858,14,0.875,0,0,0,0.125,0.875,10.375,7.0,1.0,1
2,39,1,9254,1,1,130.0,1,37,37,9,9,125.0,0,0,0,1,0,0,41,0,0,6,8,6,12.285714285714286,0,0,6,10,5,13.0,0,8.9,1.4,3.51,2,1.0,0.8333333333333334,0.8333333333333334,-0.16666666666666663,0.7142857142857135,12.642857142857142,11,0.9166666666666666,0,0,1,1.1666666666666665,0.9166666666666666,11.589285714285714,5.0,0.8333333333333334,1
1,17,1,9238,1,1,134.0,1,38,19,7,7,124.2,0,0,0,1,0,1,21,0,0,6,11,4,11.25,0,0,6,12,4,11.4,0,15.5,2.8,-4.06,2,0.6666666666666666,0.6666666666666666,0.4444444444444444,0.0,0.15000000000000036,11.325,8,0.6666666666666666,0,0,0,0.33333333333333337,0.6666666666666666,7.549999999999999,4.0,1.0,1
4,7,1,9238,1,40,130.0,1,34,34,99,99,130.0,0,0,1,1,0,0,41,0,0,6,0,0,0.0,0,0,6,0,0,0.0,0,11.1,0.6,2.02,0,0.0,0.0,0.0,0.0,0.0,0.0,0,0.0,0,0,2,3.0,0.0,0.0,0.0,1.0,1
1,7,1,9070,1,3,133.1,1,3,5,2,2,120.0,1,0,0,1,0,0,32,0,0,3,3,2,16.0,0,0,3,3,1,16.0,0,7.6,2.6,0.32,0,0.6666666666666666,0.3333333333333333,0.2222222222222222,-0.3333333333333333,0.0,16.0,3,0.5,0,0,1,1.6666666666666667,0.5,8.0,1.0,0.6666666666666667,1
1,43,1,8014,0,12,114.0,1,34,34,0,99,110.0,0,0,0,1,0,0,29,0,0,6,10,6,11.666666666666666,0,0,6,7,6,11.0,0,7.6,2.6,0.32,2,1.0,1.0,1.0,0.0,-0.6666666666666661,11.333333333333332,12,1.0,0,0,1,1.0,1.0,11.333333333333332,6.0,1.0,1
1,43,1,9556,1,1,128.0,1,38,38,7,8,123.5,1,0,0,1,0,0,22,0,0,7,14,6,10.744444444444444,1,0,8,10,8,11.8375,0,12.7,3.7,-1.7,1,0.8571428571428571,1.0,0.8571428571428571,0.1428571428571429,1.0930555555555568,11.290972222222223,14,0.9333333333333333,1,0,1,1.0,0.9333333333333333,10.538240740740742,8.0,0.8571428571428571,1
1,1,1,9238,1,1,133.1,1,19,1,1,3,101.0,0,0,0,1,0,0,21,0,0,6,0,0,0.0,0,0,6,0,0,0.0,0,15.5,2.8,-4.06,0,0.0,0.0,0.0,0.0,0.0,0.0,0,0.0,0,0,1,2.0,0.0,0.0,0.0,1.0,1
2,39,1,9500,1,19,133.1,1,37,38,9,10,120.9,1,0,0,1,0,0,39,0,0,7,12,4,12.0,0,0,7,13,4,12.5625,0,11.1,0.6,2.02,0,0.5714285714285714,0.5714285714285714,0.32653061224489793,0.0,0.5625,12.28125,8,0.5714285714285714,0,0,1,1.4285714285714286,0.5714285714285714,7.017857142857142,4.0,1.0,1
1,1,1,9147,1,1,117.0,1,37,37,9,9,120.2,1,0,0,1,0,0,20,0,0,5,9,2,10.0,0,0,5,10,2,11.0,0,7.6,2.6,0.32,1,0.4,0.4,0.16000000000000003,0.0,1.0,10.5,4,0.4,0,0,1,1.6,0.4,4.2,2.0,1.0,1
1,43,3,9500,1,1,139.0,1,38,37,9,8,146.5,0,0,0,1,0,0,21,0,11,14,26,12,13.417391304347827,1,11,14,26,12,13.417391304347827,1,7.6,2.6,0.32,2,0.8571428571428571,0.8571428571428571,0.7346938775510203,0.0,0.0,13.417391304347827,24,0.8571428571428571,0,0,1,1.1428571428571428,0.8571428571428571,11.500621118012422,12.0,1.0,1
1,1,1,9773,1,1,159.0,1,34,26,0,6,160.1,1,0,0,1,0,0,18,0,0,6,6,6,15.166666666666666,0,0,6,7,6,14.857142857142858,0,7.6,2.6,0.32,2,1.0,1.0,1.0,0.0,-0.3095238095238084,15.011904761904763,12,1.0,0,0,1,1.0,1.0,15.011904761904763,6.0,1.0,1
1,39,1,9003,1,1,140.0,1,37,37,5,5,150.0,0,0,1,1,0,0,34,0,0,6,10,5,13.833333333333334,0,0,6,13,5,12.5,0,16.2,0.3,-0.92,2,0.8333333333333334,0.8333333333333334,0.6944444444444445,0.0,-1.333333333333334,13.166666666666668,10,0.8333333333333334,0,0,2,2.1666666666666665,0.8333333333333334,10.972222222222223,5.0,1.0,1
1,1,3,9085,1,1,140.0,1,10,19,90,90,135.8,1,0,0,1,0,0,18,0,0,5,6,5,13.333333333333334,0,0,5,7,4,14.8,0,7.6,2.6,0.32,2,1.0,0.8,0.8,-0.19999999999999996,1.4666666666666668,14.066666666666666,9,0.9,0,0,1,1.2,0.9,12.66,4.0,0.8,1
1,1,1,9853,1,1,121.0,1,37,19,6,7,116.8,1,0,0,1,0,0,18,0,0,6,11,3,11.666666666666666,0,0,6,11,3,10.666666666666666,0,9.4,-0.8,-3.12,0,0.5,0.5,0.25,0.0,-1.0,11.166666666666666,6,0.5,0,0,1,1.5,0.5,5.583333333333333,3.0,1.0,1
1,1,5,9085,1,1,124.0,1,3,19,2,3,113.9,1,0,0,1,0,0,19,0,0,6,12,5,15.0,0,0,6,9,6,13.428571428571429,0,16.2,0.3,-0.92,2,0.8333333333333334,1.0,0.8333333333333334,0.16666666666666663,-1.5714285714285712,14.214285714285715,11,0.9166666666666666,0,0,1,1.0,0.9166666666666666,13.029761904761905,6.0,0.8333333333333334,1
1,1,5,9130,1,1,160.0,1,3,1,2,9,150.2,1,0,0,1,0,0,19,0,0,5,13,1,13.0,0,0,5,7,2,12.5,0,12.7,3.7,-1.7,0,0.2,0.4,0.08000000000000002,0.2,-0.5,12.75,3,0.3,0,0,1,1.6,0.3,3.8249999999999997,2.0,0.8,1
1,1,2,9500,1,1,120.0,1,3,37,4,7,115.1,1,0,0,1,0,1,19,0,0,7,8,6,13.075,0,0,8,10,7,12.05,0,12.4,0.5,1.79,2,0.8571428571428571,0.875,0.75,0.017857142857142905,-1.0249999999999986,12.5625,13,0.8666666666666667,1,0,0,0.125,0.8666666666666667,10.887500000000001,7.0,0.9821428571428571,1
1,1,1,9670,1,1,140.0,1,19,19,5,9,131.3,1,0,0,1,0,1,18,0,0,6,6,6,13.5,0,0,6,9,6,13.666666666666666,0,10.8,1.4,1.74,2,1.0,1.0,1.0,0.0,0.16666666666666607,13.583333333333332,12,1.0,0,0,0,0.0,1.0,13.583333333333332,6.0,1.0,1
1,44,1,9991,0,39,120.0,1,37,37,7,7,120.0,1,0,0,1,0,1,23,0,2,6,8,5,11.8,0,2,6,8,6,12.333333333333334,0,9.4,-0.8,-3.12,2,0.8333333333333334,1.0,0.8333333333333334,0.16666666666666663,0.5333333333333332,12.066666666666666,11,0.9166666666666666,0,0,0,0.0,0.9166666666666666,11.06111111111111,6.0,0.8333333333333334,1
1,17,2,9238,1,1,111.0,1,19,38,9,9,110.7,1,0,0,1,0,0,19,0,0,6,9,6,12.166666666666666,0,0,6,9,6,11.0,0,8.9,1.4,3.51,2,1.0,1.0,1.0,0.0,-1.166666666666666,11.583333333333332,12,1.0,0,0,1,1.0,1.0,11.583333333333332,6.0,1.0,1
1,1,6,9500,1,1,125.0,1,19,19,9,9,115.9,0,0,0,1,0,0,18,0,0,7,7,7,13.557142857142855,0,0,8,9,8,13.2,0,12.4,0.5,1.79,2,1.0,1.0,1.0,0.0,-0.3571428571428559,13.378571428571426,15,1.0,1,0,1,1.0,1.0,13.378571428571426,8.0,1.0,1
1,17,2,9070,1,1,136.0,1,19,38,4,7,140.9,1,0,0,1,0,0,19,0,0,6,6,6,14.333333333333334,0,0,6,6,6,13.5,0,9.4,-0.8,-3.12,2,1.0,1.0,1.0,0.0,-0.8333333333333339,13.916666666666668,12,1.0,0,0,1,1.0,1.0,13.916666666666668,6.0,1.0,1
1,1,1,9773,1,1,116.0,1,37,37,0,5,114.3,1,0,0,1,0,0,20,0,0,4,8,0,0.0,0,0,4,8,0,0.0,0,7.6,2.6,0.32,0,0.0,0.0,0.0,0.0,0.0,0.0,0,0.0,0,0,1,2.0,0.0,0.0,0.0,1.0,1
1,18,5,9853,1,1,110.0,1,19,37,7,7,110.0,1,0,0,1,0,0,20,0,0,6,10,4,12.75,0,0,6,14,3,11.333333333333334,0,10.8,1.4,1.74,1,0.6666666666666666,0.5,0.3333333333333333,-0.16666666666666663,-1.416666666666666,12.041666666666668,7,0.5833333333333334,0,0,1,1.5,0.5833333333333334,7.024305555555557,3.0,0.8333333333333334,1
1,1,1,9238,1,1,135.0,1,38,38,4,7,121.7,1,0,0,1,0,1,18,0,0,6,14,0,0.0,0,0,6,9,4,11.0,0,7.6,2.6,0.32,1,0.0,0.6666666666666666,0.0,0.6666666666666666,11.0,5.5,4,0.3333333333333333,0,0,0,0.33333333333333337,0.3333333333333333,1.8333333333333333,4.0,0.33333333333333337,1
1,43,2,9147,1,1,131.0,1,19,37,5,9,123.7,1,0,0,1,0,0,18,0,0,5,10,1,14.0,0,0,5,10,1,14.0,0,7.6,2.6,0.32,1,0.2,0.2,0.04000000000000001,0.0,0.0,14.0,2,0.2,0,0,1,1.8,0.2,2.8000000000000003,1.0,1.0,1
1,1,2,9500,1,1,124.0,1,37,37,7,7,116.5,1,0,0,1,0,1,20,0,0,7,9,7,14.093333333333332,0,0,8,8,8,15.0,0,11.1,0.6,2.02,2,1.0,1.0,1.0,0.0,0.9066666666666681,14.546666666666667,15,1.0,1,0,0,0.0,1.0,14.546666666666667,8.0,1.0,1
1,1,1,9238,1,1,163.0,1,37,37,5,6,155.0,0,0,0,1,0,1,21,0,0,6,6,6,13.333333333333334,0,0,6,8,6,13.166666666666666,0,9.4,-0.8,-3.12,2,1.0,1.0,1.0,0.0,-0.16666666666666785,13.25,12,1.0,0,0,0,0.0,1.0,13.25,6.0,1.0,1
1,43,1,9500,1,1,137.0,1,38,19,9,5,129.3,1,0,0,1,0,0,19,0,0,8,12,7,12.071428571428571,0,0,8,12,7,12.071428571428571,0,12.7,3.7,-1.7,2,0.875,0.875,0.765625,0.0,0.0,12.071428571428571,14,0.875,0,0,1,1.125,0.875,10.5625,7.0,1.0,1
1,1,3,9254,1,1,128.0,1,19,1,7,9,121.7,1,0,0,1,0,1,18,0,0,6,6,6,12.666666666666666,0,0,6,6,6,12.5,0,12.4,0.5,1.79,2,1.0,1.0,1.0,0.0,-0.16666666666666607,12.583333333333332,12,1.0,0,0,0,0.0,1.0,12.583333333333332,6.0,1.0,1
1,1,2,9500,1,1,133.1,1,19,38,7,9,125.5,1,0,0,1,0,1,21,0,0,7,9,7,13.2,0,0,8,9,7,13.2575,0,15.5,2.8,-4.06,2,1.0,0.875,0.875,-0.125,0.057500000000000995,13.22875,14,0.9333333333333333,1,0,0,0.125,0.9333333333333333,12.346833333333333,7.0,0.875,1
1,17,4,9500,1,1,148.0,1,3,19,4,7,131.9,1,0,0,1,0,1,18,0,0,7,8,7,14.15,0,0,8,8,8,14.51125,0,15.5,2.8,-4.06,2,1.0,1.0,1.0,0.0,0.36125000000000007,14.330625000000001,15,1.0,1,0,0,0.0,1.0,14.330625000000001,8.0,1.0,1
1,43,1,9853,1,1,110.0,1,37,37,9,9,107.7,0,0,1,0,0,0,28,0,0,6,0,0,0.0,0,0,5,10,0,0.0,0,10.8,1.4,1.74,0,0.0,0.0,0.0,0.0,0.0,0.0,0,0.0,-1,0,3,4.0,0.0,0.0,0.0,1.0,1
1,39,1,9556,1,1,133.1,1,44,40,2,2,115.5,0,0,0,1,0,0,36,0,0,7,13,5,12.2,0,0,7,14,3,11.4,0,11.1,0.6,2.02,0,0.7142857142857143,0.42857142857142855,0.30612244897959184,-0.28571428571428575,-0.7999999999999989,11.8,8,0.5714285714285714,0,0,1,1.5714285714285714,0.5714285714285714,6.742857142857143,3.0,0.7142857142857142,1
1,1,1,9085,1,1,145.0,1,38,38,9,10,139.8,1,0,0,1,0,0,20,0,0,5,6,5,14.8,1,0,5,6,5,14.0,0,12.7,3.7,-1.7,2,1.0,1.0,1.0,0.0,-0.8000000000000007,14.4,10,1.0,0,0,1,1.0,1.0,14.4,5.0,1.0,1
1,1,1,9238,1,1,136.0,1,38,38,0,7,133.2,1,0,0,1,0,0,19,0,0,6,8,5,11.0,0,0,6,13,5,11.4,0,7.6,2.6,0.32,2,0.8333333333333334,0.8333333333333334,0.6944444444444445,0.0,0.40000000000000036,11.2,10,0.8333333333333334,0,0,1,1.1666666666666665,0.8333333333333334,9.333333333333334,5.0,1.0,1
1,17,2,9085,1,1,138.0,1,37,37,9,7,123.3,1,0,0,1,0,0,19,0,0,5,15,3,14.0,3,0,5,10,4,11.75,1,9.4,-0.8,-3.12,1,0.6,0.8,0.48,0.20000000000000007,-2.25,12.875,7,0.7,0,0,1,1.2,0.7,9.0125,4.0,0.7999999999999999,1
2,39,1,8014,0,1,150.0,1,37,38,3,7,134.5,0,0,0,1,0,0,28,0,0,6,8,5,11.833333333333334,0,0,6,6,6,13.0,0,16.2,0.3,-0.92,2,0.8333333333333334,1.0,0.8333333333333334,0.16666666666666663,1.166666666666666,12.416666666666668,11,0.9166666666666666,0,0,1,1.0,0.9166666666666666,11.381944444444445,6.0,0.8333333333333334,1
1,1,1,9670,1,1,112.0,1,37,1,7,0,110.6,0,0,0,1,0,0,20,0,0,5,7,4,11.75,0,0,5,7,5,11.8,1,7.6,2.6,0.32,2,0.8,1.0,0.8,0.19999999999999996,0.05000000000000071,11.775,9,0.9,0,0,1,1.0,0.9,10.5975,5.0,0.8,1
1,42,1,9254,1,1,154.0,1,38,37,1,1,154.0,1,0,0,1,0,0,28,0,8,14,22,12,12.333333333333334,0,3,12,20,8,12.0,0,9.4,-0.8,-3.12,2,0.8571428571428571,0.6666666666666666,0.5714285714285714,-0.19047619047619047,-0.3333333333333339,12.166666666666668,20,0.7692307692307693,-2,0,1,1.3333333333333335,0.7692307692307693,9.358974358974361,8.0,0.8095238095238095,1
1,44,1,9085,1,39,140.0,1,1,39,3,9,140.0,1,0,0,1,0,0,20,0,1,6,9,6,12.666666666666666,0,1,6,10,4,11.5,0,13.9,-0.3,0.79,1,1.0,0.6666666666666666,0.6666666666666666,-0.33333333333333337,-1.166666666666666,12.083333333333332,10,0.8333333333333334,0,0,1,1.3333333333333335,0.8333333333333334,10.069444444444445,4.0,0.6666666666666666,1
1,17,2,9853,1,1,150.0,1,37,37,5,6,132.5,1,0,0,1,0,0,22,0,0,6,9,4,12.25,0,0,6,8,5,11.6,0,10.8,1.4,1.74,1,0.6666666666666666,0.8333333333333334,0.5555555555555556,0.16666666666666674,-0.6500000000000004,11.925,9,0.75,0,0,1,1.1666666666666665,0.75,8.943750000000001,5.0,0.8333333333333333,1
1,17,2,9254,1,1,141.0,1,1,4,4,4,127.7,0,0,0,1,0,1,18,0,0,6,7,6,11.285714285714286,0,0,6,9,4,13.5,0,16.2,0.3,-0.92,2,1.0,0.6666666666666666,0.6666666666666666,-0.33333333333333337,2.2142857142857135,12.392857142857142,10,0.8333333333333334,0,0,0,0.33333333333333337,0.8333333333333334,10.327380952380953,4.0,0.6666666666666666,1
1,1,5,9147,1,1,122.0,1,38,38,9,9,117.5,1,0,1,0,0,0,22,0,0,5,12,2,11.5,0,0,5,12,0,0.0,0,12.7,3.7,-1.7,0,0.4,0.0,0.0,-0.4,-11.5,5.75,2,0.2,0,0,3,4.0,0.2,1.1500000000000001,0.0,0.6,1
1,1,5,9254,1,1,120.0,1,37,37,9,7,127.0,1,0,0,1,0,1,18,0,0,6,10,6,11.666666666666666,0,0,6,10,4,12.25,0,9.4,-0.8,-3.12,2,1.0,0.6666666666666666,0.6666666666666666,-0.33333333333333337,0.5833333333333339,11.958333333333332,10,0.8333333333333334,0,0,0,0.33333333333333337,0.8333333333333334,9.965277777777777,4.0,0.6666666666666666,1
1,1,1,9500,1,1,139.0,1,19,37,5,5,125.5,0,0,0,1,0,1,21,0,0,8,8,7,13.514285714285714,0,0,8,8,7,13.514285714285714,0,12.7,3.7,-1.7,2,0.875,0.875,0.765625,0.0,0.0,13.514285714285714,14,0.875,0,0,0,0.125,0.875,11.825,7.0,1.0,1
1,17,6,9773,1,1,138.0,1,1,1,4,2,140.5,1,0,0,1,0,0,19,0,0,6,7,6,13.0,0,0,6,9,6,13.714285714285714,0,7.6,2.6,0.32,2,1.0,1.0,1.0,0.0,0.7142857142857135,13.357142857142858,12,1.0,0,0,1,1.0,1.0,13.357142857142858,6.0,1.0,1
1,5,1,9853,1,1,119.0,1,1,38,5,8,118.3,1,0,0,1,0,0,22,0,0,6,11,3,15.0,0,0,6,11,4,10.25,0,9.4,-0.8,-3.12,1,0.5,0.6666666666666666,0.3333333333333333,0.16666666666666663,-4.75,12.625,7,0.5833333333333334,0,0,1,1.3333333333333335,0.5833333333333334,7.364583333333334,4.0,0.8333333333333334,1
1,1,1,9500,1,1,129.0,1,38,38,5,5,120.8,1,0,0,1,0,1,20,0,0,8,8,7,12.744285714285716,0,0,8,8,7,12.744285714285716,0,10.8,1.4,1.74,2,0.875,0.875,0.765625,0.0,0.0,12.744285714285716,14,0.875,0,0,0,0.125,0.875,11.151250000000001,7.0,1.0,1
1,1,1,9147,1,1,133.1,1,37,37,191,154,95.0,0,0,0,1,0,0,20,0,0,5,10,4,11.75,0,0,5,8,5,11.8,0,11.1,0.6,2.02,2,0.8,1.0,0.8,0.19999999999999996,0.05000000000000071,11.775,9,0.9,0,0,1,1.0,0.9,10.5975,5.0,0.8,1
1,17,1,8014,0,1,125.0,1,37,37,5,6,122.2,1,0,1,1,0,0,19,0,0,6,6,6,12.166666666666666,0,0,6,7,6,11.666666666666666,0,10.8,1.4,1.74,2,1.0,1.0,1.0,0.0,-0.5,11.916666666666666,12,1.0,0,0,2,2.0,1.0,11.916666666666666,6.0,1.0,1
1,1,2,9070,1,1,137.0,1,19,38,9,9,127.2,1,0,0,1,0,1,20,0,1,6,9,5,13.4,1,0,6,9,6,12.375,0,13.9,-0.3,0.79,2,0.8333333333333334,1.0,0.8333333333333334,0.16666666666666663,-1.0250000000000004,12.8875,11,0.9166666666666666,0,0,0,0.0,0.9166666666666666,11.813541666666666,6.0,0.8333333333333334,1
1,1,3,9500,1,1,154.0,1,1,37,4,9,134.8,1,0,0,1,0,0,19,0,0,7,7,6,13.533333333333331,0,0,7,7,6,13.533333333333331,0,7.6,2.6,0.32,2,0.8571428571428571,0.8571428571428571,0.7346938775510203,0.0,0.0,13.533333333333331,12,0.8571428571428571,0,0,1,1.1428571428571428,0.8571428571428571,11.599999999999998,6.0,1.0,1
1,1,1,9254,1,1,144.0,1,19,19,9,9,142.6,1,0,0,1,0,1,18,0,0,6,7,6,14.166666666666666,0,0,6,10,4,14.0,0,15.5,2.8,-4.06,2,1.0,0.6666666666666666,0.6666666666666666,-0.33333333333333337,-0.16666666666666607,14.083333333333332,10,0.8333333333333334,0,0,0,0.33333333333333337,0.8333333333333334,11.73611111111111,4.0,0.6666666666666666,1
1,1,1,9500,1,1,153.0,1,38,37,7,8,147.9,0,0,0,1,0,1,18,0,0,7,7,7,14.652857142857142,0,0,8,9,8,14.755555555555556,0,12.4,0.5,1.79,2,1.0,1.0,1.0,0.0,0.10269841269841429,14.704206349206348,15,1.0,1,0,0,0.0,1.0,14.704206349206348,8.0,1.0,1
1,1,1,171,1,1,152.0,1,1,38,4,9,160.4,1,0,0,0,0,0,19,0,0,0,0,0,0.0,0,0,0,0,0,0.0,0,7.6,2.6,0.32,0,0.0,0.0,0.0,0.0,0.0,0.0,0,0.0,0,1,2,4.0,0.0,0.0,0.0,1.0,0
1,1,1,9147,1,1,150.0,103,37,37,9,9,134.6,0,0,0,1,1,0,20,1,0,5,5,5,13.6,0,0,5,7,5,13.0,0,9.4,-0.8,-3.12,2,1.0,1.0,1.0,0.0,-0.5999999999999996,13.3,10,1.0,0,0,1,1.0,1.0,13.3,5.0,1.0,1
1,1,1,9254,1,1,129.0,1,19,1,3,7,121.0,0,0,0,1,0,1,22,0,0,6,9,6,12.833333333333334,0,0,6,6,4,13.25,0,16.2,0.3,-0.92,2,1.0,0.6666666666666666,0.6666666666666666,-0.33333333333333337,0.4166666666666661,13.041666666666668,10,0.8333333333333334,0,0,0,0.33333333333333337,0.8333333333333334,10.868055555555557,4.0,0.6666666666666666,1
1,1,1,9238,1,1,150.0,1,19,37,5,4,142.7,1,0,0,1,0,1,18,0,0,6,6,6,14.666666666666666,0,0,6,6,6,15.166666666666666,0,9.4,-0.8,-3.12,2,1.0,1.0,1.0,0.0,0.5,14.916666666666666,12,1.0,0,0,0,0.0,1.0,14.916666666666666,6.0,1.0,1
1,17,2,9773,1,1,125.0,1,1,1,4,8,115.6,1,0,0,1,0,0,19,0,0,6,6,6,13.333333333333334,0,0,6,6,6,14.666666666666666,0,12.4,0.5,1.79,2,1.0,1.0,1.0,0.0,1.3333333333333321,14.0,12,1.0,0,0,1,1.0,1.0,14.0,6.0,1.0,1
1,1,1,9238,1,1,133.1,1,19,37,9,9,130.0,0,0,0,0,0,1,20,0,0,6,10,5,13.4,0,0,6,9,5,11.4,0,10.8,1.4,1.74,2,0.8333333333333334,0.8333333333333334,0.6944444444444445,0.0,-2.0,12.4,10,0.8333333333333334,0,0,1,1.1666666666666665,0.8333333333333334,10.333333333333334,5.0,1.0,1
1,1,2,9500,1,1,140.0,1,38,37,5,6,124.3,1,0,0,1,0,1,19,0,0,7,9,7,13.3125,0,0,8,8,8,15.6375,0,13.9,-0.3,0.79,2,1.0,1.0,1.0,0.0,2.3249999999999993,14.475,15,1.0,1,0,0,0.0,1.0,14.475,8.0,1.0,1
1,1,1,171,1,1,140.0,1,19,37,5,6,137.9,1,0,1,0,0,0,18,0,0,0,0,0,0.0,0,0,0,0,0,0.0,0,8.9,1.4,3.51,0,0.0,0.0,0.0,0.0,0.0,0.0,0,0.0,0,1,3,5.0,0.0,0.0,0.0,1.0,0
1,1,6,9773,1,1,133.1,1,1,37,3,3,100.0,1,0,1,0,0,0,20,0,0,4,4,0,0.0,0,0,5,5,0,0.0,0,12.4,0.5,1.79,0,0.0,0.0,0.0,0.0,0.0,0.0,0,0.0,1,0,3,4.0,0.0,0.0,0.0,1.0,1
1,1,2,9773,1,1,132.0,1,1,2,9,3,128.2,1,0,0,1,0,1,19,0,0,6,7,6,12.333333333333334,0,0,6,6,6,13.5,0,9.4,-0.8,-3.12,2,1.0,1.0,1.0,0.0,1.166666666666666,12.916666666666668,12,1.0,0,0,0,0.0,1.0,12.916666666666668,6.0,1.0,1
1,16,4,9238,1,1,135.0,1,37,37,9,9,121.0,1,0,0,1,0,0,18,0,0,6,8,5,13.0,0,0,6,7,6,11.833333333333334,0,10.8,1.4,1.74,2,0.8333333333333334,1.0,0.8333333333333334,0.16666666666666663,-1.166666666666666,12.416666666666668,11,0.9166666666666666,0,0,1,1.0,0.9166666666666666,11.381944444444445,6.0,0.8333333333333334,1
1,1,1,9670,1,1,133.1,1,34,38,0,4,147.0,0,0,0,1,0,0,22,0,0,5,6,2,12.5,0,0,5,5,0,0.0,0,9.4,-0.8,-3.12,0,0.4,0.0,0.0,-0.4,-12.5,6.25,2,0.2,0,0,1,2.0,0.2,1.25,0.0,0.6,1
1,1,1,9238,1,1,168.0,1,37,37,9,9,149.5,0,0,0,1,0,0,18,0,0,6,10,6,17.0,0,0,6,11,6,16.0,0,12.4,0.5,1.79,2,1.0,1.0,1.0,0.0,-1.0,16.5,12,1.0,0,0,1,1.0,1.0,16.5,6.0,1.0,1
1,1,1,9238,1,1,143.0,1,19,1,9,9,144.4,1,0,0,1,0,0,20,0,0,6,7,6,13.5,0,0,6,6,6,13.0,0,10.8,1.4,1.74,2,1.0,1.0,1.0,0.0,-0.5,13.25,12,1.0,0,0,1,1.0,1.0,13.25,6.0,1.0,1
1,17,2,9254,1,1,116.0,1,19,38,5,5,116.0,1,0,0,1,0,0,19,0,0,6,7,6,12.714285714285714,0,0,6,6,6,11.833333333333334,0,8.9,1.4,3.51,2,1.0,1.0,1.0,0.0,-0.8809523809523796,12.273809523809524,12,1.0,0,0,1,1.0,1.0,12.273809523809524,6.0,1.0,1
1,43,1,9500,1,1,134.0,1,38,19,5,8,120.7,0,0,0,1,0,1,19,0,0,7,9,6,13.0,0,0,8,11,8,13.927272727272726,0,16.2,0.3,-0.92,2,0.8571428571428571,1.0,0.8571428571428571,0.1428571428571429,0.9272727272727259,13.463636363636363,14,0.9333333333333333,1,0,0,0.0,0.9333333333333333,12.566060606060606,8.0,0.8571428571428571,1
1,44,1,9238,1,39,140.0,1,38,19,5,0,141.8,0,0,0,1,0,0,21,0,3,6,7,6,12.571428571428571,0,2,6,6,6,13.5,0,12.4,0.5,1.79,2,1.0,1.0,1.0,0.0,0.9285714285714288,13.035714285714285,12,1.0,0,0,1,1.0,1.0,13.035714285714285,6.0,1.0,1
1,1,6,9238,1,1,125.0,1,38,1,7,4,118.4,1,0,0,1,0,1,19,0,0,6,6,6,13.5,0,0,6,7,6,13.285714285714286,0,11.1,0.6,2.02,2,1.0,1.0,1.0,0.0,-0.21428571428571352,13.392857142857142,12,1.0,0,0,0,0.0,1.0,13.392857142857142,6.0,1.0,1
2,39,1,9085,1,1,133.1,1,36,36,99,5,128.2,0,0,0,0,0,1,28,0,0,5,14,1,12.0,3,0,5,5,0,0.0,5,9.4,-0.8,-3.12,0,0.2,0.0,0.0,-0.2,-12.0,6.0,1,0.1,0,0,1,2.0,0.1,0.6000000000000001,0.0,0.8,1
2,43,1,9500,1,1,137.0,1,3,3,2,2,115.0,0,0,0,1,0,0,28,0,0,7,8,7,14.95,0,0,8,8,8,14.7375,0,13.9,-0.3,0.79,2,1.0,1.0,1.0,0.0,-0.21249999999999858,14.84375,15,1.0,1,0,1,1.0,1.0,14.84375,8.0,1.0,1
1,39,1,9991,0,1,140.0,1,38,19,9,5,130.0,0,0,1,1,0,0,25,0,0,5,10,4,11.25,0,0,5,9,4,12.0,0,12.7,3.7,-1.7,1,0.8,0.8,0.6400000000000001,0.0,0.75,11.625,8,0.8,0,0,2,2.2,0.8,9.3,4.0,1.0,1
1,43,1,9670,1,1,134.0,1,1,38,4,4,120.7,0,0,1,0,0,0,19,0,0,6,13,3,10.666666666666666,0,0,6,6,4,12.25,0,15.5,2.8,-4.06,0,0.5,0.6666666666666666,0.3333333333333333,0.16666666666666663,1.583333333333334,11.458333333333332,7,0.5833333333333334,0,0,3,3.3333333333333335,0.5833333333333334,6.684027777777778,4.0,0.8333333333333334,1
1,1,5,9500,1,1,139.0,1,38,38,9,5,130.5,1,0,0,1,0,0,19,0,0,8,8,7,14.992857142857142,0,0,8,8,7,14.992857142857142,0,10.8,1.4,1.74,2,0.875,0.875,0.765625,0.0,0.0,14.992857142857142,14,0.875,0,0,1,1.125,0.875,13.118749999999999,7.0,1.0,1
1,1,2,9147,1,1,113.0,1,38,38,9,5,107.4,1,0,0,1,1,0,20,0,0,5,12,3,10.5,0,0,5,10,4,11.25,0,12.4,0.5,1.79,1,0.6,0.8,0.48,0.20000000000000007,0.75,10.875,7,0.7,0,0,1,1.2,0.7,7.6125,4.0,0.7999999999999999,1
1,43,1,9773,1,1,132.0,1,38,19,9,9,125.0,1,0,0,1,1,1,20,0,0,6,6,6,12.333333333333334,0,0,6,7,6,14.0,0,12.4,0.5,1.79,2,1.0,1.0,1.0,0.0,1.666666666666666,13.166666666666668,12,1.0,0,0,0,0.0,1.0,13.166666666666668,6.0,1.0,1
1,1,1,9085,1,1,123.0,1,38,19,4,90,127.2,0,0,1,0,1,0,20,0,0,5,7,3,11.333333333333334,0,0,5,8,2,11.5,0,7.6,2.6,0.32,0,0.6,0.4,0.24,-0.19999999999999996,0.16666666666666607,11.416666666666668,5,0.5,0,0,3,3.6,0.5,5.708333333333334,2.0,0.8,1
1,39,1,9085,1,40,130.0,1,3,2,3,2,160.0,1,0,0,1,0,0,27,0,0,6,7,6,16.142857142857142,0,0,6,7,6,14.666666666666666,0,13.9,-0.3,0.79,2,1.0,1.0,1.0,0.0,-1.4761904761904763,15.404761904761905,12,1.0,0,0,1,1.0,1.0,15.404761904761905,6.0,1.0,1
1,51,1,9085,1,1,125.0,1,1,1,9,4,120.0,0,0,0,1,0,0,22,0,0,6,8,6,14.833333333333334,0,0,6,10,5,13.833333333333334,0,11.1,0.6,2.02,2,1.0,0.8333333333333334,0.8333333333333334,-0.16666666666666663,-1.0,14.333333333333334,11,0.9166666666666666,0,0,1,1.1666666666666665,0.9166666666666666,13.13888888888889,5.0,0.8333333333333334,1
1,1,3,9500,1,1,140.0,1,37,37,9,9,141.5,1,0,1,0,0,0,19,0,0,8,8,7,13.327142857142857,0,0,8,8,7,13.327142857142857,0,10.8,1.4,1.74,0,0.875,0.875,0.765625,0.0,0.0,13.327142857142857,14,0.875,0,0,3,3.125,0.875,11.661249999999999,7.0,1.0,1
1,17,1,9238,1,1,111.0,1,19,38,3,3,111.4,1,0,0,0,0,0,19,0,0,6,13,4,11.0,0,0,6,13,2,11.5,0,12.7,3.7,-1.7,0,0.6666666666666666,0.3333333333333333,0.2222222222222222,-0.3333333333333333,0.5,11.25,6,0.5,0,0,2,2.666666666666667,0.5,5.625,2.0,0.6666666666666667,1
1,18,4,9853,1,1,118.0,1,19,37,9,6,111.4,1,0,1,0,0,0,20,0,0,7,9,0,0.0,0,0,6,6,0,0.0,0,11.1,0.6,2.02,0,0.0,0.0,0.0,0.0,0.0,0.0,0,0.0,-1,0,3,4.0,0.0,0.0,0.0,1.0,1
2,43,1,9991,0,1,150.0,1,38,19,3,3,120.1,0,0,0,0,0,0,39,0,11,15,15,12,11.916666666666666,0,8,13,14,8,11.25,0,10.8,1.4,1.74,0,0.8,0.6153846153846154,0.49230769230769234,-0.18461538461538463,-0.6666666666666661,11.583333333333332,20,0.7142857142857143,-2,0,2,2.3846153846153846,0.7142857142857143,8.273809523809524,8.0,0.8153846153846154,1
2,39,2,8014,0,19,100.0,1,37,37,4,7,100.0,0,0,1,1,0,0,37,0,0,6,9,6,11.833333333333334,0,0,6,7,6,11.0,0,7.6,2.6,0.32,2,1.0,1.0,1.0,0.0,-0.8333333333333339,11.416666666666668,12,1.0,0,0,2,2.0,1.0,11.416666666666668,6.0,1.0,1
2,39,1,9500,1,3,130.0,1,1,1,4,6,140.0,0,0,1,0,0,0,30,0,3,7,11,3,12.333333333333334,0,3,7,9,3,11.666666666666666,0,13.9,-0.3,0.79,0,0.42857142857142855,0.42857142857142855,0.18367346938775508,0.0,-0.6666666666666679,12.0,6,0.42857142857142855,0,0,3,3.571428571428571,0.42857142857142855,5.142857142857142,3.0,1.0,1
2,43,1,9991,0,3,130.0,1,37,37,9,9,130.0,0,0,0,1,0,0,41,0,5,10,11,10,14.3,0,5,10,10,10,14.2,0,12.7,3.7,-1.7,2,1.0,1.0,1.0,0.0,-0.10000000000000142,14.25,20,1.0,0,0,1,1.0,1.0,14.25,10.0,1.0,1
4,39,1,9500,1,19,133.1,1,37,37,5,7,100.0,0,0,0,0,0,0,40,0,0,8,11,5,11.832,4,0,8,11,5,11.832,4,9.4,-0.8,-3.12,0,0.625,0.625,0.390625,0.0,0.0,11.832,10,0.625,0,0,2,2.375,0.625,7.3950000000000005,5.0,1.0,1
1,1,1,9147,1,1,112.0,1,9,22,4,3,106.1,0,0,0,1,0,0,20,0,0,5,13,2,10.0,1,0,5,10,0,0.0,0,9.4,-0.8,-3.12,0,0.4,0.0,0.0,-0.4,-10.0,5.0,2,0.2,0,0,1,2.0,0.2,1.0,0.0,0.6,1
2,1,1,9991,0,1,144.0,1,19,19,9,9,151.4,0,0,0,1,0,0,28,0,0,5,5,5,12.0,0,0,5,6,5,11.6,0,7.6,2.6,0.32,2,1.0,1.0,1.0,0.0,-0.40000000000000036,11.8,10,1.0,0,0,1,1.0,1.0,11.8,5.0,1.0,1
1,18,2,9853,1,1,120.0,1,19,37,9,4,113.7,1,0,1,0,0,0,19,0,0,7,11,5,12.2,0,0,7,13,0,0.0,0,12.4,0.5,1.79,0,0.7142857142857143,0.0,0.0,-0.7142857142857143,-12.2,6.1,5,0.35714285714285715,0,0,3,4.0,0.35714285714285715,2.1785714285714284,0.0,0.2857142857142857,1
1,39,1,9500,1,1,100.0,1,1,19,4,8,122.0,0,0,0,1,0,0,24,0,0,8,8,7,12.412857142857144,0,0,8,8,7,12.412857142857144,0,10.8,1.4,1.74,2,0.875,0.875,0.765625,0.0,0.0,12.412857142857144,14,0.875,0,0,1,1.125,0.875,10.86125,7.0,1.0,1
1,17,5,9670,1,1,115.0,1,1,19,5,5,117.1,0,0,0,1,0,0,21,0,0,5,7,3,12.666666666666666,0,0,5,6,4,12.75,1,7.6,2.6,0.32,1,0.6,0.8,0.48,0.20000000000000007,0.08333333333333393,12.708333333333332,7,0.7,0,0,1,1.2,0.7,8.895833333333332,4.0,0.7999999999999999,1
1,1,2,9500,1,1,123.0,1,19,19,7,7,120.8,1,0,0,1,0,0,19,0,0,8,11,7,12.545714285714286,0,0,8,11,7,12.545714285714286,0,10.8,1.4,1.74,2,0.875,0.875,0.765625,0.0,0.0,12.545714285714286,14,0.875,0,0,1,1.125,0.875,10.977500000000001,7.0,1.0,1
1,1,1,9773,1,1,134.0,1,37,19,9,10,141.4,1,0,0,1,0,0,19,0,0,6,12,3,13.0,0,0,6,13,2,14.0,0,9.4,-0.8,-3.12,0,0.5,0.3333333333333333,0.16666666666666666,-0.16666666666666669,1.0,13.5,5,0.4166666666666667,0,0,1,1.6666666666666667,0.4166666666666667,5.625,2.0,0.8333333333333333,1
1,39,1,9003,1,1,123.0,1,37,37,9,9,110.0,0,0,1,0,0,0,48,0,0,6,6,0,0.0,0,0,6,6,0,0.0,0,11.1,0.6,2.02,0,0.0,0.0,0.0,0.0,0.0,0.0,0,0.0,0,0,3,4.0,0.0,0.0,0.0,1.0,1
1,17,1,9147,1,1,131.0,1,1,37,3,7,120.2,0,0,0,1,0,0,19,0,0,5,10,5,13.285714285714286,0,0,5,8,5,13.0,0,12.7,3.7,-1.7,2,1.0,1.0,1.0,0.0,-0.2857142857142865,13.142857142857142,10,1.0,0,0,1,1.0,1.0,13.142857142857142,5.0,1.0,1
2,39,1,9991,0,12,133.1,1,37,1,9,4,138.4,0,0,0,1,1,0,30,0,0,5,7,3,11.666666666666666,0,0,5,8,1,11.0,0,7.6,2.6,0.32,0,0.6,0.2,0.12,-0.39999999999999997,-0.6666666666666661,11.333333333333332,4,0.4,0,0,1,1.8,0.4,4.533333333333333,1.0,0.6000000000000001,1
1,44,1,9003,1,39,150.0,1,37,19,9,9,150.0,0,0,0,1,1,1,24,0,0,6,9,6,13.555555555555555,0,0,6,7,6,12.666666666666666,0,13.9,-0.3,0.79,2,1.0,1.0,1.0,0.0,-0.8888888888888893,13.11111111111111,12,1.0,0,0,0,0.0,1.0,13.11111111111111,6.0,1.0,1
1,17,5,9773,1,1,134.0,1,1,19,9,5,121.8,1,0,0,1,1,0,19,0,0,6,6,6,13.166666666666666,0,0,6,8,6,12.428571428571429,0,16.2,0.3,-0.92,2,1.0,1.0,1.0,0.0,-0.7380952380952372,12.797619047619047,12,1.0,0,0,1,1.0,1.0,12.797619047619047,6.0,1.0,1
1,1,1,9254,1,1,117.0,1,1,1,5,5,116.3,1,0,0,1,1,1,21,0,0,6,6,6,11.666666666666666,0,0,6,7,5,12.2,0,10.8,1.4,1.74,2,1.0,0.8333333333333334,0.8333333333333334,-0.16666666666666663,0.5333333333333332,11.933333333333334,11,0.9166666666666666,0,0,0,0.16666666666666663,0.9166666666666666,10.938888888888888,5.0,0.8333333333333334,1
1,17,2,9070,1,1,142.0,1,3,1,2,4,141.0,1,0,0,1,1,0,18,0,0,6,6,6,13.0,0,0,6,8,1,10.0,0,10.8,1.4,1.74,1,1.0,0.16666666666666666,0.16666666666666666,-0.8333333333333334,-3.0,11.5,7,0.5833333333333334,0,0,1,1.8333333333333335,0.5833333333333334,6.708333333333334,1.0,0.16666666666666663,1
1,17,1,9070,1,1,132.0,1,37,38,9,7,138.0,0,0,0,1,1,1,18,0,0,6,6,6,13.666666666666666,0,0,6,6,6,12.0,0,12.4,0.5,1.79,2,1.0,1.0,1.0,0.0,-1.666666666666666,12.833333333333332,12,1.0,0,0,0,0.0,1.0,12.833333333333332,6.0,1.0,1
1,1,1,9500,1,1,131.0,1,1,19,9,9,127.0,0,0,0,1,1,1,19,0,0,8,8,7,12.514285714285714,0,0,8,8,7,12.514285714285714,0,12.7,3.7,-1.7,2,0.875,0.875,0.765625,0.0,0.0,12.514285714285714,14,0.875,0,0,0,0.125,0.875,10.95,7.0,1.0,1
1,17,2,9085,1,1,123.0,1,3,19,2,9,118.9,0,0,0,1,1,0,18,0,0,5,5,3,14.0,0,0,5,7,3,12.666666666666666,0,7.6,2.6,0.32,1,0.6,0.6,0.36,0.0,-1.333333333333334,13.333333333333332,6,0.6,0,0,1,1.4,0.6,7.999999999999999,3.0,1.0,1
1,17,1,9119,1,1,141.0,1,37,1,9,2,133.0,1,0,0,1,1,0,18,0,0,5,10,4,13.0,0,0,5,10,3,12.333333333333334,3,7.6,2.6,0.32,1,0.8,0.6,0.48,-0.20000000000000007,-0.6666666666666661,12.666666666666668,7,0.7,0,0,1,1.4,0.7,8.866666666666667,3.0,0.7999999999999999,1
5,39,1,9147,1,1,133.1,1,1,19,4,7,114.0,0,0,0,0,1,0,29,0,0,5,5,1,13.0,0,0,5,5,0,0.0,0,8.9,1.4,3.51,0,0.2,0.0,0.0,-0.2,-13.0,6.5,1,0.1,0,0,2,3.0,0.1,0.65,0.0,0.8,1
1,17,1,9119,1,1,116.0,1,19,37,90,5,116.7,1,0,0,1,1,0,21,0,0,5,10,1,10.0,0,0,5,8,3,13.666666666666666,3,7.6,2.6,0.32,0,0.2,0.6,0.12,0.39999999999999997,3.666666666666666,11.833333333333332,4,0.4,0,0,1,1.4,0.4,4.733333333333333,3.0,0.6000000000000001,1
1,1,3,9773,1,1,123.0,1,1,1,4,7,125.1,1,0,1,1,1,1,18,0,0,6,6,6,14.333333333333334,0,0,6,6,6,15.333333333333334,0,11.1,0.6,2.02,2,1.0,1.0,1.0,0.0,1.0,14.833333333333334,12,1.0,0,0,1,1.0,1.0,14.833333333333334,6.0,1.0,1
1,17,1,9254,1,1,133.0,1,19,1,9,9,137.2,0,0,0,1,1,1,20,0,0,6,6,0,0.0,0,0,6,12,0,0.0,0,10.8,1.4,1.74,0,0.0,0.0,0.0,0.0,0.0,0.0,0,0.0,0,0,0,1.0,0.0,0.0,0.0,1.0,1
1,39,1,9991,0,1,133.1,1,19,37,9,7,111.4,0,0,0,1,1,0,27,0,0,5,7,1,11.0,0,0,5,7,0,0.0,0,13.9,-0.3,0.79,0,0.2,0.0,0.0,-0.2,-11.0,5.5,1,0.1,0,0,1,2.0,0.1,0.55,0.0,0.8,1
1,18,2,9147,1,1,140.0,1,37,37,5,9,124.3,1,0,0,1,1,0,20,0,0,5,7,4,10.75,0,0,5,12,3,10.571428571428571,0,10.8,1.4,1.74,0,0.8,0.6,0.48,-0.20000000000000007,-0.17857142857142883,10.660714285714285,7,0.7,0,0,1,1.4,0.7,7.462499999999999,3.0,0.7999999999999999,1
1,39,1,9147,1,19,100.0,1,38,19,7,9,132.0,0,0,1,0,1,0,28,0,0,5,7,1,11.0,0,0,5,9,0,0.0,0,10.8,1.4,1.74,0,0.2,0.0,0.0,-0.2,-11.0,5.5,1,0.1,0,0,3,4.0,0.1,0.55,0.0,0.8,1
1,1,5,9147,1,1,134.0,1,3,2,2,2,134.7,0,0,0,1,1,0,22,0,1,5,10,4,11.75,0,0,5,10,3,11.0,0,7.6,2.6,0.32,1,0.8,0.6,0.48,-0.20000000000000007,-0.75,11.375,7,0.7,0,0,1,1.4,0.7,7.9624999999999995,3.0,0.7999999999999999,1
1,1,1,9085,1,1,134.0,1,37,19,9,9,136.8,1,0,0,1,1,0,20,0,0,5,8,5,12.8,0,0,5,9,4,13.666666666666666,1,10.8,1.4,1.74,2,1.0,0.8,0.8,-0.19999999999999996,0.8666666666666654,13.233333333333334,9,0.9,0,0,1,1.2,0.9,11.910000000000002,4.0,0.8,1
1,44,1,9003,1,39,130.0,1,1,3,9,2,130.0,1,0,1,0,1,0,23,0,0,6,12,2,11.333333333333334,0,0,6,8,2,13.0,0,13.9,-0.3,0.79,0,0.3333333333333333,0.3333333333333333,0.1111111111111111,0.0,1.666666666666666,12.166666666666668,4,0.3333333333333333,0,0,3,3.666666666666667,0.3333333333333333,4.055555555555555,2.0,1.0,1
1,1,1,9238,1,1,141.0,1,19,1,7,3,128.8,1,0,0,1,1,0,18,0,0,6,10,5,11.6,0,0,6,6,6,11.166666666666666,0,10.8,1.4,1.74,2,0.8333333333333334,1.0,0.8333333333333334,0.16666666666666663,-0.43333333333333357,11.383333333333333,11,0.9166666666666666,0,0,1,1.0,0.9166666666666666,10.434722222222222,6.0,0.8333333333333334,1
1,1,1,171,1,1,147.0,1,1,12,4,4,148.4,1,0,0,1,1,1,20,0,8,14,15,12,10.923076923076923,0,7,13,14,11,12.181818181818182,0,11.1,0.6,2.02,2,0.8571428571428571,0.8461538461538461,0.7252747252747253,-0.01098901098901095,1.2587412587412583,11.552447552447553,23,0.8518518518518519,-1,0,0,0.15384615384615385,0.8518518518518519,9.840973840973842,11.0,0.989010989010989,1
2,39,1,9500,1,3,130.0,1,1,1,4,6,126.0,0,0,0,1,1,0,32,0,0,7,7,7,13.62857142857143,0,0,8,8,8,13.9125,0,13.9,-0.3,0.79,2,1.0,1.0,1.0,0.0,0.28392857142856975,13.770535714285714,15,1.0,1,0,1,1.0,1.0,13.770535714285714,8.0,1.0,1
1,1,6,9254,1,1,119.0,1,19,19,9,9,118.7,1,0,0,1,1,0,20,0,0,6,16,3,10.333333333333334,0,0,6,16,1,11.0,0,10.8,1.4,1.74,0,0.5,0.16666666666666666,0.08333333333333333,-0.33333333333333337,0.6666666666666661,10.666666666666668,4,0.3333333333333333,0,0,1,1.8333333333333335,0.3333333333333333,3.555555555555556,1.0,0.6666666666666666,1
1,39,1,9003,1,1,130.0,1,38,37,7,7,120.0,0,0,0,1,1,0,32,0,12,18,25,18,13.736842105263158,0,10,13,15,12,13.75,1,15.5,2.8,-4.06,2,1.0,0.9230769230769231,0.9230769230769231,-0.07692307692307687,0.01315789473684248,13.743421052631579,30,0.967741935483871,-5,0,1,1.0769230769230769,0.967741935483871,13.300084889643463,12.0,0.9230769230769231,1
1,44,1,9070,1,39,120.0,1,1,38,5,5,116.3,1,1,0,1,1,1,21,0,2,7,7,4,11.5,0,5,9,10,7,12.142857142857142,0,12.4,0.5,1.79,2,0.5714285714285714,0.7777777777777778,0.4444444444444444,0.2063492063492064,0.6428571428571423,11.821428571428571,11,0.6875,2,0,0,0.2222222222222222,0.6875,8.127232142857142,7.0,0.7936507936507936,1
1,1,1,9773,1,1,130.0,1,38,37,9,6,133.9,0,0,0,1,1,1,19,0,0,6,8,5,14.0,0,0,6,8,6,13.0,0,10.8,1.4,1.74,2,0.8333333333333334,1.0,0.8333333333333334,0.16666666666666663,-1.0,13.5,11,0.9166666666666666,0,0,0,0.0,0.9166666666666666,12.375,6.0,0.8333333333333334,1
1,39,1,9991,0,39,150.0,1,19,19,9,9,150.3,0,0,0,1,1,0,24,0,0,5,7,3,11.333333333333334,0,0,5,6,0,0.0,0,10.8,1.4,1.74,0,0.6,0.0,0.0,-0.6,-11.333333333333334,5.666666666666667,3,0.3,0,0,1,2.0,0.3,1.7,0.0,0.4,1
1,17,1,9147,1,1,120.0,1,38,38,9,8,118.3,0,0,0,1,1,0,18,0,0,5,13,1,10.0,0,0,5,5,1,10.0,0,12.7,3.7,-1.7,0,0.2,0.2,0.04000000000000001,0.0,0.0,10.0,2,0.2,0,0,1,1.8,0.2,2.0,1.0,1.0,1
1,43,1,171,1,39,140.0,1,38,37,9,7,140.0,0,0,0,0,1,0,25,0,0,0,0,0,0.0,0,0,0,0,0,0.0,0,15.5,2.8,-4.06,0,0.0,0.0,0.0,0.0,0.0,0.0,0,0.0,0,1,2,4.0,0.0,0.0,0.0,1.0,0
1,1,1,9147,1,1,148.0,1,19,1,7,5,138.3,1,0,0,1,1,0,19,0,0,5,6,4,13.75,0,0,5,5,0,0.0,0,12.4,0.5,1.79,0,0.8,0.0,0.0,-0.8,-13.75,6.875,4,0.4,0,0,1,2.0,0.4,2.75,0.0,0.19999999999999996,1
1,42,1,9147,1,1,135.0,1,19,1,4,4,120.0,0,0,0,0,1,0,25,0,0,5,6,0,0.0,0,0,5,5,0,0.0,0,15.5,2.8,-4.06,0,0.0,0.0,0.0,0.0,0.0,0.0,0,0.0,0,0,2,3.0,0.0,0.0,0.0,1.0,1
1,39,1,171,1,1,116.0,1,34,34,0,0,127.0,1,0,0,1,1,0,38,0,0,0,0,0,0.0,0,0,0,0,0,0.0,0,7.6,2.6,0.32,0,0.0,0.0,0.0,0.0,0.0,0.0,0,0.0,0,1,1,3.0,0.0,0.0,0.0,1.0,0
1,44,1,171,1,39,110.0,1,1,1,1,7,114.2,0,0,0,1,1,0,19,0,0,0,0,0,0.0,0,0,0,0,0,0.0,0,12.4,0.5,1.79,0,0.0,0.0,0.0,0.0,0.0,0.0,0,0.0,0,1,1,3.0,0.0,0.0,0.0,1.0,0
1,1,4,9773,1,1,133.0,1,1,19,9,9,119.7,1,0,0,1,1,0,19,0,0,6,7,6,12.333333333333334,0,0,6,10,5,13.2,0,16.2,0.3,-0.92,2,1.0,0.8333333333333334,0.8333333333333334,-0.16666666666666663,0.8666666666666654,12.766666666666666,11,0.9166666666666666,0,0,1,1.1666666666666665,0.9166666666666666,11.702777777777776,5.0,0.8333333333333334,1
1,44,1,9085,1,39,150.0,1,38,37,9,4,150.0,1,0,0,1,1,1,22,0,0,6,9,6,13.428571428571429,0,1,6,12,6,13.625,0,12.4,0.5,1.79,2,1.0,1.0,1.0,0.0,0.19642857142857117,13.526785714285715,12,1.0,0,0,0,0.0,1.0,13.526785714285715,6.0,1.0,1
1,7,1,9991,0,3,130.0,1,19,19,3,9,130.0,0,0,0,0,1,0,32,0,0,5,12,4,14.75,0,0,5,9,2,15.0,0,16.2,0.3,-0.92,0,0.8,0.4,0.32000000000000006,-0.4,0.25,14.875,6,0.6,0,0,2,2.6,0.6,8.924999999999999,2.0,0.6,1
1,43,1,9853,1,1,130.0,1,2,39,2,5,124.6,0,0,0,1,1,0,37,0,19,21,21,21,12.476190476190476,0,13,19,19,19,12.210526315789474,0,12.4,0.5,1.79,2,1.0,1.0,1.0,0.0,-0.26566416040100194,12.343358395989975,40,1.0,-2,0,1,1.0,1.0,12.343358395989975,19.0,1.0,1
1,17,1,9119,1,1,132.0,1,37,37,9,6,119.4,1,0,0,1,1,0,21,0,0,5,8,0,0.0,0,0,5,5,0,0.0,0,7.6,2.6,0.32,0,0.0,0.0,0.0,0.0,0.0,0.0,0,0.0,0,0,1,2.0,0.0,0.0,0.0,1.0,1
1,1,1,9254,1,1,125.0,1,1,3,4,1,121.9,1,0,0,1,1,0,18,0,0,6,15,3,11.666666666666666,0,0,6,14,2,12.5,0,10.8,1.4,1.74,0,0.5,0.3333333333333333,0.16666666666666666,-0.16666666666666669,0.8333333333333339,12.083333333333332,5,0.4166666666666667,0,0,1,1.6666666666666667,0.4166666666666667,5.034722222222222,2.0,0.8333333333333333,1
1,1,3,9070,1,1,118.0,1,43,3,123,123,110.0,1,0,1,1,1,0,19,0,0,6,6,6,12.0,0,0,6,7,6,13.571428571428571,0,8.9,1.4,3.51,2,1.0,1.0,1.0,0.0,1.5714285714285712,12.785714285714285,12,1.0,0,0,2,2.0,1.0,12.785714285714285,6.0,1.0,1
1,17,1,9670,1,1,118.0,1,1,19,4,8,118.7,0,0,0,1,1,1,19,0,0,6,7,6,12.0,0,0,6,6,6,14.0,0,12.4,0.5,1.79,2,1.0,1.0,1.0,0.0,2.0,13.0,12,1.0,0,0,0,0.0,1.0,13.0,6.0,1.0,1
1,1,1,171,1,1,161.0,41,1,1,9,7,163.1,1,0,0,0,0,0,19,1,6,12,12,12,15.25,0,4,11,12,11,15.0,0,8.9,1.4,3.51,2,1.0,1.0,1.0,0.0,-0.25,15.125,23,1.0,-1,0,2,2.0,1.0,15.125,11.0,1.0,1
1,17,1,9773,1,1,136.0,1,19,38,9,9,121.7,1,0,0,1,1,1,19,0,0,6,9,5,12.4,0,0,6,6,6,13.166666666666666,0,12.7,3.7,-1.7,2,0.8333333333333334,1.0,0.8333333333333334,0.16666666666666663,0.7666666666666657,12.783333333333333,11,0.9166666666666666,0,0,0,0.0,0.9166666666666666,11.718055555555555,6.0,0.8333333333333334,1
1,1,1,9773,1,1,124.0,17,1,1,3,5,118.1,1,0,1,0,0,0,19,1,0,6,8,5,12.2,0,0,6,6,4,11.75,0,16.2,0.3,-0.92,0,0.8333333333333334,0.6666666666666666,0.5555555555555556,-0.16666666666666674,-0.4499999999999993,11.975,9,0.75,0,0,3,3.3333333333333335,0.75,8.98125,4.0,0.8333333333333333,1
1,39,1,9991,0,19,133.1,1,37,37,9,6,105.3,0,0,1,1,0,0,28,0,0,5,14,2,10.5,0,0,5,6,0,0.0,0,12.4,0.5,1.79,0,0.4,0.0,0.0,-0.4,-10.5,5.25,2,0.2,0,0,2,3.0,0.2,1.05,0.0,0.6,1
1,1,1,9500,1,1,141.0,1,19,19,7,9,139.8,0,0,0,1,0,1,19,0,0,8,8,7,14.4,0,0,8,8,7,14.4,0,12.7,3.7,-1.7,2,0.875,0.875,0.765625,0.0,0.0,14.4,14,0.875,0,0,0,0.125,0.875,12.6,7.0,1.0,1
2,7,1,8014,0,3,130.0,1,19,38,3,7,130.0,0,0,0,1,0,0,32,0,8,14,18,13,12.846153846153848,0,7,11,19,10,12.8,0,10.8,1.4,1.74,2,0.9285714285714286,0.9090909090909091,0.8441558441558441,-0.019480519480519543,-0.046153846153847766,12.823076923076925,23,0.92,-3,0,1,1.0909090909090908,0.92,11.797230769230772,10.0,0.9805194805194805,1
1,39,1,8014,0,39,110.0,1,19,37,9,8,127.5,0,0,1,0,0,0,26,0,0,6,13,4,12.0,0,0,6,7,5,13.2,0,16.2,0.3,-0.92,0,0.6666666666666666,0.8333333333333334,0.5555555555555556,0.16666666666666674,1.1999999999999993,12.6,9,0.75,0,0,3,3.1666666666666665,0.75,9.45,5.0,0.8333333333333333,1
2,39,1,9147,1,12,133.1,1,37,37,9,9,120.0,0,0,0,1,0,0,25,0,0,5,0,0,0.0,0,0,5,0,0,0.0,0,9.4,-0.8,-3.12,0,0.0,0.0,0.0,0.0,0.0,0.0,0,0.0,0,0,1,2.0,0.0,0.0,0.0,1.0,1
1,17,1,9238,1,1,120.0,1,37,1,9,5,113.4,1,0,0,1,0,1,20,0,0,6,10,5,11.857142857142858,0,0,6,8,6,11.666666666666666,0,12.7,3.7,-1.7,2,0.8333333333333334,1.0,0.8333333333333334,0.16666666666666663,-0.19047619047619158,11.761904761904763,11,0.9166666666666666,0,0,0,0.0,0.9166666666666666,10.781746031746032,6.0,0.8333333333333334,1
1,1,4,9238,1,1,133.1,1,1,37,8,9,118.0,1,0,0,1,0,0,19,0,0,6,0,0,0.0,0,0,6,0,0,0.0,0,12.7,3.7,-1.7,0,0.0,0.0,0.0,0.0,0.0,0.0,0,0.0,0,0,1,2.0,0.0,0.0,0.0,1.0,1
1,1,1,9238,1,1,131.0,1,37,1,9,9,135.9,1,0,0,1,0,0,18,0,0,6,8,5,13.2,0,0,6,6,6,11.333333333333334,0,9.4,-0.8,-3.12,2,0.8333333333333334,1.0,0.8333333333333334,0.16666666666666663,-1.8666666666666654,12.266666666666666,11,0.9166666666666666,0,0,1,1.0,0.9166666666666666,11.244444444444444,6.0,0.8333333333333334,1
1,1,1,9254,1,1,138.0,1,38,19,9,10,133.1,0,0,0,1,0,0,18,0,0,6,6,6,12.5,0,0,6,6,6,12.666666666666666,0,15.5,2.8,-4.06,2,1.0,1.0,1.0,0.0,0.16666666666666607,12.583333333333332,12,1.0,0,0,1,1.0,1.0,12.583333333333332,6.0,1.0,1
1,1,1,9147,1,1,123.0,1,1,1,4,6,118.8,1,0,0,1,0,0,21,0,0,5,9,3,10.666666666666666,0,0,5,13,2,12.5,0,7.6,2.6,0.32,1,0.6,0.4,0.24,-0.19999999999999996,1.833333333333334,11.583333333333332,5,0.5,0,0,1,1.6,0.5,5.791666666666666,2.0,0.8,1
1,1,1,9085,1,1,125.0,1,1,19,4,9,114.5,1,0,0,1,0,0,24,0,0,5,6,5,13.0,1,0,5,9,4,13.25,0,12.7,3.7,-1.7,2,1.0,0.8,0.8,-0.19999999999999996,0.25,13.125,9,0.9,0,0,1,1.2,0.9,11.8125,4.0,0.8,1
1,1,1,9670,1,1,131.0,1,37,37,9,6,127.2,0,0,0,1,0,1,18,0,0,5,7,3,12.666666666666666,0,0,5,5,4,12.5,0,9.4,-0.8,-3.12,1,0.6,0.8,0.48,0.20000000000000007,-0.16666666666666607,12.583333333333332,7,0.7,0,0,0,0.19999999999999996,0.7,8.808333333333332,4.0,0.7999999999999999,1
1,42,1,9500,1,1,100.0,1,3,37,2,6,130.0,1,0,0,1,0,0,25,0,0,14,14,12,13.291666666666666,1,0,14,14,12,13.291666666666666,1,7.6,2.6,0.32,2,0.8571428571428571,0.8571428571428571,0.7346938775510203,0.0,0.0,13.291666666666666,24,0.8571428571428571,0,0,1,1.1428571428571428,0.8571428571428571,11.392857142857142,12.0,1.0,1
1,17,1,9085,1,1,120.0,1,2,3,2,2,116.1,0,0,0,1,0,0,20,0,0,5,12,3,11.666666666666666,2,0,5,11,4,11.5,1,9.4,-0.8,-3.12,2,0.6,0.8,0.48,0.20000000000000007,-0.16666666666666607,11.583333333333332,7,0.7,0,0,1,1.2,0.7,8.108333333333333,4.0,0.7999999999999999,1
1,17,2,9500,1,1,145.0,1,19,37,5,9,130.5,1,0,0,1,0,0,18,0,0,8,8,7,14.24,0,0,8,8,7,14.24,0,10.8,1.4,1.74,2,0.875,0.875,0.765625,0.0,0.0,14.24,14,0.875,0,0,1,1.125,0.875,12.46,7.0,1.0,1
1,39,1,9670,1,1,120.0,1,34,34,0,0,104.0,1,0,0,1,0,0,24,0,0,5,10,3,13.0,0,0,5,11,3,11.333333333333334,0,7.6,2.6,0.32,0,0.6,0.6,0.36,0.0,-1.666666666666666,12.166666666666668,6,0.6,0,0,1,1.4,0.6,7.300000000000001,3.0,1.0,1
1,17,5,9238,1,1,134.0,1,38,37,9,9,126.0,0,0,1,0,0,0,21,0,0,6,10,5,11.833333333333334,0,0,6,10,5,13.2,0,13.9,-0.3,0.79,0,0.8333333333333334,0.8333333333333334,0.6944444444444445,0.0,1.3666666666666654,12.516666666666666,10,0.8333333333333334,0,0,3,3.1666666666666665,0.8333333333333334,10.430555555555555,5.0,1.0,1
1,1,1,9773,1,1,140.0,1,1,19,5,10,141.1,1,0,0,1,0,0,18,0,0,6,6,6,12.833333333333334,0,0,6,6,6,13.333333333333334,0,9.4,-0.8,-3.12,2,1.0,1.0,1.0,0.0,0.5,13.083333333333334,12,1.0,0,0,1,1.0,1.0,13.083333333333334,6.0,1.0,1
1,17,2,9254,1,1,107.0,1,12,19,5,5,102.8,1,0,0,1,0,0,20,0,0,6,16,1,10.0,0,0,6,12,0,0.0,0,10.8,1.4,1.74,0,0.16666666666666666,0.0,0.0,-0.16666666666666666,-10.0,5.0,1,0.08333333333333333,0,0,1,2.0,0.08333333333333333,0.41666666666666663,0.0,0.8333333333333334,1
1,1,1,9500,1,1,127.0,1,3,1,2,9,119.3,1,0,0,1,0,0,20,0,0,7,7,7,14.105714285714289,0,0,8,8,8,13.6625,0,11.1,0.6,2.02,2,1.0,1.0,1.0,0.0,-0.4432142857142889,13.884107142857143,15,1.0,1,0,1,1.0,1.0,13.884107142857143,8.0,1.0,1
1,1,5,9500,1,1,141.0,1,38,19,9,6,126.3,1,0,0,1,0,0,20,0,0,8,12,7,12.471428571428572,0,0,8,12,7,12.471428571428572,0,12.7,3.7,-1.7,2,0.875,0.875,0.765625,0.0,0.0,12.471428571428572,14,0.875,0,0,1,1.125,0.875,10.9125,7.0,1.0,1
1,44,1,9085,1,39,140.0,1,3,1,4,3,140.0,1,0,0,1,0,1,20,0,2,6,11,6,11.833333333333334,0,1,6,17,5,11.857142857142858,0,12.4,0.5,1.79,2,1.0,0.8333333333333334,0.8333333333333334,-0.16666666666666663,0.023809523809523725,11.845238095238095,11,0.9166666666666666,0,0,0,0.16666666666666663,0.9166666666666666,10.85813492063492,5.0,0.8333333333333334,1
1,1,3,9070,1,1,150.0,1,1,1,4,8,131.5,1,0,0,1,0,0,20,0,0,6,6,6,12.5,0,0,6,6,6,12.833333333333334,0,7.6,2.6,0.32,2,1.0,1.0,1.0,0.0,0.3333333333333339,12.666666666666668,12,1.0,0,0,1,1.0,1.0,12.666666666666668,6.0,1.0,1
1,1,1,171,1,1,141.0,1,3,1,4,4,142.8,1,0,0,1,0,0,18,0,0,0,0,0,0.0,0,0,0,0,0,0.0,0,12.4,0.5,1.79,2,0.0,0.0,0.0,0.0,0.0,0.0,0,0.0,0,1,1,3.0,0.0,0.0,0.0,1.0,0
4,39,1,9991,0,1,150.0,1,37,38,9,9,146.2,0,0,0,1,0,0,30,0,0,5,11,3,10.333333333333334,0,0,5,10,4,12.8,0,12.4,0.5,1.79,1,0.6,0.8,0.48,0.20000000000000007,2.466666666666667,11.566666666666666,7,0.7,0,0,1,1.2,0.7,8.096666666666666,4.0,0.7999999999999999,1
1,1,2,9085,1,1,160.0,1,4,19,2,5,162.1,1,0,0,1,0,0,18,0,0,5,8,5,16.166666666666668,2,0,5,9,5,14.285714285714286,1,9.4,-0.8,-3.12,2,1.0,1.0,1.0,0.0,-1.8809523809523814,15.226190476190478,10,1.0,0,0,1,1.0,1.0,15.226190476190478,5.0,1.0,1
1,39,1,9085,1,19,133.1,1,37,37,4,8,140.0,0,0,0,1,0,0,35,0,0,6,11,3,12.666666666666666,0,0,6,7,0,0.0,0,11.1,0.6,2.02,0,0.5,0.0,0.0,-0.5,-12.666666666666666,6.333333333333333,3,0.25,0,0,1,2.0,0.25,1.5833333333333333,0.0,0.5,1
1,39,1,8014,0,1,133.1,1,19,37,7,8,120.0,0,0,1,0,0,0,31,0,0,6,14,2,10.5,0,0,6,6,3,12.333333333333334,0,11.1,0.6,2.02,0,0.3333333333333333,0.5,0.16666666666666666,0.16666666666666669,1.833333333333334,11.416666666666668,5,0.4166666666666667,0,0,3,3.5,0.4166666666666667,4.7569444444444455,3.0,0.8333333333333333,1
1,43,1,9254,1,1,134.0,1,37,37,9,9,133.3,1,0,1,1,0,0,19,0,0,6,13,2,11.5,0,0,6,13,1,11.0,0,7.6,2.6,0.32,0,0.3333333333333333,0.16666666666666666,0.05555555555555555,-0.16666666666666666,-0.5,11.25,3,0.25,0,0,2,2.8333333333333335,0.25,2.8125,1.0,0.8333333333333334,1
1,1,4,9238,1,1,130.0,1,1,19,4,5,124.8,1,0,0,1,0,0,19,0,0,6,6,6,13.0,0,0,6,8,5,13.4,0,8.9,1.4,3.51,2,1.0,0.8333333333333334,0.8333333333333334,-0.16666666666666663,0.40000000000000036,13.2,11,0.9166666666666666,0,0,1,1.1666666666666665,0.9166666666666666,12.1,5.0,0.8333333333333334,1
1,17,4,9500,1,1,140.0,1,19,37,4,8,133.3,1,0,0,1,0,0,19,0,0,7,7,6,11.966666666666669,0,0,7,7,6,11.966666666666669,0,7.6,2.6,0.32,2,0.8571428571428571,0.8571428571428571,0.7346938775510203,0.0,0.0,11.966666666666669,12,0.8571428571428571,0,0,1,1.1428571428571428,0.8571428571428571,10.257142857142858,6.0,1.0,1
1,17,1,9500,1,1,145.0,1,3,3,2,3,141.8,0,0,0,1,0,0,19,0,0,8,8,8,13.3475,0,0,8,8,8,13.3475,0,9.4,-0.8,-3.12,2,1.0,1.0,1.0,0.0,0.0,13.3475,16,1.0,0,0,1,1.0,1.0,13.3475,8.0,1.0,1
1,1,3,9085,1,1,133.0,1,1,38,9,90,128.2,0,0,0,1,0,0,21,0,0,5,7,5,12.0,0,0,5,7,4,12.5,0,7.6,2.6,0.32,2,1.0,0.8,0.8,-0.19999999999999996,0.5,12.25,9,0.9,0,0,1,1.2,0.9,11.025,4.0,0.8,1
1,17,3,9853,1,1,133.1,1,34,34,0,0,115.0,0,0,0,1,0,0,18,0,0,6,10,2,10.5,0,0,6,13,0,0.0,0,7.6,2.6,0.32,0,0.3333333333333333,0.0,0.0,-0.3333333333333333,-10.5,5.25,2,0.16666666666666666,0,0,1,2.0,0.16666666666666666,0.875,0.0,0.6666666666666667,1
1,1,1,9670,1,1,127.0,1,3,19,3,9,127.0,1,0,0,1,1,0,18,0,0,6,9,6,13.571428571428571,0,0,6,11,4,14.0,0,12.4,0.5,1.79,2,1.0,0.6666666666666666,0.6666666666666666,-0.33333333333333337,0.4285714285714288,13.785714285714285,10,0.8333333333333334,0,0,1,1.3333333333333335,0.8333333333333334,11.488095238095237,4.0,0.6666666666666666,1
1,17,1,9085,1,1,134.0,1,19,19,1,1,120.4,1,0,0,1,1,0,18,0,0,6,10,6,14.7,0,0,6,10,6,12.0,0,16.2,0.3,-0.92,2,1.0,1.0,1.0,0.0,-2.6999999999999993,13.35,12,1.0,0,0,1,1.0,1.0,13.35,6.0,1.0,1
1,39,1,9991,0,1,120.0,1,37,37,9,9,120.0,1,0,0,0,1,0,25,0,0,5,5,0,0.0,0,0,5,5,0,0.0,0,9.4,-0.8,-3.12,0,0.0,0.0,0.0,0.0,0.0,0.0,0,0.0,0,0,2,3.0,0.0,0.0,0.0,1.0,1
1,1,3,171,1,1,137.0,1,1,3,5,2,133.9,1,0,0,1,1,0,19,0,0,0,0,0,0.0,0,0,0,0,0,0.0,0,12.7,3.7,-1.7,2,0.0,0.0,0.0,0.0,0.0,0.0,0,0.0,0,1,1,3.0,0.0,0.0,0.0,1.0,0
1,1,6,9500,1,1,118.0,1,38,19,3,3,113.5,1,0,0,1,1,0,18,0,0,7,7,7,13.175714285714289,0,0,8,8,8,14.925,0,12.4,0.5,1.79,2,1.0,1.0,1.0,0.0,1.749285714285712,14.050357142857145,15,1.0,1,0,1,1.0,1.0,14.050357142857145,8.0,1.0,1
1,39,1,9003,1,1,130.0,1,12,12,9,9,126.1,0,0,0,1,1,0,24,0,0,6,7,0,0.0,0,0,6,10,0,0.0,0,12.4,0.5,1.79,0,0.0,0.0,0.0,0.0,0.0,0.0,0,0.0,0,0,1,2.0,0.0,0.0,0.0,1.0,1
5,7,1,9500,1,40,150.0,1,37,37,4,9,150.0,0,0,0,1,0,0,29,0,1,8,11,7,13.742857142857144,0,1,8,11,7,13.742857142857144,0,12.7,3.7,-1.7,2,0.875,0.875,0.765625,0.0,0.0,13.742857142857144,14,0.875,0,0,1,1.125,0.875,12.025,7.0,1.0,1
1,43,1,9991,0,1,161.0,1,37,37,9,9,100.0,1,0,0,1,0,0,27,0,0,5,5,0,0.0,0,0,5,5,0,0.0,0,7.6,2.6,0.32,0,0.0,0.0,0.0,0.0,0.0,0.0,0,0.0,0,0,1,2.0,0.0,0.0,0.0,1.0,1
1,17,6,9500,1,1,143.0,1,38,1,9,10,127.3,1,0,0,1,0,0,18,0,0,7,8,7,12.217142857142855,0,0,8,11,7,12.11875,0,11.1,0.6,2.02,2,1.0,0.875,0.875,-0.125,-0.09839285714285495,12.167946428571428,14,0.9333333333333333,1,0,1,1.125,0.9333333333333333,11.35675,7.0,0.875,1
2,39,1,9853,1,19,133.1,1,37,37,9,9,131.0,0,0,0,1,0,1,32,0,0,7,10,7,13.428571428571429,0,2,8,8,8,13.25,0,13.9,-0.3,0.79,2,1.0,1.0,1.0,0.0,-0.17857142857142883,13.339285714285715,15,1.0,1,0,0,0.0,1.0,13.339285714285715,8.0,1.0,1
1,7,1,9500,1,2,140.0,1,38,37,7,8,140.0,0,0,0,1,0,0,29,0,0,8,14,4,11.325,1,0,8,14,4,11.325,1,12.7,3.7,-1.7,0,0.5,0.5,0.25,0.0,0.0,11.325,8,0.5,0,0,1,1.5,0.5,5.6625,4.0,1.0,1
1,1,1,9500,1,1,131.0,1,1,1,9,9,122.0,0,0,0,1,0,0,19,0,0,8,8,7,15.0,0,0,8,8,7,15.0,0,12.7,3.7,-1.7,2,0.875,0.875,0.765625,0.0,0.0,15.0,14,0.875,0,0,1,1.125,0.875,13.125,7.0,1.0,1
1,39,2,8014,0,1,141.0,1,37,37,9,9,150.5,0,0,0,1,0,0,29,0,0,6,7,6,13.166666666666666,0,0,6,8,6,15.625,0,12.4,0.5,1.79,2,1.0,1.0,1.0,0.0,2.458333333333334,14.395833333333332,12,1.0,0,0,1,1.0,1.0,14.395833333333332,6.0,1.0,1
2,1,1,9238,1,1,145.0,1,37,34,9,7,139.4,0,0,0,0,0,0,27,0,0,6,12,2,11.0,0,0,6,14,4,10.5,0,9.4,-0.8,-3.12,0,0.3333333333333333,0.6666666666666666,0.2222222222222222,0.3333333333333333,-0.5,10.75,6,0.5,0,0,2,2.3333333333333335,0.5,5.375,4.0,0.6666666666666667,1
1,1,1,9238,1,1,122.0,1,19,19,193,194,112.6,0,0,0,1,0,0,19,0,0,6,0,0,0.0,0,0,6,0,0,0.0,0,12.4,0.5,1.79,0,0.0,0.0,0.0,0.0,0.0,0.0,0,0.0,0,0,1,2.0,0.0,0.0,0.0,1.0,1
2,43,1,9147,1,2,120.0,1,37,37,9,9,122.8,0,0,1,0,0,0,42,0,13,13,13,13,11.923076923076923,0,12,12,12,12,12.5,0,15.5,2.8,-4.06,0,1.0,1.0,1.0,0.0,0.5769230769230766,12.211538461538462,25,1.0,-1,0,3,3.0,1.0,12.211538461538462,12.0,1.0,1
1,1,1,9238,1,1,167.0,1,19,19,9,7,156.2,0,0,0,1,0,1,18,0,0,6,6,6,14.333333333333334,0,0,6,7,6,14.142857142857142,0,15.5,2.8,-4.06,2,1.0,1.0,1.0,0.0,-0.19047619047619158,14.238095238095237,12,1.0,0,0,0,0.0,1.0,14.238095238095237,6.0,1.0,1
1,39,1,9085,1,1,150.0,1,38,38,9,9,132.0,1,0,0,1,0,0,24,0,0,5,6,5,12.0,0,0,5,5,5,13.0,0,10.8,1.4,1.74,2,1.0,1.0,1.0,0.0,1.0,12.5,10,1.0,0,0,1,1.0,1.0,12.5,5.0,1.0,1
1,1,1,9147,1,1,151.0,1,37,1,4,10,138.4,0,0,0,1,0,0,18,0,0,5,6,4,11.25,0,0,5,8,5,11.0,0,10.8,1.4,1.74,1,0.8,1.0,0.8,0.19999999999999996,-0.25,11.125,9,0.9,0,0,1,1.0,0.9,10.012500000000001,5.0,0.8,1
1,1,4,9500,1,1,168.0,1,38,1,9,10,166.0,1,0,0,1,0,0,18,0,0,8,8,8,14.88875,0,0,8,8,8,14.88875,0,9.4,-0.8,-3.12,2,1.0,1.0,1.0,0.0,0.0,14.88875,16,1.0,0,0,1,1.0,1.0,14.88875,8.0,1.0,1
1,17,3,9773,1,1,153.0,1,34,34,99,99,133.1,1,0,1,1,0,1,19,0,0,6,8,6,12.166666666666666,0,0,6,8,5,12.4,0,9.4,-0.8,-3.12,0,1.0,0.8333333333333334,0.8333333333333334,-0.16666666666666663,0.23333333333333428,12.283333333333333,11,0.9166666666666666,0,0,1,1.1666666666666665,0.9166666666666666,11.259722222222221,5.0,0.8333333333333334,1
1,1,2,9773,1,1,131.0,1,19,37,9,10,121.9,1,0,0,1,0,1,18,0,0,6,7,6,12.666666666666666,0,0,6,6,6,13.333333333333334,0,11.1,0.6,2.02,2,1.0,1.0,1.0,0.0,0.6666666666666679,13.0,12,1.0,0,0,0,0.0,1.0,13.0,6.0,1.0,1
1,5,4,9853,1,1,116.0,1,3,38,3,8,110.4,1,0,0,1,0,0,21,0,0,6,9,5,12.6,0,0,6,9,3,11.666666666666666,0,9.4,-0.8,-3.12,1,0.8333333333333334,0.5,0.4166666666666667,-0.33333333333333337,-0.9333333333333336,12.133333333333333,8,0.6666666666666666,0,0,1,1.5,0.6666666666666666,8.088888888888889,3.0,0.6666666666666666,1
1,39,1,9147,1,1,160.0,1,38,38,7,9,121.4,0,1,0,1,0,1,26,0,0,5,8,4,13.0,0,0,5,10,4,12.25,2,16.2,0.3,-0.92,2,0.8,0.8,0.6400000000000001,0.0,-0.75,12.625,8,0.8,0,0,0,0.19999999999999996,0.8,10.100000000000001,4.0,1.0,1
1,1,1,9254,1,1,152.0,1,37,19,9,9,137.0,1,0,0,1,0,1,22,0,0,6,9,6,13.875,0,0,6,6,6,14.333333333333334,0,9.4,-0.8,-3.12,2,1.0,1.0,1.0,0.0,0.4583333333333339,14.104166666666668,12,1.0,0,0,0,0.0,1.0,14.104166666666668,6.0,1.0,1
2,39,1,9991,0,1,133.1,1,37,37,6,3,140.0,0,0,1,1,1,0,37,0,0,5,10,4,10.75,0,0,5,12,3,13.333333333333334,0,9.4,-0.8,-3.12,0,0.8,0.6,0.48,-0.20000000000000007,2.583333333333334,12.041666666666668,7,0.7,0,0,2,2.4,0.7,8.429166666666667,3.0,0.7999999999999999,1
1,7,1,9085,1,3,150.0,1,19,37,90,90,140.0,0,0,0,1,1,0,24,0,3,5,10,3,14.666666666666666,1,0,5,5,0,0.0,0,7.6,2.6,0.32,0,0.6,0.0,0.0,-0.6,-14.666666666666666,7.333333333333333,3,0.3,0,0,1,2.0,0.3,2.1999999999999997,0.0,0.4,1
1,17,3,9500,1,1,137.0,1,1,1,4,10,124.8,1,0,0,1,1,1,19,0,0,7,11,6,12.4125,0,0,8,12,7,11.2625,0,15.5,2.8,-4.06,2,0.8571428571428571,0.875,0.75,0.017857142857142905,-1.1500000000000004,11.837499999999999,13,0.8666666666666667,1,0,0,0.125,0.8666666666666667,10.259166666666665,7.0,0.9821428571428571,1
2,39,1,9130,1,19,133.1,1,2,1,8,8,120.0,1,0,1,0,1,0,28,0,0,6,12,1,11.0,0,0,6,9,2,10.5,0,16.2,0.3,-0.92,0,0.16666666666666666,0.3333333333333333,0.05555555555555555,0.16666666666666666,-0.5,10.75,3,0.25,0,0,3,3.666666666666667,0.25,2.6875,2.0,0.8333333333333334,1
1,1,4,9500,1,1,160.0,1,37,37,7,7,133.0,1,0,0,1,1,1,18,0,0,8,8,7,14.314285714285717,0,0,8,8,7,14.314285714285717,0,12.7,3.7,-1.7,2,0.875,0.875,0.765625,0.0,0.0,14.314285714285717,14,0.875,0,0,0,0.125,0.875,12.525000000000002,7.0,1.0,1
1,1,1,9773,1,1,138.0,1,1,19,4,4,131.7,1,0,0,1,1,0,18,0,0,6,6,6,12.833333333333334,0,0,6,7,6,13.285714285714286,0,15.5,2.8,-4.06,2,1.0,1.0,1.0,0.0,0.45238095238095255,13.05952380952381,12,1.0,0,0,1,1.0,1.0,13.05952380952381,6.0,1.0,1
2,43,1,9991,0,1,140.0,1,37,37,4,1,122.7,0,0,0,1,1,0,38,0,0,5,5,5,14.6,0,0,5,6,5,14.333333333333334,0,13.9,-0.3,0.79,2,1.0,1.0,1.0,0.0,-0.2666666666666657,14.466666666666667,10,1.0,0,0,1,1.0,1.0,14.466666666666667,5.0,1.0,1
1,1,1,9070,1,1,124.0,1,37,19,9,4,121.2,0,0,0,1,1,1,20,0,1,6,7,6,13.5,0,1,6,9,5,12.5,0,10.8,1.4,1.74,2,1.0,0.8333333333333334,0.8333333333333334,-0.16666666666666663,-1.0,13.0,11,0.9166666666666666,0,0,0,0.16666666666666663,0.9166666666666666,11.916666666666666,5.0,0.8333333333333334,1
1,1,1,9130,1,1,137.0,1,3,38,3,5,129.3,1,0,0,1,0,0,18,0,0,5,6,5,11.8,1,0,5,8,5,11.6,0,9.4,-0.8,-3.12,2,1.0,1.0,1.0,0.0,-0.20000000000000107,11.7,10,1.0,0,0,1,1.0,1.0,11.7,5.0,1.0,1
4,39,1,9500,1,19,133.1,1,37,37,6,6,117.8,0,0,1,0,0,0,46,0,0,7,14,3,12.333333333333334,0,0,7,12,3,11.083333333333334,0,11.1,0.6,2.02,0,0.42857142857142855,0.42857142857142855,0.18367346938775508,0.0,-1.25,11.708333333333334,6,0.42857142857142855,0,0,3,3.571428571428571,0.42857142857142855,5.017857142857143,3.0,1.0,1
1,43,2,9500,1,1,136.0,1,38,38,9,5,131.3,0,0,0,1,0,0,23,0,11,14,15,12,12.625,1,11,14,15,12,12.625,1,7.6,2.6,0.32,2,0.8571428571428571,0.8571428571428571,0.7346938775510203,0.0,0.0,12.625,24,0.8571428571428571,0,0,1,1.1428571428571428,0.8571428571428571,10.821428571428571,12.0,1.0,1
1,1,1,9070,1,1,132.0,1,1,1,9,9,133.8,1,0,0,1,0,1,20,0,0,6,6,6,13.833333333333334,0,0,6,6,6,13.5,0,16.2,0.3,-0.92,2,1.0,1.0,1.0,0.0,-0.3333333333333339,13.666666666666668,12,1.0,0,0,0,0.0,1.0,13.666666666666668,6.0,1.0,1
1,44,1,9070,1,39,120.0,1,3,38,3,9,120.0,0,0,0,1,1,0,20,0,2,7,7,6,12.5,0,5,9,10,7,13.142857142857142,1,16.2,0.3,-0.92,2,0.8571428571428571,0.7777777777777778,0.6666666666666666,-0.0793650793650793,0.6428571428571423,12.821428571428571,13,0.8125,2,0,1,1.2222222222222223,0.8125,10.417410714285714,7.0,0.9206349206349207,1
1,1,6,9773,1,1,125.0,1,1,1,5,4,122.2,0,0,0,1,1,0,19,0,0,6,7,5,13.6,0,0,6,8,5,12.666666666666666,0,15.5,2.8,-4.06,2,0.8333333333333334,0.8333333333333334,0.6944444444444445,0.0,-0.9333333333333336,13.133333333333333,10,0.8333333333333334,0,0,1,1.1666666666666665,0.8333333333333334,10.944444444444445,5.0,1.0,1
1,1,2,9773,1,1,120.0,105,1,1,9,9,119.0,1,0,1,0,0,0,18,1,0,6,6,6,12.0,0,0,6,6,2,11.0,0,11.1,0.6,2.02,0,1.0,0.3333333333333333,0.3333333333333333,-0.6666666666666667,-1.0,11.5,8,0.6666666666666666,0,0,3,3.666666666666667,0.6666666666666666,7.666666666666666,2.0,0.33333333333333326,1
1,1,1,9500,1,1,154.0,1,37,37,9,9,149.5,1,0,0,1,0,1,30,0,0,7,8,7,14.9125,0,0,8,9,1,13.5,0,13.9,-0.3,0.79,0,1.0,0.125,0.125,-0.875,-1.4124999999999996,14.20625,8,0.5333333333333333,1,0,0,0.875,0.5333333333333333,7.576666666666667,1.0,0.125,1
1,1,1,9147,1,1,180.0,1,37,37,7,4,153.8,1,0,0,1,0,1,20,0,0,5,5,5,13.8,0,0,5,6,5,12.0,0,9.4,-0.8,-3.12,2,1.0,1.0,1.0,0.0,-1.8000000000000007,12.9,10,1.0,0,0,0,0.0,1.0,12.9,5.0,1.0,1
1,10,1,9773,1,1,152.0,22,38,37,5,9,152.0,1,0,0,1,0,0,22,1,0,6,8,6,11.666666666666666,0,0,6,6,6,13.0,0,12.7,3.7,-1.7,2,1.0,1.0,1.0,0.0,1.333333333333334,12.333333333333332,12,1.0,0,0,1,1.0,1.0,12.333333333333332,6.0,1.0,1
